date,campaign_id,campaign_name,impressions,clicks,cost_usd
2024-07-20,101,Brand - Search,34753,1702,309.12
2024-07-21,101,Brand - Search,47136,966,413.55
2024-07-22,101,Brand - Search,62902,3398,431.06
2024-07-23,101,Brand - Search,43304,2414,494.28
2024-07-24,101,Brand - Search,48289,2187,527.43
2024-07-25,101,Brand - Search,27278,890,309.38
2024-07-26,101,Brand - Search,45955,2423,345.2
2024-07-27,101,Brand - Search,40297,985,393.86
2024-07-28,101,Brand - Search,42334,1861,325.92
2024-07-29,101,Brand - Search,36183,1305,318.55
2024-07-30,101,Brand - Search,68385,3014,525.04
2024-07-31,101,Brand - Search,65604,3901,448.0
2024-08-01,101,Brand - Search,37956,1968,392.15
2024-08-02,101,Brand - Search,33835,771,320.64
2024-08-03,101,Brand - Search,32890,1039,387.28
2024-08-04,101,Brand - Search,73116,3780,509.95
2024-08-05,101,Brand - Search,55461,1911,450.46
2024-08-06,101,Brand - Search,38471,1897,348.04
2024-08-07,101,Brand - Search,26099,1326,320.43
2024-08-08,101,Brand - Search,49337,2436,382.22
2024-08-09,101,Brand - Search,59106,2029,547.17
2024-08-10,101,Brand - Search,68659,3165,514.25
2024-08-11,101,Brand - Search,64400,3754,515.39
2024-08-12,101,Brand - Search,51493,2986,391.06
2024-08-13,101,Brand - Search,48042,1663,391.18
2024-08-14,101,Brand - Search,36173,751,424.33
2024-08-15,101,Brand - Search,56071,2518,502.02
2024-08-16,101,Brand - Search,54312,1884,496.88
2024-08-17,101,Brand - Search,47191,2516,348.1
2024-08-18,101,Brand - Search,69983,3213,495.39
2024-08-19,101,Brand - Search,45394,2301,485.45
2024-08-20,101,Brand - Search,43279,1417,391.11
2024-08-21,101,Brand - Search,57019,2453,452.15
2024-08-22,101,Brand - Search,36862,1983,386.97
2024-08-23,101,Brand - Search,42365,1002,382.79
2024-08-24,101,Brand - Search,32893,1110,382.48
2024-08-25,101,Brand - Search,72443,3260,488.9
2024-08-26,101,Brand - Search,47141,2125,374.23
2024-08-27,101,Brand - Search,60934,3439,519.22
2024-08-28,101,Brand - Search,41242,1681,412.33
2024-08-29,101,Brand - Search,71144,2828,544.45
2024-08-30,101,Brand - Search,54390,2061,433.7
2024-08-31,101,Brand - Search,66229,3794,447.55
2024-09-01,101,Brand - Search,46503,1965,523.14
2024-09-02,101,Brand - Search,57464,1870,399.54
2024-09-03,101,Brand - Search,52848,1945,546.61
2024-09-04,101,Brand - Search,67439,3863,554.22
2024-09-05,101,Brand - Search,42653,2069,444.48
2024-09-06,101,Brand - Search,50765,1292,439.97
2024-09-07,101,Brand - Search,49587,2888,341.81
2024-09-08,101,Brand - Search,58381,1274,555.78
2024-09-09,101,Brand - Search,58983,2708,448.4
2024-09-10,101,Brand - Search,30608,1476,317.84
2024-09-11,101,Brand - Search,44338,2640,318.4
2024-09-12,101,Brand - Search,30886,1828,368.62
2024-09-13,101,Brand - Search,56342,2204,503.99
2024-09-14,101,Brand - Search,56926,1259,542.63
2024-09-15,101,Brand - Search,47276,2234,464.05
2024-09-16,101,Brand - Search,57997,1732,551.09
2024-09-17,101,Brand - Search,43931,1016,317.85
2024-09-18,101,Brand - Search,71470,4035,552.19
2024-09-19,101,Brand - Search,48196,1303,516.3
2024-09-20,101,Brand - Search,55665,2873,
2024-09-21,101,Brand - Search,35181,1651,348.56
2024-09-22,101,Brand - Search,48912,2698,368.79
2024-09-23,101,Brand - Search,39106,825,387.54
2024-09-24,101,Brand - Search,35033,1505,414.19
2024-09-25,101,Brand - Search,57893,2555,483.33
2024-09-26,101,Brand - Search,65911,2718,460.32
2024-09-27,101,Brand - Search,55304,1417,528.53
2024-09-28,101,Brand - Search,49043,1431,361.87
2024-09-29,101,Brand - Search,72369,3023,505.38
2024-09-30,101,Brand - Search,42208,1484,341.37
2024-10-01,101,Brand - Search,51729,1519,540.8
2024-10-02,101,Brand - Search,49227,1354,429.75
2024-10-03,101,Brand - Search,50911,1976,401.6
2024-10-04,101,Brand - Search,34860,1277,319.61
2024-10-05,101,Brand - Search,34357,1063,420.7
2024-10-06,101,Brand - Search,78241,4508,551.73
2024-10-07,101,Brand - Search,55390,3184,501.82
2024-10-08,101,Brand - Search,46471,2021,382.4
2024-10-09,101,Brand - Search,40854,1357,418.91
2024-10-10,101,Brand - Search,47103,1594,471.6
2024-10-11,101,Brand - Search,40717,2163,396.33
2024-10-12,101,Brand - Search,36276,1801,446.28
2024-10-13,101,Brand - Search,58506,2327,434.92
2024-10-14,101,Brand - Search,53426,1438,385.05
2024-10-15,101,Brand - Search,42887,2332,376.57
2024-10-16,101,Brand - Search,34645,1430,334.07
2024-10-17,101,Brand - Search,42007,2109,480.83
2024-10-18,101,Brand - Search,52195,1839,449.18
2024-10-19,101,Brand - Search,54947,3283,386.05
2024-10-20,101,Brand - Search,33154,1547,349.71
2024-10-21,101,Brand - Search,69257,2222,503.3
2024-10-22,101,Brand - Search,30504,1069,358.54
2024-10-23,101,Brand - Search,63574,1355,450.63
2024-10-24,101,Brand - Search,41162,1928,327.41
2024-10-25,101,Brand - Search,29180,616,336.4
2024-10-26,101,Brand - Search,47117,1396,473.11
2024-10-27,101,Brand - Search,42220,1750,477.23
2024-10-28,101,Brand - Search,27727,1295,327.74
2024-10-29,101,Brand - Search,57347,2069,510.35
2024-10-30,101,Brand - Search,41541,1293,
2024-10-31,101,Brand - Search,79065,1702,539.97
2024-11-01,101,Brand - Search,65237,2483,487.75
2024-11-02,101,Brand - Search,100555,3812,804.39
2024-11-03,101,Brand - Search,95715,1974,782.52
2024-11-04,101,Brand - Search,96501,4941,680.83
2024-11-05,101,Brand - Search,93813,4940,759.56
2024-11-06,101,Brand - Search,65408,2958,607.96
2024-11-07,101,Brand - Search,84948,2271,828.79
2024-11-08,101,Brand - Search,66436,1590,600.0
2024-11-09,101,Brand - Search,106847,3599,748.47
2024-11-10,101,Brand - Search,96824,4011,885.26
2024-11-11,101,Brand - Search,115921,4662,893.75
2024-11-12,101,Brand - Search,90630,4428,801.11
2024-11-13,101,Brand - Search,49452,2174,579.19
2024-11-14,101,Brand - Search,79116,1954,704.84
2024-11-15,101,Brand - Search,76945,4516,876.16
2024-11-16,101,Brand - Search,61743,3556,619.12
2024-11-17,101,Brand - Search,114466,6662,887.02
2024-11-18,101,Brand - Search,78301,3502,559.43
2024-11-19,101,Brand - Search,74232,1809,609.71
2024-11-20,101,Brand - Search,102033,2477,816.71
2024-11-21,101,Brand - Search,58050,2260,578.07
2024-11-22,101,Brand - Search,58746,2470,582.64
2024-11-23,101,Brand - Search,72705,2764,547.76
2024-11-24,101,Brand - Search,78841,2074,656.22
2024-11-25,101,Brand - Search,75575,3165,858.22
2024-11-26,101,Brand - Search,79766,3824,888.83
2024-11-27,101,Brand - Search,133705,4533,893.11
2024-11-28,101,Brand - Search,109095,4907,747.4
2024-11-29,101,Brand - Search,109559,2352,850.42
2024-11-30,101,Brand - Search,89896,3483,630.55
2024-12-01,101,Brand - Search,67640,1784,667.43
2024-12-02,101,Brand - Search,82411,4556,765.38
2024-12-03,101,Brand - Search,71235,1687,504.48
2024-12-04,101,Brand - Search,92995,4613,829.86
2024-12-05,101,Brand - Search,61443,3559,674.48
2024-12-06,101,Brand - Search,71693,3144,754.37
2024-12-07,101,Brand - Search,62057,2718,573.88
2024-12-08,101,Brand - Search,64873,1797,740.94
2024-12-09,101,Brand - Search,78684,4271,677.55
2024-12-10,101,Brand - Search,99452,3459,726.96
2024-12-11,101,Brand - Search,56236,1180,564.75
2024-12-12,101,Brand - Search,79459,4265,638.31
2024-12-13,101,Brand - Search,75620,3788,584.38
2024-12-14,101,Brand - Search,114218,4933,774.69
2024-12-15,101,Brand - Search,78943,1593,671.43
2024-12-16,101,Brand - Search,56047,1965,489.28
2024-12-17,101,Brand - Search,56880,2597,542.76
2024-12-18,101,Brand - Search,75904,3856,704.46
2024-12-19,101,Brand - Search,72253,3407,508.72
2024-12-20,101,Brand - Search,84936,4889,661.39
2024-12-21,101,Brand - Search,96295,4630,759.53
2024-12-22,101,Brand - Search,123516,3850,868.29
2024-12-23,101,Brand - Search,49308,1704,495.82
2024-12-24,101,Brand - Search,66048,3799,589.66
2024-12-25,101,Brand - Search,60334,3217,565.43
2024-12-26,101,Brand - Search,56637,2380,541.12
2024-12-27,101,Brand - Search,113284,3425,807.28
2024-12-28,101,Brand - Search,97582,2462,883.58
2024-12-29,101,Brand - Search,61144,3208,552.76
2024-12-30,101,Brand - Search,49063,2554,515.24
2024-12-31,101,Brand - Search,78002,1735,829.8
2025-01-01,101,Brand - Search,51463,1131,379.59
2025-01-02,101,Brand - Search,31672,1394,352.19
2025-01-03,101,Brand - Search,23794,990,266.68
2025-01-04,101,Brand - Search,36136,866,440.67
2025-01-05,101,Brand - Search,39100,1157,285.34
2025-01-06,101,Brand - Search,33011,1791,299.95
2025-01-07,101,Brand - Search,34094,1329,301.67
2025-01-08,101,Brand - Search,38633,2016,347.39
2025-01-09,101,Brand - Search,32852,829,284.91
2025-01-10,101,Brand - Search,46631,2794,424.9
2025-01-11,101,Brand - Search,35971,2050,381.52
2025-01-12,101,Brand - Search,37960,1921,304.45
2025-01-13,101,Brand - Search,24594,911,264.77
2025-01-14,101,Brand - Search,32471,1000,317.99
2025-01-15,101,Brand - Search,47350,1815,318.41
2025-01-16,101,Brand - Search,33035,911,338.7
2025-01-17,101,Brand - Search,42159,2337,296.91
2025-01-18,101,Brand - Search,30048,1298,278.84
2025-01-19,101,Brand - Search,33746,758,358.63
2025-01-20,101,Brand - Search,36466,1309,409.32
2025-01-21,101,Brand - Search,51465,1869,402.16
2025-01-22,101,Brand - Search,61288,2402,409.88
2025-01-23,101,Brand - Search,49815,1769,427.74
2025-01-24,101,Brand - Search,60256,1531,449.54
2025-01-25,101,Brand - Search,37935,1510,356.05
2025-01-26,101,Brand - Search,41530,1829,400.79
2025-01-27,101,Brand - Search,32518,1806,292.9
2025-01-28,101,Brand - Search,41831,1302,396.87
2025-01-29,101,Brand - Search,41784,2486,368.95
2025-01-30,101,Brand - Search,44054,1294,304.97
2025-01-31,101,Brand - Search,57680,1589,410.31
2025-02-01,101,Brand - Search,43572,1589,335.77
2025-02-02,101,Brand - Search,35523,1401,265.64
2025-02-03,101,Brand - Search,23547,961,281.7
2025-02-04,101,Brand - Search,41651,1095,304.18
2025-02-05,101,Brand - Search,35403,1299,246.65
2025-02-06,101,Brand - Search,50512,2790,421.21
2025-02-07,101,Brand - Search,37700,1174,438.87
2025-02-08,101,Brand - Search,41358,1976,281.42
2025-02-09,101,Brand - Search,64984,3357,436.23
2025-02-10,101,Brand - Search,62059,2753,425.49
2025-02-11,101,Brand - Search,61380,2385,414.13
2025-02-12,101,Brand - Search,36507,811,288.42
2025-02-13,101,Brand - Search,32735,1708,307.75
2025-02-14,101,Brand - Search,25449,821,248.23
2025-02-15,101,Brand - Search,53877,2113,381.37
2025-02-16,101,Brand - Search,45923,1841,419.19
2025-02-17,101,Brand - Search,29072,1616,310.18
2025-02-18,101,Brand - Search,36430,1513,368.82
2025-02-19,101,Brand - Search,27056,1295,327.64
2025-02-20,101,Brand - Search,52010,1347,424.19
2025-02-21,101,Brand - Search,31168,835,330.7
2025-02-22,101,Brand - Search,43470,2335,304.59
2025-02-23,101,Brand - Search,59247,1440,408.7
2025-02-24,101,Brand - Search,23988,483,288.89
2025-02-25,101,Brand - Search,40932,1744,376.92
2025-02-26,101,Brand - Search,42463,1264,424.37
2025-02-27,101,Brand - Search,33877,1932,414.47
2025-02-28,101,Brand - Search,25984,745,315.58
2025-03-01,101,Brand - Search,45236,1005,325.12
2025-03-02,101,Brand - Search,39125,1111,317.97
2025-03-03,101,Brand - Search,52833,1955,391.24
2025-03-04,101,Brand - Search,49278,1243,494.13
2025-03-05,101,Brand - Search,44626,1110,321.77
2025-03-06,101,Brand - Search,29528,1206,324.51
2025-03-07,101,Brand - Search,55396,2483,483.44
2025-03-08,101,Brand - Search,57283,2528,433.62
2025-03-09,101,Brand - Search,36220,2163,349.89
2025-03-10,101,Brand - Search,53641,1442,420.97
2025-03-11,101,Brand - Search,61874,1633,480.17
2025-03-12,101,Brand - Search,59113,2000,549.38
2025-03-13,101,Brand - Search,69423,3716,480.72
2025-03-14,101,Brand - Search,37755,1488,450.52
2025-03-15,101,Brand - Search,64546,1812,465.82
2025-03-16,101,Brand - Search,53125,2524,425.41
2025-03-17,101,Brand - Search,44672,1096,316.12
2025-03-18,101,Brand - Search,73972,3292,526.64
2025-03-19,101,Brand - Search,46495,1652,445.05
2025-03-20,101,Brand - Search,68595,2647,544.21
2025-03-21,101,Brand - Search,59494,3416,397.54
2025-03-22,101,Brand - Search,78893,2703,544.86
2025-03-23,101,Brand - Search,66831,3777,521.37
2025-03-24,101,Brand - Search,68568,3566,495.74
2025-03-25,101,Brand - Search,58564,1348,454.84
2025-03-26,101,Brand - Search,55116,1307,404.29
2025-03-27,101,Brand - Search,48306,1835,390.07
2025-03-28,101,Brand - Search,29698,1385,322.9
2025-03-29,101,Brand - Search,54158,3047,446.87
2025-03-30,101,Brand - Search,55033,3048,547.18
2025-03-31,101,Brand - Search,55056,1323,440.43
2025-04-01,101,Brand - Search,59836,3444,408.69
2025-04-02,101,Brand - Search,40086,2340,412.28
2025-04-03,101,Brand - Search,63618,1362,434.75
2025-04-04,101,Brand - Search,45767,922,458.89
2025-04-05,101,Brand - Search,63135,2421,431.31
2025-04-06,101,Brand - Search,46376,2552,359.7
2025-04-07,101,Brand - Search,48954,2502,502.04
2025-04-08,101,Brand - Search,56866,2854,506.72
2025-04-09,101,Brand - Search,29597,1050,313.58
2025-04-10,101,Brand - Search,70231,3282,545.66
2025-04-11,101,Brand - Search,67704,1523,518.57
2025-04-12,101,Brand - Search,71561,2048,536.56
2025-04-13,101,Brand - Search,51245,1084,459.06
2025-04-14,101,Brand - Search,53408,2408,513.09
2025-04-15,101,Brand - Search,75173,3086,517.93
2025-04-16,101,Brand - Search,33960,832,420.91
2025-04-17,101,Brand - Search,45784,1880,493.32
2025-04-18,101,Brand - Search,47089,1337,347.39
2025-04-19,101,Brand - Search,56105,2803,504.92
2025-04-20,101,Brand - Search,58666,2352,397.62
2025-04-21,101,Brand - Search,44694,1437,409.89
2025-04-22,101,Brand - Search,44164,1155,479.18
2025-04-23,101,Brand - Search,52572,2755,555.2
2025-04-24,101,Brand - Search,39605,959,325.67
2025-04-25,101,Brand - Search,41153,1832,-39.798
2025-04-26,101,Brand - Search,30320,1529,305.1
2025-04-27,101,Brand - Search,67883,2924,501.81
2025-04-28,101,Brand - Search,55285,1803,500.61
2025-04-29,101,Brand - Search,55573,1406,515.59
2025-04-30,101,Brand - Search,49215,2493,552.98
2025-05-01,101,Brand - Search,50214,2257,358.45
2025-05-02,101,Brand - Search,67237,3609,550.03
2025-05-03,101,Brand - Search,61658,2241,433.25
2025-05-04,101,Brand - Search,68380,3885,545.98
2025-05-05,101,Brand - Search,33270,1865,315.22
2025-05-06,101,Brand - Search,44132,1623,373.84
2025-05-07,101,Brand - Search,25419,1006,306.65
2025-05-08,101,Brand - Search,57231,1893,402.64
2025-05-09,101,Brand - Search,30506,1111,345.16
2025-05-10,101,Brand - Search,80079,3316,560.7
2025-05-11,101,Brand - Search,54257,2697,439.43
2025-05-12,101,Brand - Search,46418,2553,318.66
2025-05-13,101,Brand - Search,44119,1818,425.73
2025-05-14,101,Brand - Search,44507,1112,435.36
2025-05-15,101,Brand - Search,70168,3227,493.11
2025-05-16,101,Brand - Search,41985,1155,379.71
2025-05-17,101,Brand - Search,53478,1824,
2025-05-18,101,Brand - Search,62219,2367,472.9
2025-05-19,101,Brand - Search,36946,1945,339.91
2025-05-20,101,Brand - Search,40933,1266,376.94
2025-05-21,101,Brand - Search,41429,1621,400.32
2025-05-22,101,Brand - Search,71336,1919,520.12
2025-05-23,101,Brand - Search,38071,1797,365.82
2025-05-24,101,Brand - Search,65191,1867,495.76
2025-05-25,101,Brand - Search,54011,2350,362.18
2025-05-26,101,Brand - Search,47387,2120,502.59
2025-05-27,101,Brand - Search,43379,1637,380.65
2025-05-28,101,Brand - Search,55536,2752,527.97
2025-05-29,101,Brand - Search,47043,2552,384.42
2025-05-30,101,Brand - Search,39859,2354,364.85
2025-05-31,101,Brand - Search,73697,3246,519.59
2025-06-01,101,Brand - Search,36109,1972,401.44
2025-06-02,101,Brand - Search,48536,2774,333.97
2025-06-03,101,Brand - Search,74211,3448,551.49
2025-06-04,101,Brand - Search,56021,2422,405.27
2025-06-05,101,Brand - Search,39133,969,437.46
2025-06-06,101,Brand - Search,43048,2070,479.82
2025-06-07,101,Brand - Search,37145,1576,417.4
2025-06-08,101,Brand - Search,76150,2278,510.09
2025-06-09,101,Brand - Search,46259,1826,406.09
2025-06-10,101,Brand - Search,37677,888,365.49
2025-06-11,101,Brand - Search,67864,1694,453.18
2025-06-12,101,Brand - Search,57501,1904,491.76
2025-06-13,101,Brand - Search,58242,1417,390.79
2025-06-14,101,Brand - Search,53794,3106,457.45
2025-06-15,101,Brand - Search,29305,1624,357.06
2025-06-16,101,Brand - Search,42239,1047,388.75
2025-06-17,101,Brand - Search,34780,1643,362.99
2025-06-18,101,Brand - Search,31661,1141,339.16
2025-06-19,101,Brand - Search,34087,2042,408.63
2025-06-20,101,Brand - Search,70407,3385,523.46
2025-06-21,101,Brand - Search,51630,2767,407.33
2025-06-22,101,Brand - Search,69685,3562,491.31
2025-06-23,101,Brand - Search,71149,3684,494.78
2025-06-24,101,Brand - Search,45065,1070,390.63
2025-06-25,101,Brand - Search,51575,1478,413.26
2025-06-26,101,Brand - Search,46949,1374,454.37
2025-06-27,101,Brand - Search,48373,1866,397.81
2025-06-28,101,Brand - Search,56398,2577,420.05
2025-06-29,101,Brand - Search,40182,835,456.5
2025-06-30,101,Brand - Search,35497,1637,401.19
2025-07-01,101,Brand - Search,69373,2619,527.09
2025-07-02,101,Brand - Search,67897,2773,522.09
2025-07-03,101,Brand - Search,42814,890,461.77
2025-07-04,101,Brand - Search,80285,3240,
2025-07-05,101,Brand - Search,61548,1475,-45.499
2025-07-06,101,Brand - Search,66730,1968,491.94
2025-07-07,101,Brand - Search,61482,3560,451.07
2025-07-08,101,Brand - Search,37326,1833,411.66
2025-07-09,101,Brand - Search,53136,1894,464.1
2025-07-10,101,Brand - Search,44969,1586,311.35
2025-07-11,101,Brand - Search,27548,1201,315.78
2025-07-12,101,Brand - Search,41822,2078,313.31
2025-07-13,101,Brand - Search,38194,1231,305.31
2025-07-14,101,Brand - Search,53151,1215,379.83
2025-07-15,101,Brand - Search,60602,1422,412.72
2025-07-16,101,Brand - Search,45332,1323,462.35
2025-07-17,101,Brand - Search,50910,1871,391.97
2025-07-18,101,Brand - Search,70775,3999,490.33
2025-07-19,101,Brand - Search,43455,1967,443.69
2025-07-20,101,Brand - Search,34112,1095,328.12
2025-07-21,101,Brand - Search,65860,2349,552.47
2025-07-22,101,Brand - Search,44206,1822,377.68
2025-07-23,101,Brand - Search,60667,3579,527.9
2025-07-24,101,Brand - Search,38885,1437,317.39
2025-07-25,101,Brand - Search,43741,2619,383.28
2025-07-26,101,Brand - Search,59451,2454,407.73
2025-07-27,101,Brand - Search,34553,813,406.21
2025-07-28,101,Brand - Search,47304,1492,529.47
2025-07-29,101,Brand - Search,34007,958,400.42
2025-07-30,101,Brand - Search,39856,1015,362.67
2025-07-31,101,Brand - Search,52193,2489,462.99
2025-08-01,101,Brand - Search,34563,1323,356.51
2025-08-02,101,Brand - Search,41928,1072,408.09
2025-08-03,101,Brand - Search,46015,1617,433.89
2025-08-04,101,Brand - Search,42802,1183,511.36
2025-08-05,101,Brand - Search,57700,1298,553.34
2025-08-06,101,Brand - Search,31021,1831,364.01
2025-08-07,101,Brand - Search,35183,846,383.93
2025-08-08,101,Brand - Search,61769,3460,518.43
2025-08-09,101,Brand - Search,44396,1816,405.28
2025-08-10,101,Brand - Search,54388,1633,468.02
2025-08-11,101,Brand - Search,65673,2779,449.25
2025-08-12,101,Brand - Search,35566,2112,418.07
2025-08-13,101,Brand - Search,24923,831,309.61
2025-08-14,101,Brand - Search,56706,3202,544.45
2025-08-15,101,Brand - Search,55397,2351,530.22
2025-08-16,101,Brand - Search,56657,2697,402.1
2025-08-17,101,Brand - Search,59266,2666,483.2
2025-08-18,101,Brand - Search,68723,2182,487.38
2025-08-19,101,Brand - Search,35857,1841,347.08
2025-08-20,101,Brand - Search,57212,2409,527.25
2025-08-21,101,Brand - Search,68429,3489,512.1
2025-08-22,101,Brand - Search,55629,1406,440.87
2025-08-23,101,Brand - Search,35749,1366,440.87
2025-08-24,101,Brand - Search,46969,2513,331.43
2025-08-25,101,Brand - Search,66447,1669,458.78
2025-08-26,101,Brand - Search,52900,2558,485.07
2025-08-27,101,Brand - Search,73351,4252,504.76
2025-08-28,101,Brand - Search,64144,2374,445.18
2025-08-29,101,Brand - Search,57659,3142,492.44
2025-08-30,101,Brand - Search,45848,2474,344.38
2025-08-31,101,Brand - Search,44980,2056,491.9
2025-09-01,101,Brand - Search,47941,2829,519.84
2025-09-02,101,Brand - Search,35362,1606,385.12
2025-09-03,101,Brand - Search,37875,1407,310.38
2025-09-04,101,Brand - Search,55454,2185,551.95
2025-09-05,101,Brand - Search,34197,1556,309.63
2025-09-06,101,Brand - Search,36324,1798,349.62
2025-09-07,101,Brand - Search,40221,1042,413.29
2025-09-08,101,Brand - Search,41400,1589,308.68
2025-09-09,101,Brand - Search,32689,1590,379.47
2025-09-10,101,Brand - Search,54651,2032,530.43
2025-09-11,101,Brand - Search,55178,1959,553.49
2025-09-12,101,Brand - Search,50136,1777,411.3
2025-09-13,101,Brand - Search,73500,2290,545.97
2025-09-14,101,Brand - Search,46524,2329,325.79
2025-09-15,101,Brand - Search,50293,1364,397.49
2025-09-16,101,Brand - Search,51170,2149,394.5
2025-09-17,101,Brand - Search,55179,2040,466.01
2025-09-18,101,Brand - Search,54944,3268,428.26
2025-09-19,101,Brand - Search,52839,1715,362.71
2025-09-20,101,Brand - Search,44295,2594,439.38
2025-09-21,101,Brand - Search,49608,2626,483.89
2025-09-22,101,Brand - Search,54181,2040,458.16
2025-09-23,101,Brand - Search,56104,1597,417.83
2025-09-24,101,Brand - Search,43088,1425,341.32
2025-09-25,101,Brand - Search,34367,803,363.83
2025-09-26,101,Brand - Search,52031,2736,410.7
2025-09-27,101,Brand - Search,32526,937,387.07
2025-09-28,101,Brand - Search,36444,774,336.64
2025-09-29,101,Brand - Search,59783,3051,499.33
2025-09-30,101,Brand - Search,77081,2447,542.17
2025-10-01,101,Brand - Search,35530,1937,335.27
2025-10-02,101,Brand - Search,65654,2243,532.74
2025-10-03,101,Brand - Search,44290,1085,455.93
2025-10-04,101,Brand - Search,25499,1443,309.99
2025-10-05,101,Brand - Search,48704,2558,452.98
2025-10-06,101,Brand - Search,40851,1959,455.41
2025-10-07,101,Brand - Search,51629,3020,418.26
2025-10-08,101,Brand - Search,46197,1260,317.27
2025-10-09,101,Brand - Search,34053,1769,330.92
2025-10-10,101,Brand - Search,32163,1602,385.02
2025-10-11,101,Brand - Search,61810,3101,467.69
2025-10-12,101,Brand - Search,56564,3028,549.4
2025-10-13,101,Brand - Search,48131,1038,421.66
2025-10-14,101,Brand - Search,66606,2368,534.82
2025-10-15,101,Brand - Search,31572,1079,322.51
2025-10-16,101,Brand - Search,64190,2238,470.34
2025-10-17,101,Brand - Search,31893,1742,381.93
2025-10-18,101,Brand - Search,49329,2369,360.51
2025-10-19,101,Brand - Search,37701,944,394.08
2025-10-20,101,Brand - Search,47856,2812,
2025-10-21,101,Brand - Search,46248,2374,474.49
2025-10-22,101,Brand - Search,64090,2639,463.75
2025-10-23,101,Brand - Search,45475,1251,488.65
2025-10-24,101,Brand - Search,45926,1855,325.92
2025-10-25,101,Brand - Search,48391,1909,337.99
2025-10-26,101,Brand - Search,29475,686,348.74
2025-10-27,101,Brand - Search,47612,2549,449.68
2025-10-28,101,Brand - Search,60147,2072,506.25
2025-10-29,101,Brand - Search,68466,2679,500.29
2025-10-30,101,Brand - Search,65703,2319,479.88
2025-10-31,101,Brand - Search,42449,1601,447.25
2025-11-01,101,Brand - Search,53420,2799,601.14
2025-11-02,101,Brand - Search,92980,5205,747.24
2025-11-03,101,Brand - Search,89546,2806,824.25
2025-11-04,101,Brand - Search,99946,5829,707.2
2025-11-05,101,Brand - Search,96376,4123,887.98
2025-11-06,101,Brand - Search,59627,3044,536.86
2025-11-07,101,Brand - Search,49548,1657,555.21
2025-11-08,101,Brand - Search,51772,1224,562.71
2025-11-09,101,Brand - Search,58811,3339,647.28
2025-11-10,101,Brand - Search,40625,1235,495.36
2025-11-11,101,Brand - Search,118960,3645,849.86
2025-11-12,101,Brand - Search,67153,2055,508.98
2025-11-13,101,Brand - Search,93875,3672,867.45
2025-11-14,101,Brand - Search,76887,4353,562.71
2025-11-15,101,Brand - Search,111347,3967,832.7
2025-11-16,101,Brand - Search,42272,1756,517.75
2025-11-17,101,Brand - Search,75385,2677,820.41
2025-11-18,101,Brand - Search,83804,1922,663.76
2025-11-19,101,Brand - Search,46864,1946,507.99
2025-11-20,101,Brand - Search,98316,4024,665.64
2025-11-21,101,Brand - Search,79779,1662,857.44
2025-11-22,101,Brand - Search,93801,2245,840.41
2025-11-23,101,Brand - Search,86910,2674,724.85
2025-11-24,101,Brand - Search,117983,4510,855.05
2025-11-25,101,Brand - Search,58884,3301,585.02
2025-11-26,101,Brand - Search,79277,2089,655.18
2025-11-27,101,Brand - Search,109110,6093,734.71
2025-11-28,101,Brand - Search,63740,2751,650.92
2025-11-29,101,Brand - Search,96058,2235,721.36
2025-11-30,101,Brand - Search,116866,3144,783.28
2025-12-01,101,Brand - Search,75394,4139,660.52
2025-12-02,101,Brand - Search,44356,1477,545.08
2025-12-03,101,Brand - Search,82576,2193,852.24
2025-12-04,101,Brand - Search,64779,3098,785.16
2025-12-05,101,Brand - Search,75390,3971,681.73
2025-12-06,101,Brand - Search,73756,2268,646.53
2025-12-07,101,Brand - Search,112939,5683,829.49
2025-12-08,101,Brand - Search,56189,2238,506.44
2025-12-09,101,Brand - Search,103650,2766,700.81
2025-12-10,101,Brand - Search,99804,3561,750.94
2025-12-11,101,Brand - Search,50467,2512,595.78
2025-12-12,101,Brand - Search,68650,2202,623.48
2025-12-13,101,Brand - Search,91960,4277,626.4
2025-12-14,101,Brand - Search,94202,4884,852.69
2025-12-15,101,Brand - Search,77102,4486,843.06
2025-12-16,101,Brand - Search,64045,2291,531.84
2025-12-17,101,Brand - Search,79636,3621,785.53
2025-12-18,101,Brand - Search,65923,2895,777.19
2025-12-19,101,Brand - Search,74783,1938,708.55
2025-12-20,101,Brand - Search,70110,2696,533.51
2025-12-21,101,Brand - Search,85609,4478,856.89
2025-12-22,101,Brand - Search,55047,1274,553.99
2025-12-23,101,Brand - Search,118249,4439,836.55
2025-12-24,101,Brand - Search,86860,3305,629.14
2025-12-25,101,Brand - Search,66876,2817,560.32
2025-12-26,101,Brand - Search,105759,6338,801.5
2025-12-27,101,Brand - Search,85198,2753,581.06
2025-12-28,101,Brand - Search,90302,3523,788.07
2025-12-29,101,Brand - Search,50480,2182,504.13
2025-12-30,101,Brand - Search,58497,1910,544.32
2025-12-31,101,Brand - Search,66202,3182,704.61
2026-01-01,101,Brand - Search,26645,1570,317.76
2026-01-02,101,Brand - Search,53233,2841,402.53
2026-01-03,101,Brand - Search,24621,537,273.7
2026-01-04,101,Brand - Search,39107,1009,296.58
2026-01-05,101,Brand - Search,50108,2679,442.19
2026-01-06,101,Brand - Search,43000,1525,364.07
2026-01-07,101,Brand - Search,41548,2197,381.24
2026-01-08,101,Brand - Search,25859,1103,299.41
2026-01-09,101,Brand - Search,25738,1542,277.3
2026-01-10,101,Brand - Search,41469,1517,403.16
2026-01-11,101,Brand - Search,34900,1107,349.64
2026-01-12,101,Brand - Search,27703,745,290.86
2026-01-13,101,Brand - Search,56461,3349,423.86
2026-01-14,101,Brand - Search,34432,1374,373.43
2026-01-15,101,Brand - Search,53150,2800,432.29
2026-01-16,101,Brand - Search,26442,1551,294.15
2026-01-17,101,Brand - Search,49117,2090,345.92
2026-01-18,101,Brand - Search,40005,1544,309.41
2026-01-19,101,Brand - Search,36987,2213,274.75
2026-01-20,101,Brand - Search,53313,2736,419.85
2026-01-21,101,Brand - Search,32821,1848,409.42
2026-01-22,101,Brand - Search,21152,964,249.55
2026-01-23,101,Brand - Search,36282,2157,272.53
2026-01-24,101,Brand - Search,35285,1099,394.62
2026-01-25,101,Brand - Search,49907,1974,407.61
2026-01-26,101,Brand - Search,27541,913,300.63
2026-01-27,101,Brand - Search,32396,1663,320.31
2026-01-28,101,Brand - Search,28055,1138,284.6
2026-01-29,101,Brand - Search,37416,811,335.94
2026-01-30,101,Brand - Search,46452,2609,340.03
2026-01-31,101,Brand - Search,42482,1939,407.02
2026-02-01,101,Brand - Search,36041,2092,320.13
2026-02-02,101,Brand - Search,44371,1709,349.85
2026-02-03,101,Brand - Search,44827,950,374.83
2026-02-04,101,Brand - Search,38152,1556,293.86
2026-02-05,101,Brand - Search,37359,826,408.74
2026-02-06,101,Brand - Search,46555,2081,382.76
2026-02-07,101,Brand - Search,39630,2273,408.85
2026-02-08,101,Brand - Search,61311,3139,427.96
2026-02-09,101,Brand - Search,41739,2418,298.47
2026-02-10,101,Brand - Search,62984,3202,442.57
2026-02-11,101,Brand - Search,26322,1098,289.11
2026-02-12,101,Brand - Search,50132,2053,430.28
2026-02-13,101,Brand - Search,34582,1313,390.67
2026-02-14,101,Brand - Search,30982,903,314.03
2026-02-15,101,Brand - Search,61032,3078,412.51
2026-02-16,101,Brand - Search,51399,1741,441.6
2026-02-17,101,Brand - Search,43859,1028,442.21
2026-02-18,101,Brand - Search,52022,2012,363.79
2026-02-19,101,Brand - Search,40333,1466,325.55
2026-02-20,101,Brand - Search,37510,955,364.94
2026-02-21,101,Brand - Search,48075,2369,366.31
2026-02-22,101,Brand - Search,31249,1505,365.54
2026-02-23,101,Brand - Search,24081,921,292.24
2026-02-24,101,Brand - Search,43239,1573,406.48
2026-02-25,101,Brand - Search,45315,1857,390.06
2026-02-26,101,Brand - Search,45726,2052,437.98
2026-02-27,101,Brand - Search,36867,1275,274.85
2026-02-28,101,Brand - Search,47981,2704,393.28
2026-03-01,101,Brand - Search,28677,1655,332.22
2026-03-02,101,Brand - Search,59152,2300,436.36
2026-03-03,101,Brand - Search,42342,1445,317.09
2026-03-04,101,Brand - Search,53359,2429,430.64
2026-03-05,101,Brand - Search,61481,1754,504.63
2026-03-06,101,Brand - Search,43754,2396,495.72
2026-03-07,101,Brand - Search,76153,2867,559.4
2026-03-08,101,Brand - Search,57539,1198,404.43
2026-03-09,101,Brand - Search,53406,1859,538.09
2026-03-10,101,Brand - Search,41084,2009,381.48
2026-03-11,101,Brand - Search,61128,1779,563.69
2026-03-12,101,Brand - Search,46202,2214,379.62
2026-03-13,101,Brand - Search,58656,2826,481.53
2026-03-14,101,Brand - Search,66553,3071,472.57
2026-03-15,101,Brand - Search,70061,3522,560.23
2026-03-16,101,Brand - Search,43367,2199,319.16
2026-03-17,101,Brand - Search,38038,948,417.52
2026-03-18,101,Brand - Search,49385,1963,378.89
2026-03-19,101,Brand - Search,63416,3269,443.89
2026-03-20,101,Brand - Search,36482,823,451.91
2026-03-21,101,Brand - Search,42714,1849,459.49
2026-03-22,101,Brand - Search,58510,3102,454.17
2026-03-23,101,Brand - Search,42789,2527,416.22
2026-03-24,101,Brand - Search,43959,1794,413.03
2026-03-25,101,Brand - Search,41575,1452,483.26
2026-03-26,101,Brand - Search,43281,2422,329.94
2026-03-27,101,Brand - Search,66229,2386,545.93
2026-03-28,101,Brand - Search,53602,1561,524.2
2026-03-29,101,Brand - Search,30609,784,361.01
2026-03-30,101,Brand - Search,59515,1278,537.41
2026-03-31,101,Brand - Search,40719,853,406.18
2026-04-01,101,Brand - Search,44640,1672,327.14
2026-04-02,101,Brand - Search,48258,1641,536.76
2026-04-03,101,Brand - Search,66107,3713,549.32
2026-04-04,101,Brand - Search,63743,3039,529.87
2026-04-05,101,Brand - Search,53567,2828,550.31
2026-04-06,101,Brand - Search,44792,1499,529.77
2026-04-07,101,Brand - Search,57800,2147,435.07
2026-04-08,101,Brand - Search,35057,929,431.92
2026-04-09,101,Brand - Search,45037,2649,397.87
2026-04-10,101,Brand - Search,50498,1044,384.06
2026-04-11,101,Brand - Search,60836,2034,447.36
2026-04-12,101,Brand - Search,34928,1393,364.26
2026-04-13,101,Brand - Search,66788,2165,460.55
2026-04-14,101,Brand - Search,42096,1474,466.94
2026-04-15,101,Brand - Search,47305,1677,353.53
2026-04-16,101,Brand - Search,57485,2109,481.6
2026-04-17,101,Brand - Search,46527,2505,487.37
2026-04-18,101,Brand - Search,53147,2183,507.16
2026-04-19,101,Brand - Search,69929,3799,511.12
2026-04-20,101,Brand - Search,72065,3415,524.76
2026-04-21,101,Brand - Search,53337,1293,356.1
2026-04-22,101,Brand - Search,37843,767,363.63
2026-04-23,101,Brand - Search,54228,1697,372.4
2026-04-24,101,Brand - Search,67206,1613,477.74
2026-04-25,101,Brand - Search,62866,3567,481.16
2026-04-26,101,Brand - Search,41701,1810,331.09
2026-04-27,101,Brand - Search,57769,3327,484.24
2026-04-28,101,Brand - Search,56972,2049,532.68
2026-04-29,101,Brand - Search,51388,1629,359.21
2026-04-30,101,Brand - Search,45159,2695,560.24
2026-05-01,101,Brand - Search,36734,830,382.3
2026-05-02,101,Brand - Search,56314,2438,509.41
2026-05-03,101,Brand - Search,57825,2600,410.06
2026-05-04,101,Brand - Search,53693,2765,517.68
2026-05-05,101,Brand - Search,49122,1119,334.58
2026-05-06,101,Brand - Search,44628,1423,457.95
2026-05-07,101,Brand - Search,36224,1225,437.59
2026-05-08,101,Brand - Search,50150,2658,371.1
2026-05-09,101,Brand - Search,56176,2083,446.51
2026-05-10,101,Brand - Search,47892,1704,344.54
2026-05-11,101,Brand - Search,61111,3627,412.23
2026-05-12,101,Brand - Search,54114,2798,390.37
2026-05-13,101,Brand - Search,46691,2688,388.47
2026-05-14,101,Brand - Search,45446,1774,411.63
2026-05-15,101,Brand - Search,47643,1237,538.64
2026-05-16,101,Brand - Search,68297,3263,456.47
2026-05-17,101,Brand - Search,57911,1489,427.14
2026-05-18,101,Brand - Search,55380,1500,444.47
2026-05-19,101,Brand - Search,39166,1823,379.22
2026-05-20,101,Brand - Search,44081,2102,547.97
2026-05-21,101,Brand - Search,66346,2526,460.19
2026-05-22,101,Brand - Search,59483,1422,512.25
2026-05-23,101,Brand - Search,61181,3527,477.11
2026-05-24,101,Brand - Search,30372,1776,349.97
2026-05-25,101,Brand - Search,39617,917,381.12
2026-05-26,101,Brand - Search,38363,1257,390.83
2026-05-27,101,Brand - Search,40634,1010,451.06
2026-05-28,101,Brand - Search,66269,3330,444.25
2026-05-29,101,Brand - Search,39412,2067,406.99
2026-05-30,101,Brand - Search,64917,2695,535.47
2026-05-31,101,Brand - Search,52489,1596,365.67
2026-06-01,101,Brand - Search,52807,2999,423.37
2026-06-02,101,Brand - Search,51192,2683,358.97
2026-06-03,101,Brand - Search,37898,2152,348.97
2026-06-04,101,Brand - Search,46534,2780,473.92
2026-06-05,101,Brand - Search,49252,1146,442.84
2026-06-06,101,Brand - Search,37844,1547,336.72
2026-06-07,101,Brand - Search,44781,1937,520.54
2026-06-08,101,Brand - Search,51320,2116,368.35
2026-06-09,101,Brand - Search,57008,2493,515.56
2026-06-10,101,Brand - Search,32903,909,359.61
2026-06-11,101,Brand - Search,42063,1495,421.98
2026-06-12,101,Brand - Search,40687,2420,500.18
2026-06-13,101,Brand - Search,54827,2886,555.47
2026-06-14,101,Brand - Search,41504,1040,336.2
2026-06-15,101,Brand - Search,57555,2476,396.91
2026-06-16,101,Brand - Search,35576,972,411.47
2026-06-17,101,Brand - Search,44911,1999,529.74
2026-06-18,101,Brand - Search,47230,1634,560.97
2026-06-19,101,Brand - Search,42099,2519,434.19
2026-06-20,101,Brand - Search,80716,2320,554.05
2026-06-21,101,Brand - Search,63691,2339,531.15
2026-06-22,101,Brand - Search,56687,2829,486.96
2026-06-23,101,Brand - Search,40890,1148,309.62
2026-06-24,101,Brand - Search,66125,3782,485.23
2026-06-25,101,Brand - Search,42984,1271,340.67
2026-06-26,101,Brand - Search,39090,1745,475.32
2026-06-27,101,Brand - Search,71674,1789,507.62
2026-06-28,101,Brand - Search,27406,1319,321.07
2026-06-29,101,Brand - Search,66400,3393,487.99
2026-06-30,101,Brand - Search,45552,1017,369.96
2026-07-01,101,Brand - Search,30927,1762,350.89
2026-07-02,101,Brand - Search,31322,1361,304.52
2026-07-03,101,Brand - Search,49038,2211,403.14
2026-07-04,101,Brand - Search,60809,1762,502.36
2026-07-05,101,Brand - Search,37467,1727,341.4
2026-07-06,101,Brand - Search,61666,2601,477.06
2026-07-07,101,Brand - Search,52156,1858,363.66
2026-07-08,101,Brand - Search,65081,3030,498.75
2026-07-09,101,Brand - Search,71969,3909,503.47
2026-07-10,101,Brand - Search,72006,3963,549.69
2026-07-11,101,Brand - Search,58431,2286,559.77
2026-07-12,101,Brand - Search,40972,1500,433.41
2026-07-13,101,Brand - Search,56639,3094,407.7
2026-07-14,101,Brand - Search,48794,2436,474.03
2026-07-15,101,Brand - Search,53977,1595,445.07
2026-07-16,101,Brand - Search,59274,2661,501.66
2026-07-17,101,Brand - Search,58395,2465,422.9
2026-07-18,101,Brand - Search,57021,2285,452.63
2026-07-19,101,Brand - Search,49479,2498,493.63
2024-07-20,102,Generic - Search,90278,4313,1049.34
2024-07-21,102,Generic - Search,105574,4710,1299.65
2024-07-22,102,Generic - Search,149137,3191,1366.33
2024-07-23,102,Generic - Search,123854,4602,1122.64
2024-07-24,102,Generic - Search,120726,3472,1091.82
2024-07-25,102,Generic - Search,130330,3144,906.98
2024-07-26,102,Generic - Search,97496,3021,1072.74
2024-07-27,102,Generic - Search,129258,5250,1166.88
2024-07-28,102,Generic - Search,136582,2830,1128.66
2024-07-29,102,Generic - Search,106673,5051,1200.57
2024-07-30,102,Generic - Search,76173,2336,857.75
2024-07-31,102,Generic - Search,128466,7166,1230.1
2024-08-01,102,Generic - Search,175835,10124,1419.25
2024-08-02,102,Generic - Search,97807,2807,930.61
2024-08-03,102,Generic - Search,129869,4890,1464.7
2024-08-04,102,Generic - Search,126511,5537,874.11
2024-08-05,102,Generic - Search,136844,7191,962.57
2024-08-06,102,Generic - Search,158943,6698,1290.65
2024-08-07,102,Generic - Search,109804,3833,1281.15
2024-08-08,102,Generic - Search,134029,6077,1000.1
2024-08-09,102,Generic - Search,128408,7505,1389.47
2024-08-10,102,Generic - Search,104693,5012,1225.64
2024-08-11,102,Generic - Search,126370,4533,1143.97
2024-08-12,102,Generic - Search,173496,8083,1505.06
2024-08-13,102,Generic - Search,216454,6724,1517.87
2024-08-14,102,Generic - Search,153123,4296,1296.94
2024-08-15,102,Generic - Search,203164,8578,1394.58
2024-08-16,102,Generic - Search,188146,5385,1334.8
2024-08-17,102,Generic - Search,84634,4243,861.23
2024-08-18,102,Generic - Search,125740,5079,1419.17
2024-08-19,102,Generic - Search,100691,2737,1076.93
2024-08-20,102,Generic - Search,139310,6816,
2024-08-21,102,Generic - Search,139596,5645,1408.04
2024-08-22,102,Generic - Search,181276,9708,1250.96
2024-08-23,102,Generic - Search,172968,6149,1433.26
2024-08-24,102,Generic - Search,108004,6473,985.15
2024-08-25,102,Generic - Search,131713,5510,1360.67
2024-08-26,102,Generic - Search,99562,2391,1009.41
2024-08-27,102,Generic - Search,146482,4477,1350.66
2024-08-28,102,Generic - Search,92231,4484,1054.67
2024-08-29,102,Generic - Search,168145,9494,1139.75
2024-08-30,102,Generic - Search,151561,5723,1373.61
2024-08-31,102,Generic - Search,139577,7283,1495.88
2024-09-01,102,Generic - Search,162341,7206,1468.93
2024-09-02,102,Generic - Search,119598,3018,957.13
2024-09-03,102,Generic - Search,120843,4065,1463.77
2024-09-04,102,Generic - Search,154803,5499,1145.08
2024-09-05,102,Generic - Search,154447,6989,1089.28
2024-09-06,102,Generic - Search,141848,5529,1204.2
2024-09-07,102,Generic - Search,115912,3115,964.58
2024-09-08,102,Generic - Search,126899,6272,1056.57
2024-09-09,102,Generic - Search,118119,3892,1371.53
2024-09-10,102,Generic - Search,153298,9047,1158.31
2024-09-11,102,Generic - Search,152411,7144,1023.39
2024-09-12,102,Generic - Search,107159,2263,1200.02
2024-09-13,102,Generic - Search,173329,8893,1352.78
2024-09-14,102,Generic - Search,121880,5633,1126.68
2024-09-15,102,Generic - Search,78730,3266,857.24
2024-09-16,102,Generic - Search,180268,6418,1297.65
2024-09-17,102,Generic - Search,100248,3924,1047.84
2024-09-18,102,Generic - Search,182236,9820,1520.88
2024-09-19,102,Generic - Search,108734,5153,986.09
2024-09-20,102,Generic - Search,131688,5887,956.11
2024-09-21,102,Generic - Search,114397,6706,1276.02
2024-09-22,102,Generic - Search,68290,1489,845.11
2024-09-23,102,Generic - Search,132259,7547,1174.2
2024-09-24,102,Generic - Search,106214,4889,1055.81
2024-09-25,102,Generic - Search,148763,6790,1166.51
2024-09-26,102,Generic - Search,164378,3325,1317.83
2024-09-27,102,Generic - Search,116204,5426,1091.92
2024-09-28,102,Generic - Search,186686,9634,1382.55
2024-09-29,102,Generic - Search,148827,8901,1415.86
2024-09-30,102,Generic - Search,114057,4596,851.81
2024-10-01,102,Generic - Search,138105,4396,1103.74
2024-10-02,102,Generic - Search,207289,6507,1392.0
2024-10-03,102,Generic - Search,91347,3636,888.74
2024-10-04,102,Generic - Search,105524,3457,943.45
2024-10-05,102,Generic - Search,178958,5965,1402.13
2024-10-06,102,Generic - Search,98017,5843,915.57
2024-10-07,102,Generic - Search,72945,2224,860.94
2024-10-08,102,Generic - Search,110254,4873,911.88
2024-10-09,102,Generic - Search,122460,6498,1422.13
2024-10-10,102,Generic - Search,160811,7828,1229.24
2024-10-11,102,Generic - Search,131694,2864,1032.26
2024-10-12,102,Generic - Search,127041,5813,1150.8
2024-10-13,102,Generic - Search,153384,4784,1300.58
2024-10-14,102,Generic - Search,135686,7140,925.97
2024-10-15,102,Generic - Search,129350,4694,1236.14
2024-10-16,102,Generic - Search,114933,3151,896.25
2024-10-17,102,Generic - Search,106890,5268,1029.13
2024-10-18,102,Generic - Search,145444,6943,986.53
2024-10-19,102,Generic - Search,187995,6070,1386.0
2024-10-20,102,Generic - Search,168941,9524,1237.47
2024-10-21,102,Generic - Search,143701,3819,1093.35
2024-10-22,102,Generic - Search,136014,5847,1093.94
2024-10-23,102,Generic - Search,107391,2785,1047.73
2024-10-24,102,Generic - Search,106885,2611,866.46
2024-10-25,102,Generic - Search,170931,9555,1213.73
2024-10-26,102,Generic - Search,93252,2772,1128.28
2024-10-27,102,Generic - Search,202501,9867,1428.63
2024-10-28,102,Generic - Search,163629,3673,1112.71
2024-10-29,102,Generic - Search,143631,7137,1364.65
2024-10-30,102,Generic - Search,170758,5581,1315.76
2024-10-31,102,Generic - Search,178776,9501,1411.02
2024-11-01,102,Generic - Search,160760,7032,1775.86
2024-11-02,102,Generic - Search,191379,9190,1538.68
2024-11-03,102,Generic - Search,162609,4542,1631.05
2024-11-04,102,Generic - Search,149961,8360,1437.07
2024-11-05,102,Generic - Search,318874,11036,2407.91
2024-11-06,102,Generic - Search,227776,10354,2227.38
2024-11-07,102,Generic - Search,161044,7789,1948.88
2024-11-08,102,Generic - Search,197447,10832,2242.75
2024-11-09,102,Generic - Search,168162,3586,1614.01
2024-11-10,102,Generic - Search,116261,5120,1439.78
2024-11-11,102,Generic - Search,153986,6891,1898.3
2024-11-12,102,Generic - Search,157211,7837,1561.54
2024-11-13,102,Generic - Search,223820,7337,
2024-11-14,102,Generic - Search,197439,11688,2175.79
2024-11-15,102,Generic - Search,180969,8595,1650.43
2024-11-16,102,Generic - Search,292801,11755,2352.93
2024-11-17,102,Generic - Search,135950,4209,1605.65
2024-11-18,102,Generic - Search,354196,15434,2365.07
2024-11-19,102,Generic - Search,256717,11642,1833.87
2024-11-20,102,Generic - Search,177322,6095,1890.01
2024-11-21,102,Generic - Search,175005,8280,1393.87
2024-11-22,102,Generic - Search,142735,6399,1414.98
2024-11-23,102,Generic - Search,192062,5955,1683.91
2024-11-24,102,Generic - Search,270959,11570,-212.008
2024-11-25,102,Generic - Search,267469,11267,1982.36
2024-11-26,102,Generic - Search,156992,3638,1817.05
2024-11-27,102,Generic - Search,234364,7533,2290.83
2024-11-28,102,Generic - Search,113125,2809,1404.61
2024-11-29,102,Generic - Search,215380,7957,1773.66
2024-11-30,102,Generic - Search,165905,6842,1509.8
2024-12-01,102,Generic - Search,241141,10373,1767.64
2024-12-02,102,Generic - Search,260241,11929,1901.69
2024-12-03,102,Generic - Search,317201,11897,2161.34
2024-12-04,102,Generic - Search,199044,10670,2213.35
2024-12-05,102,Generic - Search,196486,5303,1448.03
2024-12-06,102,Generic - Search,153654,7004,1564.52
2024-12-07,102,Generic - Search,259988,9227,2226.94
2024-12-08,102,Generic - Search,168626,8410,1778.77
2024-12-09,102,Generic - Search,204958,11942,2173.89
2024-12-10,102,Generic - Search,199004,9410,2278.23
2024-12-11,102,Generic - Search,134404,4178,1574.02
2024-12-12,102,Generic - Search,185439,3912,1351.16
2024-12-13,102,Generic - Search,173729,6531,1568.95
2024-12-14,102,Generic - Search,186835,9637,1366.61
2024-12-15,102,Generic - Search,245465,5114,1868.97
2024-12-16,102,Generic - Search,275661,15084,2257.94
2024-12-17,102,Generic - Search,180352,9972,2014.24
2024-12-18,102,Generic - Search,304024,17554,2104.37
2024-12-19,102,Generic - Search,295864,8634,2018.93
2024-12-20,102,Generic - Search,147877,3667,1395.33
2024-12-21,102,Generic - Search,211666,11864,2354.41
2024-12-22,102,Generic - Search,263706,14486,2081.65
2024-12-23,102,Generic - Search,264491,6045,2156.02
2024-12-24,102,Generic - Search,239182,6673,2069.73
2024-12-25,102,Generic - Search,229594,8071,1624.85
2024-12-26,102,Generic - Search,234409,4883,2111.95
2024-12-27,102,Generic - Search,213838,9967,1437.2
2024-12-28,102,Generic - Search,138869,3823,1646.95
2024-12-29,102,Generic - Search,164931,9452,1591.48
2024-12-30,102,Generic - Search,173634,5859,1442.8
2024-12-31,102,Generic - Search,218361,4551,1694.24
2025-01-01,102,Generic - Search,92537,2723,
2025-01-02,102,Generic - Search,76577,2025,680.56
2025-01-03,102,Generic - Search,112032,5078,1215.29
2025-01-04,102,Generic - Search,121272,4123,955.14
2025-01-05,102,Generic - Search,144367,6360,1132.93
2025-01-06,102,Generic - Search,83058,3794,977.43
2025-01-07,102,Generic - Search,149307,3131,1135.96
2025-01-08,102,Generic - Search,75616,3689,831.38
2025-01-09,102,Generic - Search,148831,3620,1159.86
2025-01-10,102,Generic - Search,98835,4839,941.98
2025-01-11,102,Generic - Search,140109,3306,1069.36
2025-01-12,102,Generic - Search,90022,2704,1099.29
2025-01-13,102,Generic - Search,117822,4138,1178.78
2025-01-14,102,Generic - Search,92705,2725,1117.26
2025-01-15,102,Generic - Search,102421,3691,864.58
2025-01-16,102,Generic - Search,89061,5106,882.13
2025-01-17,102,Generic - Search,121750,4560,1165.16
2025-01-18,102,Generic - Search,96218,3449,831.28
2025-01-19,102,Generic - Search,140771,7700,992.91
2025-01-20,102,Generic - Search,79258,2335,861.87
2025-01-21,102,Generic - Search,95112,4502,720.69
2025-01-22,102,Generic - Search,110501,2518,911.31
2025-01-23,102,Generic - Search,65446,1521,686.16
2025-01-24,102,Generic - Search,140069,3795,1043.2
2025-01-25,102,Generic - Search,125260,7504,902.6
2025-01-26,102,Generic - Search,114326,4961,957.74
2025-01-27,102,Generic - Search,116239,6465,888.14
2025-01-28,102,Generic - Search,114175,6305,827.65
2025-01-29,102,Generic - Search,133479,7087,927.54
2025-01-30,102,Generic - Search,87067,3820,835.48
2025-01-31,102,Generic - Search,89250,2275,831.13
2025-02-01,102,Generic - Search,110781,2280,1135.74
2025-02-02,102,Generic - Search,98476,5898,1035.96
2025-02-03,102,Generic - Search,97900,2481,693.75
2025-02-04,102,Generic - Search,147913,7970,1045.77
2025-02-05,102,Generic - Search,131935,3510,987.82
2025-02-06,102,Generic - Search,106430,2601,1119.37
2025-02-07,102,Generic - Search,87441,5146,662.97
2025-02-08,102,Generic - Search,97109,5507,967.97
2025-02-09,102,Generic - Search,131126,3177,1182.84
2025-02-10,102,Generic - Search,91394,4227,722.88
2025-02-11,102,Generic - Search,86163,4660,749.38
2025-02-12,102,Generic - Search,166262,7243,1132.42
2025-02-13,102,Generic - Search,84570,4906,1013.62
2025-02-14,102,Generic - Search,136159,5198,1158.85
2025-02-15,102,Generic - Search,170295,3533,1156.09
2025-02-16,102,Generic - Search,137978,7913,986.64
2025-02-17,102,Generic - Search,121024,6197,837.69
2025-02-18,102,Generic - Search,67771,2845,807.0
2025-02-19,102,Generic - Search,149048,4288,1067.95
2025-02-20,102,Generic - Search,117055,5778,1152.67
2025-02-21,102,Generic - Search,129334,3982,1053.0
2025-02-22,102,Generic - Search,146494,3588,1199.93
2025-02-23,102,Generic - Search,93697,3397,942.14
2025-02-24,102,Generic - Search,75459,1525,872.05
2025-02-25,102,Generic - Search,136875,4451,1143.65
2025-02-26,102,Generic - Search,156386,9150,1178.46
2025-02-27,102,Generic - Search,80311,3324,943.76
2025-02-28,102,Generic - Search,102940,3107,973.03
2025-03-01,102,Generic - Search,143040,6281,962.8
2025-03-02,102,Generic - Search,96200,3654,994.86
2025-03-03,102,Generic - Search,89826,4881,866.86
2025-03-04,102,Generic - Search,88311,2325,826.49
2025-03-05,102,Generic - Search,130903,3786,1002.17
2025-03-06,102,Generic - Search,151727,5532,1124.22
2025-03-07,102,Generic - Search,124830,6365,944.89
2025-03-08,102,Generic - Search,87417,2853,1080.47
2025-03-09,102,Generic - Search,91514,2393,856.56
2025-03-10,102,Generic - Search,206903,11509,1479.58
2025-03-11,102,Generic - Search,151074,7379,1096.71
2025-03-12,102,Generic - Search,99952,2779,
2025-03-13,102,Generic - Search,107182,2717,1249.76
2025-03-14,102,Generic - Search,188814,7503,1462.12
2025-03-15,102,Generic - Search,175731,6331,1211.61
2025-03-16,102,Generic - Search,210654,10077,1482.26
2025-03-17,102,Generic - Search,163641,4693,1348.75
2025-03-18,102,Generic - Search,125191,5600,1381.61
2025-03-19,102,Generic - Search,135674,7906,1141.53
2025-03-20,102,Generic - Search,149811,3092,1150.16
2025-03-21,102,Generic - Search,94847,3071,1066.59
2025-03-22,102,Generic - Search,144045,7963,1303.05
2025-03-23,102,Generic - Search,146498,6962,1293.07
2025-03-24,102,Generic - Search,201750,5662,1420.37
2025-03-25,102,Generic - Search,150344,3563,1316.23
2025-03-26,102,Generic - Search,178220,4960,1289.31
2025-03-27,102,Generic - Search,99302,3720,1042.21
2025-03-28,102,Generic - Search,130927,5885,1143.69
2025-03-29,102,Generic - Search,81203,4793,825.41
2025-03-30,102,Generic - Search,171512,8083,1436.88
2025-03-31,102,Generic - Search,115141,6835,929.07
2025-04-01,102,Generic - Search,163721,4872,1234.43
2025-04-02,102,Generic - Search,168420,5070,1256.35
2025-04-03,102,Generic - Search,140106,5880,1207.62
2025-04-04,102,Generic - Search,104699,2870,1036.6
2025-04-05,102,Generic - Search,88197,3784,1032.21
2025-04-06,102,Generic - Search,117297,6852,886.37
2025-04-07,102,Generic - Search,77746,2927,866.41
2025-04-08,102,Generic - Search,194767,6137,1441.68
2025-04-09,102,Generic - Search,165701,4372,1105.13
2025-04-10,102,Generic - Search,120146,7199,1398.44
2025-04-11,102,Generic - Search,120482,4912,1221.69
2025-04-12,102,Generic - Search,124044,4711,1346.34
2025-04-13,102,Generic - Search,128760,3009,1394.05
2025-04-14,102,Generic - Search,218719,11276,1467.27
2025-04-15,102,Generic - Search,130522,3383,1234.59
2025-04-16,102,Generic - Search,204619,4856,1484.97
2025-04-17,102,Generic - Search,127071,5451,939.52
2025-04-18,102,Generic - Search,107072,5861,1045.06
2025-04-19,102,Generic - Search,183705,8539,1424.4
2025-04-20,102,Generic - Search,102976,3848,1233.15
2025-04-21,102,Generic - Search,168272,5380,1440.13
2025-04-22,102,Generic - Search,201977,6403,1396.98
2025-04-23,102,Generic - Search,142365,7426,1290.49
2025-04-24,102,Generic - Search,119094,3182,1194.63
2025-04-25,102,Generic - Search,179730,6282,1459.69
2025-04-26,102,Generic - Search,156109,6377,1313.4
2025-04-27,102,Generic - Search,124066,5717,1001.85
2025-04-28,102,Generic - Search,73070,3568,871.0
2025-04-29,102,Generic - Search,193815,9181,1435.3
2025-04-30,102,Generic - Search,135146,2815,1126.58
2025-05-01,102,Generic - Search,80053,4319,923.64
2025-05-02,102,Generic - Search,98012,5553,1050.77
2025-05-03,102,Generic - Search,134123,7944,1333.6
2025-05-04,102,Generic - Search,90882,1820,1113.88
2025-05-05,102,Generic - Search,159979,7413,1209.53
2025-05-06,102,Generic - Search,94288,4148,
2025-05-07,102,Generic - Search,103087,2697,1176.37
2025-05-08,102,Generic - Search,114533,2413,1308.92
2025-05-09,102,Generic - Search,137673,7689,1220.74
2025-05-10,102,Generic - Search,100666,2384,1221.15
2025-05-11,102,Generic - Search,172693,5697,1294.76
2025-05-12,102,Generic - Search,140262,3365,1392.03
2025-05-13,102,Generic - Search,117690,4278,1115.71
2025-05-14,102,Generic - Search,186481,5120,1371.43
2025-05-15,102,Generic - Search,128718,2830,1083.13
2025-05-16,102,Generic - Search,141293,5746,1061.15
2025-05-17,102,Generic - Search,92706,3092,1017.16
2025-05-18,102,Generic - Search,123972,4201,1202.99
2025-05-19,102,Generic - Search,141277,4460,1298.07
2025-05-20,102,Generic - Search,77235,2189,890.16
2025-05-21,102,Generic - Search,121065,3197,886.64
2025-05-22,102,Generic - Search,117801,6466,1027.46
2025-05-23,102,Generic - Search,170135,3864,1404.75
2025-05-24,102,Generic - Search,109232,4234,1116.3
2025-05-25,102,Generic - Search,103609,4304,983.35
2025-05-26,102,Generic - Search,160142,3758,1488.59
2025-05-27,102,Generic - Search,121175,4929,895.53
2025-05-28,102,Generic - Search,147432,8572,1296.87
2025-05-29,102,Generic - Search,128208,5071,1376.31
2025-05-30,102,Generic - Search,94836,4437,898.46
2025-05-31,102,Generic - Search,178334,4046,1259.93
2025-06-01,102,Generic - Search,161064,5034,1237.92
2025-06-02,102,Generic - Search,73494,2517,854.33
2025-06-03,102,Generic - Search,120845,4464,1268.7
2025-06-04,102,Generic - Search,141719,6641,967.1
2025-06-05,102,Generic - Search,115092,5282,1089.46
2025-06-06,102,Generic - Search,103590,3299,1002.11
2025-06-07,102,Generic - Search,181924,9538,1408.97
2025-06-08,102,Generic - Search,99632,4847,871.79
2025-06-09,102,Generic - Search,127843,6739,1063.85
2025-06-10,102,Generic - Search,136127,7231,1331.93
2025-06-11,102,Generic - Search,119152,5335,1488.07
2025-06-12,102,Generic - Search,176858,3709,1247.49
2025-06-13,102,Generic - Search,115276,6895,1386.52
2025-06-14,102,Generic - Search,104851,2713,1127.73
2025-06-15,102,Generic - Search,108412,5627,944.82
2025-06-16,102,Generic - Search,167936,4748,1518.06
2025-06-17,102,Generic - Search,142635,3578,1399.8
2025-06-18,102,Generic - Search,124489,3959,1110.43
2025-06-19,102,Generic - Search,118105,4464,1080.07
2025-06-20,102,Generic - Search,141045,5702,1211.72
2025-06-21,102,Generic - Search,104116,2961,849.41
2025-06-22,102,Generic - Search,190975,8446,1328.07
2025-06-23,102,Generic - Search,136375,8008,1273.43
2025-06-24,102,Generic - Search,104674,3342,1269.71
2025-06-25,102,Generic - Search,133890,5781,1076.33
2025-06-26,102,Generic - Search,93590,5287,949.57
2025-06-27,102,Generic - Search,87103,2759,852.77
2025-06-28,102,Generic - Search,128387,2940,1067.71
2025-06-29,102,Generic - Search,117835,3338,962.76
2025-06-30,102,Generic - Search,173597,7178,1468.71
2025-07-01,102,Generic - Search,215911,12568,1490.24
2025-07-02,102,Generic - Search,86884,3839,1003.55
2025-07-03,102,Generic - Search,119319,6740,839.53
2025-07-04,102,Generic - Search,156260,4027,1107.77
2025-07-05,102,Generic - Search,150385,8261,1316.15
2025-07-06,102,Generic - Search,135520,5563,1093.79
2025-07-07,102,Generic - Search,125853,6752,885.05
2025-07-08,102,Generic - Search,147685,3589,1382.39
2025-07-09,102,Generic - Search,136033,2889,1189.02
2025-07-10,102,Generic - Search,190671,8013,1285.54
2025-07-11,102,Generic - Search,79805,1854,963.34
2025-07-12,102,Generic - Search,138209,5883,1366.62
2025-07-13,102,Generic - Search,163831,7959,1189.43
2025-07-14,102,Generic - Search,102407,4698,1171.25
2025-07-15,102,Generic - Search,122032,6069,1500.87
2025-07-16,102,Generic - Search,144998,7105,993.58
2025-07-17,102,Generic - Search,111417,5100,1207.94
2025-07-18,102,Generic - Search,78712,2378,834.42
2025-07-19,102,Generic - Search,167216,9133,1224.92
2025-07-20,102,Generic - Search,121926,5305,1106.9
2025-07-21,102,Generic - Search,70907,3137,854.18
2025-07-22,102,Generic - Search,195041,7704,1436.78
2025-07-23,102,Generic - Search,146711,5618,1050.91
2025-07-24,102,Generic - Search,113242,5096,1401.74
2025-07-25,102,Generic - Search,108891,3297,945.63
2025-07-26,102,Generic - Search,123299,7073,830.59
2025-07-27,102,Generic - Search,176208,3567,1492.13
2025-07-28,102,Generic - Search,134378,2786,1116.63
2025-07-29,102,Generic - Search,158392,7602,1151.56
2025-07-30,102,Generic - Search,121444,4716,1124.18
2025-07-31,102,Generic - Search,104845,3480,1130.93
2025-08-01,102,Generic - Search,155702,3455,1047.77
2025-08-02,102,Generic - Search,89594,3561,1063.64
2025-08-03,102,Generic - Search,96370,3881,827.57
2025-08-04,102,Generic - Search,171156,7351,1281.07
2025-08-05,102,Generic - Search,99401,2470,865.04
2025-08-06,102,Generic - Search,80450,3844,984.37
2025-08-07,102,Generic - Search,123374,5484,1040.18
2025-08-08,102,Generic - Search,137609,4411,1159.22
2025-08-09,102,Generic - Search,168728,9468,1504.76
2025-08-10,102,Generic - Search,82068,4050,876.76
2025-08-11,102,Generic - Search,133102,5692,1489.82
2025-08-12,102,Generic - Search,77731,1677,961.04
2025-08-13,102,Generic - Search,139136,4682,1038.55
2025-08-14,102,Generic - Search,142745,7117,965.26
2025-08-15,102,Generic - Search,118117,3484,1285.78
2025-08-16,102,Generic - Search,127832,5097,1299.1
2025-08-17,102,Generic - Search,173736,3928,1447.94
2025-08-18,102,Generic - Search,133146,4660,1498.2
2025-08-19,102,Generic - Search,71209,4119,832.14
2025-08-20,102,Generic - Search,189561,10200,1397.69
2025-08-21,102,Generic - Search,117968,5760,1125.0
2025-08-22,102,Generic - Search,187814,4302,1274.21
2025-08-23,102,Generic - Search,103306,2961,969.15
2025-08-24,102,Generic - Search,168941,5418,1403.67
2025-08-25,102,Generic - Search,133033,7040,906.24
2025-08-26,102,Generic - Search,87858,3968,870.01
2025-08-27,102,Generic - Search,87336,2442,1025.44
2025-08-28,102,Generic - Search,151068,4767,1477.44
2025-08-29,102,Generic - Search,144187,4106,1431.11
2025-08-30,102,Generic - Search,94001,2672,934.53
2025-08-31,102,Generic - Search,102537,3029,1132.76
2025-09-01,102,Generic - Search,116576,6564,1384.45
2025-09-02,102,Generic - Search,159555,7157,1322.34
2025-09-03,102,Generic - Search,173820,4282,1193.93
2025-09-04,102,Generic - Search,205323,4166,1507.26
2025-09-05,102,Generic - Search,185198,9152,1499.13
2025-09-06,102,Generic - Search,111571,2875,867.51
2025-09-07,102,Generic - Search,94513,4091,1051.33
2025-09-08,102,Generic - Search,164045,6996,1163.63
2025-09-09,102,Generic - Search,122402,6728,1281.03
2025-09-10,102,Generic - Search,101076,3622,1114.84
2025-09-11,102,Generic - Search,174827,6936,1213.85
2025-09-12,102,Generic - Search,122999,3602,936.86
2025-09-13,102,Generic - Search,187831,9097,1489.39
2025-09-14,102,Generic - Search,144817,3688,1081.83
2025-09-15,102,Generic - Search,126448,5295,1410.66
2025-09-16,102,Generic - Search,86666,3882,925.64
2025-09-17,102,Generic - Search,136381,3655,1041.34
2025-09-18,102,Generic - Search,85591,5062,974.06
2025-09-19,102,Generic - Search,149656,8069,1097.92
2025-09-20,102,Generic - Search,132426,5621,957.41
2025-09-21,102,Generic - Search,88766,2583,907.88
2025-09-22,102,Generic - Search,129177,6807,983.44
2025-09-23,102,Generic - Search,89041,3736,1089.14
2025-09-24,102,Generic - Search,113572,4722,1091.59
2025-09-25,102,Generic - Search,94801,4012,1153.72
2025-09-26,102,Generic - Search,168972,7445,1363.69
2025-09-27,102,Generic - Search,130362,4917,991.61
2025-09-28,102,Generic - Search,122004,6519,945.3
2025-09-29,102,Generic - Search,125976,4305,1286.39
2025-09-30,102,Generic - Search,108160,5884,903.55
2025-10-01,102,Generic - Search,91486,5288,926.38
2025-10-02,102,Generic - Search,104672,4727,
2025-10-03,102,Generic - Search,96711,5113,864.67
2025-10-04,102,Generic - Search,115702,2638,1308.26
2025-10-05,102,Generic - Search,117120,5574,1445.76
2025-10-06,102,Generic - Search,103045,2311,981.98
2025-10-07,102,Generic - Search,218429,4979,1506.04
2025-10-08,102,Generic - Search,150827,7136,1495.33
2025-10-09,102,Generic - Search,152764,5643,1332.74
2025-10-10,102,Generic - Search,138009,8149,-134.862
2025-10-11,102,Generic - Search,221671,10619,1496.39
2025-10-12,102,Generic - Search,149499,7864,1072.35
2025-10-13,102,Generic - Search,113850,4389,1201.33
2025-10-14,102,Generic - Search,121685,2503,969.67
2025-10-15,102,Generic - Search,149558,6108,1224.29
2025-10-16,102,Generic - Search,131793,7336,1346.07
2025-10-17,102,Generic - Search,144865,5308,1152.78
2025-10-18,102,Generic - Search,89620,5145,964.83
2025-10-19,102,Generic - Search,130495,4579,1453.45
2025-10-20,102,Generic - Search,203958,4797,1399.0
2025-10-21,102,Generic - Search,114737,3301,961.25
2025-10-22,102,Generic - Search,89824,2388,1081.97
2025-10-23,102,Generic - Search,100760,4672,1126.51
2025-10-24,102,Generic - Search,114047,5363,1210.48
2025-10-25,102,Generic - Search,111646,2691,1050.78
2025-10-26,102,Generic - Search,103585,3878,1151.03
2025-10-27,102,Generic - Search,128093,4900,1491.26
2025-10-28,102,Generic - Search,143060,8017,1353.11
2025-10-29,102,Generic - Search,137202,6838,1145.75
2025-10-30,102,Generic - Search,170008,9950,1245.39
2025-10-31,102,Generic - Search,167433,8939,1438.03
2025-11-01,102,Generic - Search,245002,9903,1898.03
2025-11-02,102,Generic - Search,204480,5552,2026.47
2025-11-03,102,Generic - Search,128525,3206,1358.95
2025-11-04,102,Generic - Search,155929,4826,1948.08
2025-11-05,102,Generic - Search,313414,9577,2267.19
2025-11-06,102,Generic - Search,160702,3944,1831.36
2025-11-07,102,Generic - Search,140600,7136,1350.67
2025-11-08,102,Generic - Search,222198,10936,1718.78
2025-11-09,102,Generic - Search,295353,9222,2349.54
2025-11-10,102,Generic - Search,216764,8035,2031.82
2025-11-11,102,Generic - Search,209424,12016,2129.32
2025-11-12,102,Generic - Search,170509,10134,1730.6
2025-11-13,102,Generic - Search,218899,11320,2008.26
2025-11-14,102,Generic - Search,226873,8436,2269.07
2025-11-15,102,Generic - Search,204880,10188,2334.75
2025-11-16,102,Generic - Search,193019,8451,1684.39
2025-11-17,102,Generic - Search,248561,13169,1690.44
2025-11-18,102,Generic - Search,157449,7135,1527.96
2025-11-19,102,Generic - Search,251580,14921,1920.26
2025-11-20,102,Generic - Search,277896,13205,2038.95
2025-11-21,102,Generic - Search,222727,10628,1891.56
2025-11-22,102,Generic - Search,333660,18579,2354.76
2025-11-23,102,Generic - Search,179214,10337,1554.58
2025-11-24,102,Generic - Search,140177,5423,1469.51
2025-11-25,102,Generic - Search,141863,6266,1523.17
2025-11-26,102,Generic - Search,221293,5244,2172.73
2025-11-27,102,Generic - Search,123874,7327,1398.1
2025-11-28,102,Generic - Search,192212,6662,2124.92
2025-11-29,102,Generic - Search,252268,12383,1796.37
2025-11-30,102,Generic - Search,273455,10365,1832.15
2025-12-01,102,Generic - Search,272701,6565,2189.92
2025-12-02,102,Generic - Search,279281,13076,2006.31
2025-12-03,102,Generic - Search,221669,5115,2008.31
2025-12-04,102,Generic - Search,240641,10646,2345.6
2025-12-05,102,Generic - Search,202413,5782,1680.37
2025-12-06,102,Generic - Search,140049,3992,1457.92
2025-12-07,102,Generic - Search,200007,11068,2020.47
2025-12-08,102,Generic - Search,205959,6349,2037.17
2025-12-09,102,Generic - Search,166163,4782,1336.4
2025-12-10,102,Generic - Search,139482,7945,1526.49
2025-12-11,102,Generic - Search,170019,8862,1424.64
2025-12-12,102,Generic - Search,319704,17816,2217.48
2025-12-13,102,Generic - Search,231479,8563,1752.69
2025-12-14,102,Generic - Search,186683,9452,1355.6
2025-12-15,102,Generic - Search,205950,6040,1507.52
2025-12-16,102,Generic - Search,130325,2724,1463.65
2025-12-17,102,Generic - Search,187355,10649,2164.28
2025-12-18,102,Generic - Search,203821,7731,2429.05
2025-12-19,102,Generic - Search,138441,6267,1423.59
2025-12-20,102,Generic - Search,228759,6709,2339.83
2025-12-21,102,Generic - Search,200391,9907,1473.05
2025-12-22,102,Generic - Search,180428,7189,1761.25
2025-12-23,102,Generic - Search,173263,10229,1785.92
2025-12-24,102,Generic - Search,192899,8333,1513.2
2025-12-25,102,Generic - Search,194049,7347,1532.0
2025-12-26,102,Generic - Search,211873,10974,1768.33
2025-12-27,102,Generic - Search,240856,13903,2224.38
2025-12-28,102,Generic - Search,180391,8724,1879.99
2025-12-29,102,Generic - Search,244829,11047,1789.31
2025-12-30,102,Generic - Search,216099,8358,2376.52
2025-12-31,102,Generic - Search,137680,8145,1477.99
2026-01-01,102,Generic - Search,64600,3692,723.25
2026-01-02,102,Generic - Search,61991,2179,688.74
2026-01-03,102,Generic - Search,89926,2238,819.2
2026-01-04,102,Generic - Search,139304,5123,934.09
2026-01-05,102,Generic - Search,76488,3935,741.92
2026-01-06,102,Generic - Search,149836,4598,1107.41
2026-01-07,102,Generic - Search,162702,3361,1106.84
2026-01-08,102,Generic - Search,122070,4546,1062.03
2026-01-09,102,Generic - Search,110769,4337,778.2
2026-01-10,102,Generic - Search,98391,5598,820.18
2026-01-11,102,Generic - Search,88052,3913,929.71
2026-01-12,102,Generic - Search,91704,2237,1027.66
2026-01-13,102,Generic - Search,103184,3969,738.16
2026-01-14,102,Generic - Search,121983,7029,1112.98
2026-01-15,102,Generic - Search,82434,4606,740.51
2026-01-16,102,Generic - Search,93528,3767,927.25
2026-01-17,102,Generic - Search,95655,2501,768.04
2026-01-18,102,Generic - Search,150135,3319,1045.91
2026-01-19,102,Generic - Search,122596,7068,913.25
2026-01-20,102,Generic - Search,173627,9039,1189.46
2026-01-21,102,Generic - Search,103255,4780,833.16
2026-01-22,102,Generic - Search,72819,2200,676.53
2026-01-23,102,Generic - Search,79323,2413,955.18
2026-01-24,102,Generic - Search,118235,6159,939.87
2026-01-25,102,Generic - Search,124209,2741,837.18
2026-01-26,102,Generic - Search,94211,2957,694.77
2026-01-27,102,Generic - Search,54282,1298,657.86
2026-01-28,102,Generic - Search,93471,3651,835.74
2026-01-29,102,Generic - Search,137797,7169,1143.52
2026-01-30,102,Generic - Search,162055,4918,1109.21
2026-01-31,102,Generic - Search,109020,6221,899.24
2026-02-01,102,Generic - Search,143671,6060,
2026-02-02,102,Generic - Search,119659,2898,1050.66
2026-02-03,102,Generic - Search,97105,3197,816.83
2026-02-04,102,Generic - Search,145288,8131,1064.62
2026-02-05,102,Generic - Search,99038,3882,1015.4
2026-02-06,102,Generic - Search,150549,5965,1156.85
2026-02-07,102,Generic - Search,96169,3949,977.91
2026-02-08,102,Generic - Search,177367,6430,1212.15
2026-02-09,102,Generic - Search,100511,5141,857.36
2026-02-10,102,Generic - Search,83078,4933,680.79
2026-02-11,102,Generic - Search,105822,4716,746.15
2026-02-12,102,Generic - Search,177459,6875,1187.79
2026-02-13,102,Generic - Search,172730,8375,1194.54
2026-02-14,102,Generic - Search,90498,4361,660.68
2026-02-15,102,Generic - Search,107525,4063,1146.35
2026-02-16,102,Generic - Search,149462,3181,1004.0
2026-02-17,102,Generic - Search,113244,3619,885.04
2026-02-18,102,Generic - Search,76319,2181,908.18
2026-02-19,102,Generic - Search,87425,3813,878.5
2026-02-20,102,Generic - Search,74748,1863,675.49
2026-02-21,102,Generic - Search,128140,2591,932.15
2026-02-22,102,Generic - Search,134193,3916,1060.04
2026-02-23,102,Generic - Search,136164,5082,1119.43
2026-02-24,102,Generic - Search,99060,3708,704.07
2026-02-25,102,Generic - Search,125624,6281,882.07
2026-02-26,102,Generic - Search,93103,4129,998.43
2026-02-27,102,Generic - Search,88817,5255,804.53
2026-02-28,102,Generic - Search,139683,5771,997.37
2026-03-01,102,Generic - Search,156037,6884,1103.23
2026-03-02,102,Generic - Search,155368,8517,1461.82
2026-03-03,102,Generic - Search,99692,5292,979.42
2026-03-04,102,Generic - Search,101349,4774,1215.02
2026-03-05,102,Generic - Search,206555,9221,1431.16
2026-03-06,102,Generic - Search,116396,3069,930.15
2026-03-07,102,Generic - Search,118269,5422,1472.82
2026-03-08,102,Generic - Search,159319,5385,1272.39
2026-03-09,102,Generic - Search,129397,6190,1247.19
2026-03-10,102,Generic - Search,103442,5408,835.56
2026-03-11,102,Generic - Search,105698,4926,866.61
2026-03-12,102,Generic - Search,175569,4846,1503.88
2026-03-13,102,Generic - Search,142455,7094,1054.78
2026-03-14,102,Generic - Search,157468,6040,1358.13
2026-03-15,102,Generic - Search,193874,6173,1316.28
2026-03-16,102,Generic - Search,189269,8209,1447.12
2026-03-17,102,Generic - Search,136122,7192,1087.33
2026-03-18,102,Generic - Search,105223,3841,843.13
2026-03-19,102,Generic - Search,158470,9297,1354.86
2026-03-20,102,Generic - Search,154501,7778,1260.44
2026-03-21,102,Generic - Search,193718,11143,1485.77
2026-03-22,102,Generic - Search,149772,4831,1499.56
2026-03-23,102,Generic - Search,140615,7247,1015.2
2026-03-24,102,Generic - Search,108107,4090,918.44
2026-03-25,102,Generic - Search,166834,8802,1162.54
2026-03-26,102,Generic - Search,126440,4706,1103.1
2026-03-27,102,Generic - Search,107637,4975,1082.71
2026-03-28,102,Generic - Search,156366,4632,1314.56
2026-03-29,102,Generic - Search,139984,3224,1482.72
2026-03-30,102,Generic - Search,124501,6598,855.47
2026-03-31,102,Generic - Search,207781,12290,1460.59
2026-04-01,102,Generic - Search,189531,6805,1361.61
2026-04-02,102,Generic - Search,141651,8378,971.44
2026-04-03,102,Generic - Search,70911,2989,842.29
2026-04-04,102,Generic - Search,140596,6167,1031.78
2026-04-05,102,Generic - Search,154820,6892,1501.45
2026-04-06,102,Generic - Search,112907,6029,915.55
2026-04-07,102,Generic - Search,172002,7357,1179.46
2026-04-08,102,Generic - Search,123394,3556,1508.71
2026-04-09,102,Generic - Search,98728,4626,1134.89
2026-04-10,102,Generic - Search,116400,3902,1454.83
2026-04-11,102,Generic - Search,98412,3436,892.95
2026-04-12,102,Generic - Search,139333,7168,1515.45
2026-04-13,102,Generic - Search,151970,5025,1469.32
2026-04-14,102,Generic - Search,194993,6141,1389.22
2026-04-15,102,Generic - Search,79262,3922,885.79
2026-04-16,102,Generic - Search,100882,6052,1143.78
2026-04-17,102,Generic - Search,170642,8784,
2026-04-18,102,Generic - Search,192306,5741,1502.33
2026-04-19,102,Generic - Search,114673,4179,978.64
2026-04-20,102,Generic - Search,87830,1925,898.78
2026-04-21,102,Generic - Search,125978,6032,1063.48
2026-04-22,102,Generic - Search,99070,4577,854.18
2026-04-23,102,Generic - Search,138614,7821,968.8
2026-04-24,102,Generic - Search,186688,5402,1318.63
2026-04-25,102,Generic - Search,149224,7108,1147.35
2026-04-26,102,Generic - Search,135964,3153,1214.78
2026-04-27,102,Generic - Search,133773,6033,1373.84
2026-04-28,102,Generic - Search,120932,3571,1415.87
2026-04-29,102,Generic - Search,169829,8666,1435.72
2026-04-30,102,Generic - Search,137898,6530,1220.09
2026-05-01,102,Generic - Search,154484,5366,1245.8
2026-05-02,102,Generic - Search,151613,4384,1172.09
2026-05-03,102,Generic - Search,131722,5800,1229.74
2026-05-04,102,Generic - Search,73382,3564,896.68
2026-05-05,102,Generic - Search,91474,2439,1011.69
2026-05-06,102,Generic - Search,105370,3346,1206.67
2026-05-07,102,Generic - Search,68348,1960,829.11
2026-05-08,102,Generic - Search,155086,6647,1301.61
2026-05-09,102,Generic - Search,111459,5327,1065.53
2026-05-10,102,Generic - Search,128798,3350,888.36
2026-05-11,102,Generic - Search,188433,7073,1397.75
2026-05-12,102,Generic - Search,129017,7470,1471.69
2026-05-13,102,Generic - Search,149596,4959,998.37
2026-05-14,102,Generic - Search,151724,7132,1025.01
2026-05-15,102,Generic - Search,125250,3229,895.18
2026-05-16,102,Generic - Search,118275,5296,1043.92
2026-05-17,102,Generic - Search,171747,5350,
2026-05-18,102,Generic - Search,146339,3693,1076.12
2026-05-19,102,Generic - Search,121475,7155,1510.58
2026-05-20,102,Generic - Search,144881,5105,1040.51
2026-05-21,102,Generic - Search,92623,4393,972.58
2026-05-22,102,Generic - Search,151264,6503,1191.31
2026-05-23,102,Generic - Search,149054,6551,1405.58
2026-05-24,102,Generic - Search,163097,4207,1188.37
2026-05-25,102,Generic - Search,100473,2623,988.11
2026-05-26,102,Generic - Search,111324,5799,849.95
2026-05-27,102,Generic - Search,136603,3520,1346.42
2026-05-28,102,Generic - Search,129850,5590,869.44
2026-05-29,102,Generic - Search,151075,6788,1217.45
2026-05-30,102,Generic - Search,137288,8020,1239.5
2026-05-31,102,Generic - Search,146258,3415,1225.03
2026-06-01,102,Generic - Search,85194,1914,883.43
2026-06-02,102,Generic - Search,103076,2866,1077.18
2026-06-03,102,Generic - Search,140713,7158,966.02
2026-06-04,102,Generic - Search,156870,9231,1167.0
2026-06-05,102,Generic - Search,145809,8122,1183.82
2026-06-06,102,Generic - Search,122787,6872,972.06
2026-06-07,102,Generic - Search,123220,2828,1425.0
2026-06-08,102,Generic - Search,75935,2298,884.7
2026-06-09,102,Generic - Search,134381,6638,1521.92
2026-06-10,102,Generic - Search,160814,7148,1367.45
2026-06-11,102,Generic - Search,139870,3081,1483.77
2026-06-12,102,Generic - Search,147143,4658,1232.54
2026-06-13,102,Generic - Search,166448,8254,1414.3
2026-06-14,102,Generic - Search,130106,3655,1366.71
2026-06-15,102,Generic - Search,95241,2953,942.1
2026-06-16,102,Generic - Search,73281,2664,856.7
2026-06-17,102,Generic - Search,163547,8017,
2026-06-18,102,Generic - Search,166129,6497,1138.86
2026-06-19,102,Generic - Search,125136,5637,932.69
2026-06-20,102,Generic - Search,79924,2210,898.23
2026-06-21,102,Generic - Search,154237,6202,1512.21
2026-06-22,102,Generic - Search,102769,5977,998.26
2026-06-23,102,Generic - Search,182231,10250,1408.54
2026-06-24,102,Generic - Search,136033,6906,914.48
2026-06-25,102,Generic - Search,70520,2913,869.64
2026-06-26,102,Generic - Search,117055,3598,1146.41
2026-06-27,102,Generic - Search,133540,4707,1301.27
2026-06-28,102,Generic - Search,105329,4290,1251.78
2026-06-29,102,Generic - Search,128253,4811,1046.24
2026-06-30,102,Generic - Search,110627,6016,1299.96
2026-07-01,102,Generic - Search,223873,6555,1524.26
2026-07-02,102,Generic - Search,126997,6507,1222.59
2026-07-03,102,Generic - Search,70236,2699,851.67
2026-07-04,102,Generic - Search,200677,7609,1455.86
2026-07-05,102,Generic - Search,187530,6715,1392.75
2026-07-06,102,Generic - Search,129134,3793,1384.92
2026-07-07,102,Generic - Search,126072,6451,1058.99
2026-07-08,102,Generic - Search,175165,10333,1329.23
2026-07-09,102,Generic - Search,100697,5617,1201.21
2026-07-10,102,Generic - Search,100749,2773,1254.71
2026-07-11,102,Generic - Search,99790,4090,960.45
2026-07-12,102,Generic - Search,101933,2619,910.08
2026-07-13,102,Generic - Search,144191,7403,1156.81
2026-07-14,102,Generic - Search,126661,4754,1353.93
2026-07-15,102,Generic - Search,146431,6289,1116.9
2026-07-16,102,Generic - Search,83835,4808,884.48
2026-07-17,102,Generic - Search,151389,6230,1137.94
2026-07-18,102,Generic - Search,110858,4582,1012.16
2026-07-19,102,Generic - Search,131270,2735,875.58
2024-07-20,103,Shopping - All Products,51657,2308,499.54
2024-07-21,103,Shopping - All Products,40301,1051,336.36
2024-07-22,103,Shopping - All Products,46325,2065,365.01
2024-07-23,103,Shopping - All Products,44887,1117,425.93
2024-07-24,103,Shopping - All Products,61874,1370,462.97
2024-07-25,103,Shopping - All Products,74271,1612,496.61
2024-07-26,103,Shopping - All Products,46573,2563,320.79
2024-07-27,103,Shopping - All Products,76479,2219,517.98
2024-07-28,103,Shopping - All Products,31307,1566,325.44
2024-07-29,103,Shopping - All Products,57772,1276,401.89
2024-07-30,103,Shopping - All Products,59636,1429,439.81
2024-07-31,103,Shopping - All Products,52874,2461,439.75
2024-08-01,103,Shopping - All Products,73180,2409,548.27
2024-08-02,103,Shopping - All Products,37429,1189,389.17
2024-08-03,103,Shopping - All Products,71849,1630,515.11
2024-08-04,103,Shopping - All Products,50836,1787,447.58
2024-08-05,103,Shopping - All Products,45552,980,338.62
2024-08-06,103,Shopping - All Products,41071,1746,442.85
2024-08-07,103,Shopping - All Products,36509,1044,438.8
2024-08-08,103,Shopping - All Products,61952,3329,463.4
2024-08-09,103,Shopping - All Products,59091,3545,434.58
2024-08-10,103,Shopping - All Products,79085,4571,536.71
2024-08-11,103,Shopping - All Products,53366,1576,431.11
2024-08-12,103,Shopping - All Products,38411,1390,414.92
2024-08-13,103,Shopping - All Products,47163,2364,396.17
2024-08-14,103,Shopping - All Products,50883,2029,488.97
2024-08-15,103,Shopping - All Products,48069,1391,384.13
2024-08-16,103,Shopping - All Products,57174,1406,403.06
2024-08-17,103,Shopping - All Products,45967,2498,377.52
2024-08-18,103,Shopping - All Products,55986,3327,440.58
2024-08-19,103,Shopping - All Products,48943,2133,554.5
2024-08-20,103,Shopping - All Products,46518,2523,484.93
2024-08-21,103,Shopping - All Products,40016,2126,412.1
2024-08-22,103,Shopping - All Products,55949,2727,518.98
2024-08-23,103,Shopping - All Products,61105,1475,490.13
2024-08-24,103,Shopping - All Products,51780,1641,458.61
2024-08-25,103,Shopping - All Products,39507,864,307.26
2024-08-26,103,Shopping - All Products,35093,1041,324.23
2024-08-27,103,Shopping - All Products,75588,3435,520.43
2024-08-28,103,Shopping - All Products,40173,2355,314.74
2024-08-29,103,Shopping - All Products,62528,3575,526.28
2024-08-30,103,Shopping - All Products,45502,1864,
2024-08-31,103,Shopping - All Products,35998,1818,343.05
2024-09-01,103,Shopping - All Products,39543,1884,338.2
2024-09-02,103,Shopping - All Products,51994,1244,453.55
2024-09-03,103,Shopping - All Products,53301,2119,422.15
2024-09-04,103,Shopping - All Products,30660,1690,325.06
2024-09-05,103,Shopping - All Products,59931,2939,527.43
2024-09-06,103,Shopping - All Products,57324,2981,384.93
2024-09-07,103,Shopping - All Products,51628,2123,511.14
2024-09-08,103,Shopping - All Products,48116,1671,519.13
2024-09-09,103,Shopping - All Products,45418,1808,463.44
2024-09-10,103,Shopping - All Products,51616,1741,370.94
2024-09-11,103,Shopping - All Products,30220,1545,302.85
2024-09-12,103,Shopping - All Products,50888,2007,400.15
2024-09-13,103,Shopping - All Products,44291,2310,519.52
2024-09-14,103,Shopping - All Products,49490,1370,544.24
2024-09-15,103,Shopping - All Products,49730,2668,485.96
2024-09-16,103,Shopping - All Products,54888,3010,390.66
2024-09-17,103,Shopping - All Products,39160,1794,359.45
2024-09-18,103,Shopping - All Products,38815,2149,476.01
2024-09-19,103,Shopping - All Products,54483,2316,524.03
2024-09-20,103,Shopping - All Products,52743,1302,390.05
2024-09-21,103,Shopping - All Products,42326,986,495.61
2024-09-22,103,Shopping - All Products,54584,1554,381.6
2024-09-23,103,Shopping - All Products,65304,2277,456.08
2024-09-24,103,Shopping - All Products,25954,1194,321.06
2024-09-25,103,Shopping - All Products,42588,1180,309.07
2024-09-26,103,Shopping - All Products,70972,2728,549.4
2024-09-27,103,Shopping - All Products,40842,1858,444.21
2024-09-28,103,Shopping - All Products,40662,878,352.6
2024-09-29,103,Shopping - All Products,50877,2322,512.71
2024-09-30,103,Shopping - All Products,64209,3517,505.8
2024-10-01,103,Shopping - All Products,48252,1152,428.92
2024-10-02,103,Shopping - All Products,53875,2026,493.01
2024-10-03,103,Shopping - All Products,52562,1119,486.55
2024-10-04,103,Shopping - All Products,64995,2121,497.13
2024-10-05,103,Shopping - All Products,48013,1258,498.07
2024-10-06,103,Shopping - All Products,45954,1327,472.87
2024-10-07,103,Shopping - All Products,30548,938,320.36
2024-10-08,103,Shopping - All Products,38266,1415,452.01
2024-10-09,103,Shopping - All Products,50317,2953,405.21
2024-10-10,103,Shopping - All Products,40756,2352,315.6
2024-10-11,103,Shopping - All Products,28973,1323,340.3
2024-10-12,103,Shopping - All Products,66463,1574,484.72
2024-10-13,103,Shopping - All Products,49633,2623,456.99
2024-10-14,103,Shopping - All Products,28607,786,348.73
2024-10-15,103,Shopping - All Products,48929,2729,441.2
2024-10-16,103,Shopping - All Products,70022,2450,511.48
2024-10-17,103,Shopping - All Products,47795,1754,430.93
2024-10-18,103,Shopping - All Products,49092,2731,
2024-10-19,103,Shopping - All Products,50638,1409,395.52
2024-10-20,103,Shopping - All Products,44358,2532,415.63
2024-10-21,103,Shopping - All Products,57148,2217,470.66
2024-10-22,103,Shopping - All Products,49050,1118,423.05
2024-10-23,103,Shopping - All Products,44628,1271,482.58
2024-10-24,103,Shopping - All Products,37786,1452,424.96
2024-10-25,103,Shopping - All Products,26479,988,313.26
2024-10-26,103,Shopping - All Products,45374,2720,354.67
2024-10-27,103,Shopping - All Products,51807,1883,527.05
2024-10-28,103,Shopping - All Products,40199,2210,410.81
2024-10-29,103,Shopping - All Products,31536,1134,331.05
2024-10-30,103,Shopping - All Products,58102,3107,399.86
2024-10-31,103,Shopping - All Products,68118,3803,457.71
2024-11-01,103,Shopping - All Products,70232,3631,626.34
2024-11-02,103,Shopping - All Products,104687,2435,816.86
2024-11-03,103,Shopping - All Products,74530,2381,583.94
2024-11-04,103,Shopping - All Products,108885,5594,737.14
2024-11-05,103,Shopping - All Products,74096,2339,612.12
2024-11-06,103,Shopping - All Products,124081,6237,836.45
2024-11-07,103,Shopping - All Products,97887,5342,870.72
2024-11-08,103,Shopping - All Products,61562,2226,608.37
2024-11-09,103,Shopping - All Products,82402,4157,862.74
2024-11-10,103,Shopping - All Products,67563,2825,810.06
2024-11-11,103,Shopping - All Products,88545,2584,683.0
2024-11-12,103,Shopping - All Products,97508,5379,692.64
2024-11-13,103,Shopping - All Products,92794,4519,804.76
2024-11-14,103,Shopping - All Products,92046,2813,769.51
2024-11-15,103,Shopping - All Products,66047,3913,
2024-11-16,103,Shopping - All Products,99511,2874,768.78
2024-11-17,103,Shopping - All Products,74809,4289,869.91
2024-11-18,103,Shopping - All Products,103052,4422,855.92
2024-11-19,103,Shopping - All Products,80834,4216,691.37
2024-11-20,103,Shopping - All Products,83146,4718,695.67
2024-11-21,103,Shopping - All Products,88291,4579,844.42
2024-11-22,103,Shopping - All Products,83157,1886,751.25
2024-11-23,103,Shopping - All Products,90125,3079,
2024-11-24,103,Shopping - All Products,54909,2134,519.96
2024-11-25,103,Shopping - All Products,54177,2744,646.2
2024-11-26,103,Shopping - All Products,80685,3635,572.93
2024-11-27,103,Shopping - All Products,70587,3908,681.05
2024-11-28,103,Shopping - All Products,44379,2495,547.14
2024-11-29,103,Shopping - All Products,71258,3830,495.45
2024-11-30,103,Shopping - All Products,76455,1677,575.96
2024-12-01,103,Shopping - All Products,73576,3929,885.42
2024-12-02,103,Shopping - All Products,92487,4775,766.25
2024-12-03,103,Shopping - All Products,62572,2305,687.73
2024-12-04,103,Shopping - All Products,50859,2231,615.31
2024-12-05,103,Shopping - All Products,71832,4026,844.55
2024-12-06,103,Shopping - All Products,52499,3040,603.06
2024-12-07,103,Shopping - All Products,73330,1994,721.78
2024-12-08,103,Shopping - All Products,59750,1571,519.12
2024-12-09,103,Shopping - All Products,62606,3386,535.03
2024-12-10,103,Shopping - All Products,46262,1490,490.27
2024-12-11,103,Shopping - All Products,62174,3274,580.99
2024-12-12,103,Shopping - All Products,48691,2378,587.76
2024-12-13,103,Shopping - All Products,59861,2660,575.1
2024-12-14,103,Shopping - All Products,91839,3852,783.42
2024-12-15,103,Shopping - All Products,70318,3283,731.91
2024-12-16,103,Shopping - All Products,84375,4717,604.81
2024-12-17,103,Shopping - All Products,63125,1575,628.3
2024-12-18,103,Shopping - All Products,90726,3286,717.79
2024-12-19,103,Shopping - All Products,50714,2665,604.82
2024-12-20,103,Shopping - All Products,66338,2546,726.57
2024-12-21,103,Shopping - All Products,77714,1626,537.72
2024-12-22,103,Shopping - All Products,105071,5982,884.97
2024-12-23,103,Shopping - All Products,68251,2683,794.79
2024-12-24,103,Shopping - All Products,117669,6198,861.38
2024-12-25,103,Shopping - All Products,103870,5839,889.5
2024-12-26,103,Shopping - All Products,61901,3428,589.31
2024-12-27,103,Shopping - All Products,65453,2758,710.78
2024-12-28,103,Shopping - All Products,58298,3209,555.44
2024-12-29,103,Shopping - All Products,54645,2894,616.0
2024-12-30,103,Shopping - All Products,53020,1712,578.56
2024-12-31,103,Shopping - All Products,72056,2766,693.98
2025-01-01,103,Shopping - All Products,36076,992,244.99
2025-01-02,103,Shopping - All Products,44278,2084,447.46
2025-01-03,103,Shopping - All Products,37036,2078,304.81
2025-01-04,103,Shopping - All Products,31645,1550,260.25
2025-01-05,103,Shopping - All Products,31444,825,251.09
2025-01-06,103,Shopping - All Products,36317,1944,280.73
2025-01-07,103,Shopping - All Products,41877,1445,303.07
2025-01-08,103,Shopping - All Products,23992,914,243.76
2025-01-09,103,Shopping - All Products,35310,1435,347.48
2025-01-10,103,Shopping - All Products,22092,662,254.27
2025-01-11,103,Shopping - All Products,35550,1675,311.5
2025-01-12,103,Shopping - All Products,35181,902,253.72
2025-01-13,103,Shopping - All Products,37387,1974,353.41
2025-01-14,103,Shopping - All Products,60958,2772,413.71
2025-01-15,103,Shopping - All Products,41871,2391,301.79
2025-01-16,103,Shopping - All Products,45252,1000,302.85
2025-01-17,103,Shopping - All Products,34936,1082,364.31
2025-01-18,103,Shopping - All Products,33627,777,280.72
2025-01-19,103,Shopping - All Products,62782,2909,426.73
2025-01-20,103,Shopping - All Products,29053,903,308.55
2025-01-21,103,Shopping - All Products,46498,1854,340.12
2025-01-22,103,Shopping - All Products,23785,647,293.64
2025-01-23,103,Shopping - All Products,49602,1887,397.75
2025-01-24,103,Shopping - All Products,49316,2195,430.71
2025-01-25,103,Shopping - All Products,39839,797,361.84
2025-01-26,103,Shopping - All Products,21565,1153,243.37
2025-01-27,103,Shopping - All Products,48856,2029,375.87
2025-01-28,103,Shopping - All Products,31129,880,365.9
2025-01-29,103,Shopping - All Products,52185,3104,444.67
2025-01-30,103,Shopping - All Products,36210,946,278.2
2025-01-31,103,Shopping - All Products,28372,575,289.01
2025-02-01,103,Shopping - All Products,34654,982,301.9
2025-02-02,103,Shopping - All Products,40335,811,290.4
2025-02-03,103,Shopping - All Products,44811,1499,413.4
2025-02-04,103,Shopping - All Products,25587,554,258.26
2025-02-05,103,Shopping - All Products,29077,1002,304.24
2025-02-06,103,Shopping - All Products,46332,2049,346.14
2025-02-07,103,Shopping - All Products,40785,2366,444.84
2025-02-08,103,Shopping - All Products,39485,821,382.64
2025-02-09,103,Shopping - All Products,38361,907,-37.697
2025-02-10,103,Shopping - All Products,30747,737,292.05
2025-02-11,103,Shopping - All Products,51226,1737,346.83
2025-02-12,103,Shopping - All Products,39765,2270,322.97
2025-02-13,103,Shopping - All Products,35099,1903,413.21
2025-02-14,103,Shopping - All Products,45250,2081,370.06
2025-02-15,103,Shopping - All Products,25732,1245,254.53
2025-02-16,103,Shopping - All Products,39821,1689,323.84
2025-02-17,103,Shopping - All Products,43583,1277,441.28
2025-02-18,103,Shopping - All Products,22262,472,255.07
2025-02-19,103,Shopping - All Products,28892,858,328.41
2025-02-20,103,Shopping - All Products,53790,3156,371.79
2025-02-21,103,Shopping - All Products,51652,2232,375.4
2025-02-22,103,Shopping - All Products,55615,1624,443.98
2025-02-23,103,Shopping - All Products,33667,794,318.85
2025-02-24,103,Shopping - All Products,38339,1594,378.25
2025-02-25,103,Shopping - All Products,32346,739,265.2
2025-02-26,103,Shopping - All Products,49858,2341,398.67
2025-02-27,103,Shopping - All Products,24765,553,301.08
2025-02-28,103,Shopping - All Products,42483,1493,398.37
2025-03-01,103,Shopping - All Products,51358,1984,367.73
2025-03-02,103,Shopping - All Products,61720,3430,532.16
2025-03-03,103,Shopping - All Products,40380,1255,475.5
2025-03-04,103,Shopping - All Products,43226,1204,323.01
2025-03-05,103,Shopping - All Products,37985,1400,344.55
2025-03-06,103,Shopping - All Products,35367,1570,378.66
2025-03-07,103,Shopping - All Products,50124,1296,412.46
2025-03-08,103,Shopping - All Products,47491,1557,362.64
2025-03-09,103,Shopping - All Products,70481,2061,545.42
2025-03-10,103,Shopping - All Products,52305,1676,448.51
2025-03-11,103,Shopping - All Products,72208,3778,484.15
2025-03-12,103,Shopping - All Products,47787,1715,391.25
2025-03-13,103,Shopping - All Products,49227,2840,427.98
2025-03-14,103,Shopping - All Products,57787,3136,454.77
2025-03-15,103,Shopping - All Products,34979,1742,362.53
2025-03-16,103,Shopping - All Products,36552,2176,435.18
2025-03-17,103,Shopping - All Products,45923,2545,323.02
2025-03-18,103,Shopping - All Products,47297,980,421.86
2025-03-19,103,Shopping - All Products,56679,2189,456.16
2025-03-20,103,Shopping - All Products,45554,2463,545.18
2025-03-21,103,Shopping - All Products,49040,2915,445.92
2025-03-22,103,Shopping - All Products,39982,2376,365.87
2025-03-23,103,Shopping - All Products,31052,1215,376.63
2025-03-24,103,Shopping - All Products,47716,1943,358.97
2025-03-25,103,Shopping - All Products,34707,1125,321.2
2025-03-26,103,Shopping - All Products,33494,1902,308.26
2025-03-27,103,Shopping - All Products,65897,1398,534.21
2025-03-28,103,Shopping - All Products,53171,1236,459.91
2025-03-29,103,Shopping - All Products,51786,2791,416.07
2025-03-30,103,Shopping - All Products,56676,2370,503.22
2025-03-31,103,Shopping - All Products,51124,1328,373.55
2025-04-01,103,Shopping - All Products,71839,2113,520.87
2025-04-02,103,Shopping - All Products,69549,2270,505.85
2025-04-03,103,Shopping - All Products,35682,1424,306.71
2025-04-04,103,Shopping - All Products,41601,1457,329.13
2025-04-05,103,Shopping - All Products,74586,3039,552.97
2025-04-06,103,Shopping - All Products,36560,1125,452.26
2025-04-07,103,Shopping - All Products,51526,2288,504.36
2025-04-08,103,Shopping - All Products,52672,2034,370.51
2025-04-09,103,Shopping - All Products,42422,1618,490.13
2025-04-10,103,Shopping - All Products,58733,3012,525.64
2025-04-11,103,Shopping - All Products,57438,2642,501.13
2025-04-12,103,Shopping - All Products,28836,880,310.98
2025-04-13,103,Shopping - All Products,61606,2083,455.44
2025-04-14,103,Shopping - All Products,49147,2020,344.76
2025-04-15,103,Shopping - All Products,68609,3057,495.56
2025-04-16,103,Shopping - All Products,34848,1072,416.72
2025-04-17,103,Shopping - All Products,39312,2312,470.25
2025-04-18,103,Shopping - All Products,49859,1850,362.43
2025-04-19,103,Shopping - All Products,76246,4289,560.51
2025-04-20,103,Shopping - All Products,39048,1361,475.8
2025-04-21,103,Shopping - All Products,68847,3450,541.58
2025-04-22,103,Shopping - All Products,52664,2236,500.82
2025-04-23,103,Shopping - All Products,45242,2615,330.48
2025-04-24,103,Shopping - All Products,48396,2556,471.46
2025-04-25,103,Shopping - All Products,42029,1342,394.5
2025-04-26,103,Shopping - All Products,36314,2046,403.04
2025-04-27,103,Shopping - All Products,59473,1331,532.31
2025-04-28,103,Shopping - All Products,34939,1016,344.39
2025-04-29,103,Shopping - All Products,36940,1182,357.69
2025-04-30,103,Shopping - All Products,49559,2703,483.9
2025-05-01,103,Shopping - All Products,39205,1839,410.06
2025-05-02,103,Shopping - All Products,78049,1699,556.61
2025-05-03,103,Shopping - All Products,39656,2205,364.54
2025-05-04,103,Shopping - All Products,39974,1118,306.49
2025-05-05,103,Shopping - All Products,47625,2340,414.63
2025-05-06,103,Shopping - All Products,62904,2534,525.38
2025-05-07,103,Shopping - All Products,43989,1495,435.58
2025-05-08,103,Shopping - All Products,44718,2463,445.83
2025-05-09,103,Shopping - All Products,50157,1419,471.56
2025-05-10,103,Shopping - All Products,68550,1921,474.23
2025-05-11,103,Shopping - All Products,40363,2065,354.95
2025-05-12,103,Shopping - All Products,63078,2689,561.46
2025-05-13,103,Shopping - All Products,74103,1627,513.95
2025-05-14,103,Shopping - All Products,56255,2883,473.49
2025-05-15,103,Shopping - All Products,67245,3781,531.64
2025-05-16,103,Shopping - All Products,50078,2103,420.63
2025-05-17,103,Shopping - All Products,45811,2104,435.06
2025-05-18,103,Shopping - All Products,60618,3167,525.29
2025-05-19,103,Shopping - All Products,49014,1666,380.49
2025-05-20,103,Shopping - All Products,59810,1452,405.1
2025-05-21,103,Shopping - All Products,68956,2886,499.72
2025-05-22,103,Shopping - All Products,46950,2426,502.02
2025-05-23,103,Shopping - All Products,60772,2935,450.61
2025-05-24,103,Shopping - All Products,53645,1462,439.71
2025-05-25,103,Shopping - All Products,66832,3887,551.43
2025-05-26,103,Shopping - All Products,26122,755,306.16
2025-05-27,103,Shopping - All Products,67541,2716,523.79
2025-05-28,103,Shopping - All Products,41355,970,357.52
2025-05-29,103,Shopping - All Products,44462,2223,459.24
2025-05-30,103,Shopping - All Products,48592,1680,447.61
2025-05-31,103,Shopping - All Products,31314,1157,359.27
2025-06-01,103,Shopping - All Products,53735,1432,401.66
2025-06-02,103,Shopping - All Products,77323,2504,520.12
2025-06-03,103,Shopping - All Products,67176,3065,547.58
2025-06-04,103,Shopping - All Products,68200,1394,470.56
2025-06-05,103,Shopping - All Products,65446,3700,541.73
2025-06-06,103,Shopping - All Products,50587,1542,408.89
2025-06-07,103,Shopping - All Products,27766,1287,320.63
2025-06-08,103,Shopping - All Products,42307,1543,424.58
2025-06-09,103,Shopping - All Products,68072,3440,497.91
2025-06-10,103,Shopping - All Products,29537,666,352.65
2025-06-11,103,Shopping - All Products,64745,2544,481.12
2025-06-12,103,Shopping - All Products,70409,3665,488.7
2025-06-13,103,Shopping - All Products,41503,1918,331.22
2025-06-14,103,Shopping - All Products,71970,3229,519.26
2025-06-15,103,Shopping - All Products,43428,2202,461.93
2025-06-16,103,Shopping - All Products,60444,2310,561.64
2025-06-17,103,Shopping - All Products,36451,2001,410.72
2025-06-18,103,Shopping - All Products,55726,1318,547.25
2025-06-19,103,Shopping - All Products,31410,1141,391.95
2025-06-20,103,Shopping - All Products,59526,1752,420.69
2025-06-21,103,Shopping - All Products,37977,2048,384.93
2025-06-22,103,Shopping - All Products,47620,2415,338.02
2025-06-23,103,Shopping - All Products,63380,3782,530.82
2025-06-24,103,Shopping - All Products,43166,879,350.28
2025-06-25,103,Shopping - All Products,50210,2706,528.41
2025-06-26,103,Shopping - All Products,34964,1577,424.21
2025-06-27,103,Shopping - All Products,38953,1497,311.69
2025-06-28,103,Shopping - All Products,41872,1243,437.42
2025-06-29,103,Shopping - All Products,54952,2321,401.5
2025-06-30,103,Shopping - All Products,53759,2175,505.04
2025-07-01,103,Shopping - All Products,36416,1256,357.18
2025-07-02,103,Shopping - All Products,36520,1852,369.62
2025-07-03,103,Shopping - All Products,57575,2541,441.67
2025-07-04,103,Shopping - All Products,33989,1535,324.18
2025-07-05,103,Shopping - All Products,51425,1201,465.07
2025-07-06,103,Shopping - All Products,63506,2886,434.32
2025-07-07,103,Shopping - All Products,31229,1758,348.86
2025-07-08,103,Shopping - All Products,50064,1465,444.61
2025-07-09,103,Shopping - All Products,50744,2313,548.3
2025-07-10,103,Shopping - All Products,60026,2527,479.63
2025-07-11,103,Shopping - All Products,53698,1641,516.31
2025-07-12,103,Shopping - All Products,55194,1788,424.68
2025-07-13,103,Shopping - All Products,37410,1150,339.28
2025-07-14,103,Shopping - All Products,40130,1455,322.02
2025-07-15,103,Shopping - All Products,58869,3097,474.51
2025-07-16,103,Shopping - All Products,58900,2179,445.42
2025-07-17,103,Shopping - All Products,32883,707,402.81
2025-07-18,103,Shopping - All Products,39432,914,328.88
2025-07-19,103,Shopping - All Products,80436,4326,548.01
2025-07-20,103,Shopping - All Products,48224,1535,395.42
2025-07-21,103,Shopping - All Products,73723,3483,527.61
2025-07-22,103,Shopping - All Products,43787,1879,419.48
2025-07-23,103,Shopping - All Products,59734,1767,555.38
2025-07-24,103,Shopping - All Products,33108,1639,315.96
2025-07-25,103,Shopping - All Products,43211,1918,453.49
2025-07-26,103,Shopping - All Products,45408,1439,481.34
2025-07-27,103,Shopping - All Products,53706,2081,504.14
2025-07-28,103,Shopping - All Products,59234,1676,425.65
2025-07-29,103,Shopping - All Products,41999,1245,305.18
2025-07-30,103,Shopping - All Products,61722,2644,508.47
2025-07-31,103,Shopping - All Products,37737,939,329.72
2025-08-01,103,Shopping - All Products,39644,1845,365.7
2025-08-02,103,Shopping - All Products,38978,897,348.97
2025-08-03,103,Shopping - All Products,46464,1189,436.39
2025-08-04,103,Shopping - All Products,35550,1289,312.86
2025-08-05,103,Shopping - All Products,54638,1345,472.69
2025-08-06,103,Shopping - All Products,59736,1438,457.17
2025-08-07,103,Shopping - All Products,47914,2342,346.71
2025-08-08,103,Shopping - All Products,46039,2677,510.27
2025-08-09,103,Shopping - All Products,39129,1117,454.76
2025-08-10,103,Shopping - All Products,55771,1355,461.64
2025-08-11,103,Shopping - All Products,56231,1620,535.41
2025-08-12,103,Shopping - All Products,60152,3337,517.17
2025-08-13,103,Shopping - All Products,51901,1640,447.23
2025-08-14,103,Shopping - All Products,40949,2129,407.78
2025-08-15,103,Shopping - All Products,51781,2921,505.73
2025-08-16,103,Shopping - All Products,37902,1485,355.33
2025-08-17,103,Shopping - All Products,56421,2538,412.54
2025-08-18,103,Shopping - All Products,28634,1192,333.77
2025-08-19,103,Shopping - All Products,28988,1552,323.68
2025-08-20,103,Shopping - All Products,53215,2456,542.8
2025-08-21,103,Shopping - All Products,41942,2145,322.45
2025-08-22,103,Shopping - All Products,52113,1434,518.24
2025-08-23,103,Shopping - All Products,58509,2934,456.01
2025-08-24,103,Shopping - All Products,46848,1970,488.62
2025-08-25,103,Shopping - All Products,32249,1664,375.3
2025-08-26,103,Shopping - All Products,32231,1297,309.65
2025-08-27,103,Shopping - All Products,37825,1351,304.98
2025-08-28,103,Shopping - All Products,52682,2188,493.48
2025-08-29,103,Shopping - All Products,45402,1136,313.1
2025-08-30,103,Shopping - All Products,69940,3401,470.39
2025-08-31,103,Shopping - All Products,51344,2402,386.75
2025-09-01,103,Shopping - All Products,41227,2279,476.8
2025-09-02,103,Shopping - All Products,38301,1480,382.8
2025-09-03,103,Shopping - All Products,28433,1243,320.09
2025-09-04,103,Shopping - All Products,33076,887,394.68
2025-09-05,103,Shopping - All Products,64452,3701,482.66
2025-09-06,103,Shopping - All Products,70379,2207,537.7
2025-09-07,103,Shopping - All Products,63335,2867,503.49
2025-09-08,103,Shopping - All Products,65992,1935,443.46
2025-09-09,103,Shopping - All Products,75045,2945,525.09
2025-09-10,103,Shopping - All Products,31294,1767,353.75
2025-09-11,103,Shopping - All Products,46805,2275,361.29
2025-09-12,103,Shopping - All Products,40035,1190,435.74
2025-09-13,103,Shopping - All Products,26396,1460,313.38
2025-09-14,103,Shopping - All Products,60843,2193,539.83
2025-09-15,103,Shopping - All Products,53147,2044,520.76
2025-09-16,103,Shopping - All Products,69563,1844,501.44
2025-09-17,103,Shopping - All Products,35439,1285,431.19
2025-09-18,103,Shopping - All Products,34789,1247,404.42
2025-09-19,103,Shopping - All Products,31328,1790,378.86
2025-09-20,103,Shopping - All Products,47671,1767,-43.349000000000004
2025-09-21,103,Shopping - All Products,48135,2814,449.92
2025-09-22,103,Shopping - All Products,49200,2613,334.95
2025-09-23,103,Shopping - All Products,44231,1252,372.69
2025-09-24,103,Shopping - All Products,33031,1276,383.66
2025-09-25,103,Shopping - All Products,41743,2465,374.63
2025-09-26,103,Shopping - All Products,47449,2478,450.75
2025-09-27,103,Shopping - All Products,50517,2618,529.37
2025-09-28,103,Shopping - All Products,74931,3347,
2025-09-29,103,Shopping - All Products,55277,1202,528.45
2025-09-30,103,Shopping - All Products,54600,1106,462.66
2025-10-01,103,Shopping - All Products,43365,1711,391.72
2025-10-02,103,Shopping - All Products,40691,1002,332.83
2025-10-03,103,Shopping - All Products,43914,2588,372.23
2025-10-04,103,Shopping - All Products,35129,1185,389.29
2025-10-05,103,Shopping - All Products,48131,1675,335.8
2025-10-06,103,Shopping - All Products,48288,2172,465.32
2025-10-07,103,Shopping - All Products,39882,1769,348.44
2025-10-08,103,Shopping - All Products,61606,3169,449.06
2025-10-09,103,Shopping - All Products,49413,1491,404.19
2025-10-10,103,Shopping - All Products,57444,2728,536.04
2025-10-11,103,Shopping - All Products,73001,2884,518.5
2025-10-12,103,Shopping - All Products,73490,3436,501.92
2025-10-13,103,Shopping - All Products,56657,1384,378.12
2025-10-14,103,Shopping - All Products,54307,3073,399.86
2025-10-15,103,Shopping - All Products,57257,2978,482.43
2025-10-16,103,Shopping - All Products,31810,1053,321.0
2025-10-17,103,Shopping - All Products,50835,2342,409.48
2025-10-18,103,Shopping - All Products,51117,1043,559.33
2025-10-19,103,Shopping - All Products,51028,2803,482.15
2025-10-20,103,Shopping - All Products,59353,3482,477.53
2025-10-21,103,Shopping - All Products,53435,1446,
2025-10-22,103,Shopping - All Products,49893,2180,547.87
2025-10-23,103,Shopping - All Products,59483,3044,467.49
2025-10-24,103,Shopping - All Products,35873,1393,344.04
2025-10-25,103,Shopping - All Products,45269,1575,316.56
2025-10-26,103,Shopping - All Products,50815,2315,541.52
2025-10-27,103,Shopping - All Products,41663,1162,366.45
2025-10-28,103,Shopping - All Products,59146,1870,534.63
2025-10-29,103,Shopping - All Products,27712,1326,318.58
2025-10-30,103,Shopping - All Products,56564,1431,409.41
2025-10-31,103,Shopping - All Products,76960,3087,544.61
2025-11-01,103,Shopping - All Products,81891,4892,572.88
2025-11-02,103,Shopping - All Products,106127,5443,826.76
2025-11-03,103,Shopping - All Products,89419,2110,798.0
2025-11-04,103,Shopping - All Products,67725,2481,509.14
2025-11-05,103,Shopping - All Products,99623,5623,712.41
2025-11-06,103,Shopping - All Products,51490,1175,640.89
2025-11-07,103,Shopping - All Products,120167,4452,819.27
2025-11-08,103,Shopping - All Products,69048,3489,648.35
2025-11-09,103,Shopping - All Products,65496,3420,783.44
2025-11-10,103,Shopping - All Products,103692,3387,782.4
2025-11-11,103,Shopping - All Products,63644,3806,686.97
2025-11-12,103,Shopping - All Products,82143,3243,797.0
2025-11-13,103,Shopping - All Products,77826,3623,630.06
2025-11-14,103,Shopping - All Products,49792,1092,587.14
2025-11-15,103,Shopping - All Products,65095,1815,707.19
2025-11-16,103,Shopping - All Products,59120,1598,570.19
2025-11-17,103,Shopping - All Products,95368,2016,889.01
2025-11-18,103,Shopping - All Products,101798,3106,770.42
2025-11-19,103,Shopping - All Products,95044,5177,875.71
2025-11-20,103,Shopping - All Products,50938,1775,523.21
2025-11-21,103,Shopping - All Products,119939,4660,860.14
2025-11-22,103,Shopping - All Products,89993,4470,733.08
2025-11-23,103,Shopping - All Products,47609,1019,520.29
2025-11-24,103,Shopping - All Products,91121,3166,663.99
2025-11-25,103,Shopping - All Products,73765,1978,797.43
2025-11-26,103,Shopping - All Products,77045,4291,551.95
2025-11-27,103,Shopping - All Products,70118,3323,871.08
2025-11-28,103,Shopping - All Products,46349,1618,495.55
2025-11-29,103,Shopping - All Products,104026,2856,802.55
2025-11-30,103,Shopping - All Products,111868,2350,778.67
2025-12-01,103,Shopping - All Products,55749,1426,569.03
2025-12-02,103,Shopping - All Products,128849,3617,861.92
2025-12-03,103,Shopping - All Products,84099,4879,603.44
2025-12-04,103,Shopping - All Products,67647,1554,536.85
2025-12-05,103,Shopping - All Products,108382,3068,727.71
2025-12-06,103,Shopping - All Products,67053,1827,778.09
2025-12-07,103,Shopping - All Products,86198,4184,652.72
2025-12-08,103,Shopping - All Products,70820,1760,619.4
2025-12-09,103,Shopping - All Products,81278,4180,772.07
2025-12-10,103,Shopping - All Products,63957,1526,730.77
2025-12-11,103,Shopping - All Products,73417,4198,500.12
2025-12-12,103,Shopping - All Products,54342,2116,584.18
2025-12-13,103,Shopping - All Products,88445,5223,725.41
2025-12-14,103,Shopping - All Products,63994,2429,651.18
2025-12-15,103,Shopping - All Products,83376,2427,869.24
2025-12-16,103,Shopping - All Products,52488,2364,-64.61
2025-12-17,103,Shopping - All Products,92305,3160,766.96
2025-12-18,103,Shopping - All Products,124268,6669,853.91
2025-12-19,103,Shopping - All Products,84487,4185,581.99
2025-12-20,103,Shopping - All Products,73106,2861,641.83
2025-12-21,103,Shopping - All Products,78536,3115,718.72
2025-12-22,103,Shopping - All Products,70942,3718,627.6
2025-12-23,103,Shopping - All Products,73450,2941,489.88
2025-12-24,103,Shopping - All Products,58481,3375,620.83
2025-12-25,103,Shopping - All Products,85998,2720,867.17
2025-12-26,103,Shopping - All Products,62565,3512,552.85
2025-12-27,103,Shopping - All Products,67109,3432,755.04
2025-12-28,103,Shopping - All Products,66722,3975,763.5
2025-12-29,103,Shopping - All Products,78743,2100,637.59
2025-12-30,103,Shopping - All Products,45489,954,496.91
2025-12-31,103,Shopping - All Products,67287,2892,572.75
2026-01-01,103,Shopping - All Products,47110,2605,345.85
2026-01-02,103,Shopping - All Products,27801,1484,308.55
2026-01-03,103,Shopping - All Products,48512,1978,390.67
2026-01-04,103,Shopping - All Products,37232,1627,364.48
2026-01-05,103,Shopping - All Products,28373,1595,315.94
2026-01-06,103,Shopping - All Products,30812,1067,264.97
2026-01-07,103,Shopping - All Products,21270,776,245.4
2026-01-08,103,Shopping - All Products,35199,1748,298.24
2026-01-09,103,Shopping - All Products,49029,1014,406.75
2026-01-10,103,Shopping - All Products,35588,1662,260.69
2026-01-11,103,Shopping - All Products,51945,2673,369.81
2026-01-12,103,Shopping - All Products,31992,1189,247.91
2026-01-13,103,Shopping - All Products,26021,1095,316.1
2026-01-14,103,Shopping - All Products,57641,2480,388.55
2026-01-15,103,Shopping - All Products,41918,1010,449.1
2026-01-16,103,Shopping - All Products,31276,1416,341.94
2026-01-17,103,Shopping - All Products,43833,1438,377.58
2026-01-18,103,Shopping - All Products,38929,2263,398.0
2026-01-19,103,Shopping - All Products,48251,1016,399.5
2026-01-20,103,Shopping - All Products,33756,1219,262.66
2026-01-21,103,Shopping - All Products,48343,2371,328.59
2026-01-22,103,Shopping - All Products,36839,2028,279.16
2026-01-23,103,Shopping - All Products,42866,1810,304.31
2026-01-24,103,Shopping - All Products,40459,2226,381.62
2026-01-25,103,Shopping - All Products,45197,1986,386.48
2026-01-26,103,Shopping - All Products,49775,999,442.61
2026-01-27,103,Shopping - All Products,34895,1703,245.71
2026-01-28,103,Shopping - All Products,37650,2105,253.31
2026-01-29,103,Shopping - All Products,35631,1215,248.78
2026-01-30,103,Shopping - All Products,37446,2224,251.03
2026-01-31,103,Shopping - All Products,47827,2293,448.84
2026-02-01,103,Shopping - All Products,48073,1672,333.24
2026-02-02,103,Shopping - All Products,51530,2575,428.25
2026-02-03,103,Shopping - All Products,25435,1389,284.83
2026-02-04,103,Shopping - All Products,34662,1447,244.38
2026-02-05,103,Shopping - All Products,47677,1854,392.33
2026-02-06,103,Shopping - All Products,29213,1188,243.29
2026-02-07,103,Shopping - All Products,49642,1736,417.81
2026-02-08,103,Shopping - All Products,52691,1533,370.89
2026-02-09,103,Shopping - All Products,50206,1461,432.27
2026-02-10,103,Shopping - All Products,38248,1101,384.29
2026-02-11,103,Shopping - All Products,39402,840,344.58
2026-02-12,103,Shopping - All Products,36196,1147,332.05
2026-02-13,103,Shopping - All Products,26619,1578,265.15
2026-02-14,103,Shopping - All Products,35273,1914,312.75
2026-02-15,103,Shopping - All Products,38129,1765,351.49
2026-02-16,103,Shopping - All Products,29805,695,369.42
2026-02-17,103,Shopping - All Products,53120,1174,361.87
2026-02-18,103,Shopping - All Products,55025,2749,449.35
2026-02-19,103,Shopping - All Products,40981,2359,273.4
2026-02-20,103,Shopping - All Products,40800,1019,322.91
2026-02-21,103,Shopping - All Products,32994,1261,347.46
2026-02-22,103,Shopping - All Products,37268,879,371.16
2026-02-23,103,Shopping - All Products,35012,1157,288.13
2026-02-24,103,Shopping - All Products,27398,988,277.26
2026-02-25,103,Shopping - All Products,52124,2181,394.22
2026-02-26,103,Shopping - All Products,40333,1345,398.36
2026-02-27,103,Shopping - All Products,33605,1671,307.76
2026-02-28,103,Shopping - All Products,22528,814,275.65
2026-03-01,103,Shopping - All Products,31519,1561,393.53
2026-03-02,103,Shopping - All Products,58080,2447,398.91
2026-03-03,103,Shopping - All Products,30351,631,348.66
2026-03-04,103,Shopping - All Products,45094,1852,393.32
2026-03-05,103,Shopping - All Products,48435,2249,336.27
2026-03-06,103,Shopping - All Products,60811,1350,491.54
2026-03-07,103,Shopping - All Products,33223,1204,341.4
2026-03-08,103,Shopping - All Products,46527,1135,513.41
2026-03-09,103,Shopping - All Products,48863,1242,447.19
2026-03-10,103,Shopping - All Products,67210,1975,480.69
2026-03-11,103,Shopping - All Products,42145,1729,490.83
2026-03-12,103,Shopping - All Products,68995,3791,520.76
2026-03-13,103,Shopping - All Products,76836,1832,541.13
2026-03-14,103,Shopping - All Products,47089,2382,453.08
2026-03-15,103,Shopping - All Products,42254,2470,363.86
2026-03-16,103,Shopping - All Products,38526,1093,391.47
2026-03-17,103,Shopping - All Products,57084,1837,454.33
2026-03-18,103,Shopping - All Products,41888,1329,309.43
2026-03-19,103,Shopping - All Products,62833,1310,538.28
2026-03-20,103,Shopping - All Products,45287,2225,546.55
2026-03-21,103,Shopping - All Products,46731,1682,507.63
2026-03-22,103,Shopping - All Products,62381,3631,560.21
2026-03-23,103,Shopping - All Products,75815,3591,561.08
2026-03-24,103,Shopping - All Products,41152,892,420.43
2026-03-25,103,Shopping - All Products,29809,1592,371.04
2026-03-26,103,Shopping - All Products,35393,1202,411.71
2026-03-27,103,Shopping - All Products,44116,2317,372.03
2026-03-28,103,Shopping - All Products,38059,1221,351.12
2026-03-29,103,Shopping - All Products,43169,2534,523.08
2026-03-30,103,Shopping - All Products,59546,1714,406.85
2026-03-31,103,Shopping - All Products,60804,1990,472.97
2026-04-01,103,Shopping - All Products,56235,3244,434.27
2026-04-02,103,Shopping - All Products,48178,2295,524.55
2026-04-03,103,Shopping - All Products,34509,1415,371.33
2026-04-04,103,Shopping - All Products,61063,1233,547.64
2026-04-05,103,Shopping - All Products,51266,2860,438.01
2026-04-06,103,Shopping - All Products,39259,887,475.84
2026-04-07,103,Shopping - All Products,58508,2783,396.47
2026-04-08,103,Shopping - All Products,51853,2181,524.88
2026-04-09,103,Shopping - All Products,63542,1701,547.55
2026-04-10,103,Shopping - All Products,66024,3073,504.16
2026-04-11,103,Shopping - All Products,48740,2500,360.94
2026-04-12,103,Shopping - All Products,74632,2924,528.23
2026-04-13,103,Shopping - All Products,41300,1278,435.04
2026-04-14,103,Shopping - All Products,57359,2229,434.85
2026-04-15,103,Shopping - All Products,43097,2033,513.57
2026-04-16,103,Shopping - All Products,52709,2974,384.32
2026-04-17,103,Shopping - All Products,42813,1640,447.72
2026-04-18,103,Shopping - All Products,40267,1497,404.15
2026-04-19,103,Shopping - All Products,66697,3040,481.95
2026-04-20,103,Shopping - All Products,43864,2266,495.86
2026-04-21,103,Shopping - All Products,34393,1608,357.34
2026-04-22,103,Shopping - All Products,41081,2104,320.59
2026-04-23,103,Shopping - All Products,71106,3756,476.87
2026-04-24,103,Shopping - All Products,37873,1293,327.19
2026-04-25,103,Shopping - All Products,40153,1325,306.33
2026-04-26,103,Shopping - All Products,42963,951,317.63
2026-04-27,103,Shopping - All Products,45371,2409,347.65
2026-04-28,103,Shopping - All Products,31055,664,
2026-04-29,103,Shopping - All Products,35892,896,413.92
2026-04-30,103,Shopping - All Products,66155,2769,507.2
2026-05-01,103,Shopping - All Products,56953,2299,459.86
2026-05-02,103,Shopping - All Products,43814,1803,424.36
2026-05-03,103,Shopping - All Products,76826,2963,522.69
2026-05-04,103,Shopping - All Products,55876,2161,431.54
2026-05-05,103,Shopping - All Products,45072,1405,468.53
2026-05-06,103,Shopping - All Products,40490,2229,368.37
2026-05-07,103,Shopping - All Products,39479,951,464.71
2026-05-08,103,Shopping - All Products,36459,1855,330.36
2026-05-09,103,Shopping - All Products,48021,1442,328.1
2026-05-10,103,Shopping - All Products,39018,1553,434.67
2026-05-11,103,Shopping - All Products,42862,1407,473.25
2026-05-12,103,Shopping - All Products,55330,2578,407.13
2026-05-13,103,Shopping - All Products,62670,2210,434.08
2026-05-14,103,Shopping - All Products,50804,2287,365.32
2026-05-15,103,Shopping - All Products,48289,2513,418.12
2026-05-16,103,Shopping - All Products,52266,1282,428.87
2026-05-17,103,Shopping - All Products,61024,2947,425.03
2026-05-18,103,Shopping - All Products,31712,1620,350.87
2026-05-19,103,Shopping - All Products,30338,980,303.16
2026-05-20,103,Shopping - All Products,51214,3033,502.01
2026-05-21,103,Shopping - All Products,57090,2671,461.69
2026-05-22,103,Shopping - All Products,66371,1827,515.38
2026-05-23,103,Shopping - All Products,41459,1777,346.09
2026-05-24,103,Shopping - All Products,42022,1983,302.67
2026-05-25,103,Shopping - All Products,64853,3387,457.91
2026-05-26,103,Shopping - All Products,40635,1616,354.55
2026-05-27,103,Shopping - All Products,37579,1016,353.93
2026-05-28,103,Shopping - All Products,47429,1922,550.09
2026-05-29,103,Shopping - All Products,69167,2057,495.93
2026-05-30,103,Shopping - All Products,40083,1806,318.55
2026-05-31,103,Shopping - All Products,51542,2882,369.5
2026-06-01,103,Shopping - All Products,36069,1422,315.45
2026-06-02,103,Shopping - All Products,33915,1041,352.52
2026-06-03,103,Shopping - All Products,45291,2345,340.03
2026-06-04,103,Shopping - All Products,51355,1116,482.17
2026-06-05,103,Shopping - All Products,74566,1633,554.6
2026-06-06,103,Shopping - All Products,31636,1797,393.31
2026-06-07,103,Shopping - All Products,78731,3935,540.24
2026-06-08,103,Shopping - All Products,30915,657,306.38
2026-06-09,103,Shopping - All Products,52133,1280,559.98
2026-06-10,103,Shopping - All Products,47234,1607,489.99
2026-06-11,103,Shopping - All Products,67709,2385,550.02
2026-06-12,103,Shopping - All Products,52237,1935,534.7
2026-06-13,103,Shopping - All Products,57697,3339,556.13
2026-06-14,103,Shopping - All Products,52430,3108,448.93
2026-06-15,103,Shopping - All Products,73139,2859,547.69
2026-06-16,103,Shopping - All Products,52770,1425,499.4
2026-06-17,103,Shopping - All Products,65403,2608,441.14
2026-06-18,103,Shopping - All Products,43768,2214,464.85
2026-06-19,103,Shopping - All Products,46699,1535,480.43
2026-06-20,103,Shopping - All Products,36322,1247,453.54
2026-06-21,103,Shopping - All Products,69329,2786,516.53
2026-06-22,103,Shopping - All Products,51013,1208,499.91
2026-06-23,103,Shopping - All Products,45598,1636,361.09
2026-06-24,103,Shopping - All Products,52513,1803,553.42
2026-06-25,103,Shopping - All Products,58701,3046,531.68
2026-06-26,103,Shopping - All Products,56217,1761,472.46
2026-06-27,103,Shopping - All Products,52616,2561,515.4
2026-06-28,103,Shopping - All Products,35033,1659,
2026-06-29,103,Shopping - All Products,39055,1584,458.98
2026-06-30,103,Shopping - All Products,43020,1335,427.19
2026-07-01,103,Shopping - All Products,57680,3014,489.2
2026-07-02,103,Shopping - All Products,50240,1702,391.0
2026-07-03,103,Shopping - All Products,41413,2219,493.8
2026-07-04,103,Shopping - All Products,75849,3445,
2026-07-05,103,Shopping - All Products,60811,3366,417.78
2026-07-06,103,Shopping - All Products,51923,2385,396.9
2026-07-07,103,Shopping - All Products,62993,1657,431.36
2026-07-08,103,Shopping - All Products,75851,2591,521.72
2026-07-09,103,Shopping - All Products,67138,3762,469.94
2026-07-10,103,Shopping - All Products,47379,1431,377.92
2026-07-11,103,Shopping - All Products,47636,1204,328.52
2026-07-12,103,Shopping - All Products,32169,1644,339.05
2026-07-13,103,Shopping - All Products,56601,2232,522.59
2026-07-14,103,Shopping - All Products,57318,2344,531.49
2026-07-15,103,Shopping - All Products,58248,2059,477.04
2026-07-16,103,Shopping - All Products,58945,2488,422.73
2026-07-17,103,Shopping - All Products,55818,2367,509.62
2026-07-18,103,Shopping - All Products,72914,3372,547.99
2026-07-19,103,Shopping - All Products,73196,1960,496.0
2024-07-20,104,Retargeting - Display,98478,4428,896.65
2024-07-21,104,Retargeting - Display,84969,4041,866.02
2024-07-22,104,Retargeting - Display,108497,2484,840.81
2024-07-23,104,Retargeting - Display,161087,9093,1225.79
2024-07-24,104,Retargeting - Display,96177,3249,1193.23
2024-07-25,104,Retargeting - Display,77337,1771,711.34
2024-07-26,104,Retargeting - Display,106325,2993,813.76
2024-07-27,104,Retargeting - Display,111297,5114,1031.96
2024-07-28,104,Retargeting - Display,173695,6418,1168.72
2024-07-29,104,Retargeting - Display,73195,1893,783.92
2024-07-30,104,Retargeting - Display,93747,5401,799.51
2024-07-31,104,Retargeting - Display,127763,6260,1193.83
2024-08-01,104,Retargeting - Display,74874,3997,742.49
2024-08-02,104,Retargeting - Display,130273,4591,886.57
2024-08-03,104,Retargeting - Display,113914,3345,960.15
2024-08-04,104,Retargeting - Display,134446,6522,1011.74
2024-08-05,104,Retargeting - Display,64006,1892,723.07
2024-08-06,104,Retargeting - Display,82609,2943,944.72
2024-08-07,104,Retargeting - Display,138967,3386,1012.21
2024-08-08,104,Retargeting - Display,137497,4138,1022.54
2024-08-09,104,Retargeting - Display,132051,5346,1067.01
2024-08-10,104,Retargeting - Display,115358,5535,1225.51
2024-08-11,104,Retargeting - Display,73207,2275,702.99
2024-08-12,104,Retargeting - Display,116187,2570,1033.67
2024-08-13,104,Retargeting - Display,122880,3235,843.5
2024-08-14,104,Retargeting - Display,131436,3407,1136.28
2024-08-15,104,Retargeting - Display,67432,2634,694.6
2024-08-16,104,Retargeting - Display,167818,5676,1135.21
2024-08-17,104,Retargeting - Display,144993,6480,977.67
2024-08-18,104,Retargeting - Display,91698,4321,840.81
2024-08-19,104,Retargeting - Display,94036,3122,1072.24
2024-08-20,104,Retargeting - Display,103334,4675,931.57
2024-08-21,104,Retargeting - Display,109239,4051,1189.34
2024-08-22,104,Retargeting - Display,105857,3769,1112.91
2024-08-23,104,Retargeting - Display,125774,6863,1212.38
2024-08-24,104,Retargeting - Display,175713,9181,1176.17
2024-08-25,104,Retargeting - Display,120119,6880,1230.74
2024-08-26,104,Retargeting - Display,129257,6735,1112.95
2024-08-27,104,Retargeting - Display,97125,4903,1115.69
2024-08-28,104,Retargeting - Display,92072,4975,790.81
2024-08-29,104,Retargeting - Display,153028,7548,1051.28
2024-08-30,104,Retargeting - Display,81270,1906,907.37
2024-08-31,104,Retargeting - Display,104342,3201,1078.46
2024-09-01,104,Retargeting - Display,107441,4780,1071.0
2024-09-02,104,Retargeting - Display,103231,4343,841.26
2024-09-03,104,Retargeting - Display,123766,4371,1133.38
2024-09-04,104,Retargeting - Display,77312,2345,815.56
2024-09-05,104,Retargeting - Display,68272,2728,754.7
2024-09-06,104,Retargeting - Display,72346,2908,878.9
2024-09-07,104,Retargeting - Display,120734,2980,985.95
2024-09-08,104,Retargeting - Display,112301,2398,781.0
2024-09-09,104,Retargeting - Display,95413,4576,767.6
2024-09-10,104,Retargeting - Display,123121,5171,1156.79
2024-09-11,104,Retargeting - Display,81273,4334,801.28
2024-09-12,104,Retargeting - Display,125777,3139,938.54
2024-09-13,104,Retargeting - Display,144206,5595,964.02
2024-09-14,104,Retargeting - Display,90819,2283,1087.06
2024-09-15,104,Retargeting - Display,85253,2770,1030.91
2024-09-16,104,Retargeting - Display,97336,2945,1201.19
2024-09-17,104,Retargeting - Display,139698,5525,1164.99
2024-09-18,104,Retargeting - Display,112639,3770,887.87
2024-09-19,104,Retargeting - Display,140024,8152,1086.13
2024-09-20,104,Retargeting - Display,67768,3788,779.82
2024-09-21,104,Retargeting - Display,102970,4564,825.87
2024-09-22,104,Retargeting - Display,108131,2239,957.37
2024-09-23,104,Retargeting - Display,71043,2686,721.52
2024-09-24,104,Retargeting - Display,116416,6900,1016.19
2024-09-25,104,Retargeting - Display,85510,3836,696.59
2024-09-26,104,Retargeting - Display,115556,4936,1052.28
2024-09-27,104,Retargeting - Display,109037,5825,987.52
2024-09-28,104,Retargeting - Display,75323,4220,793.28
2024-09-29,104,Retargeting - Display,94489,3257,1115.57
2024-09-30,104,Retargeting - Display,61826,2353,751.33
2024-10-01,104,Retargeting - Display,109299,3060,833.16
2024-10-02,104,Retargeting - Display,136814,6498,1006.14
2024-10-03,104,Retargeting - Display,170826,10027,1155.91
2024-10-04,104,Retargeting - Display,83765,3312,724.95
2024-10-05,104,Retargeting - Display,88721,2797,704.37
2024-10-06,104,Retargeting - Display,99186,2394,1124.85
2024-10-07,104,Retargeting - Display,121642,3684,868.29
2024-10-08,104,Retargeting - Display,127941,3014,880.68
2024-10-09,104,Retargeting - Display,150649,3231,1223.32
2024-10-10,104,Retargeting - Display,82369,2844,903.23
2024-10-11,104,Retargeting - Display,96971,5423,800.96
2024-10-12,104,Retargeting - Display,105930,3239,737.97
2024-10-13,104,Retargeting - Display,68557,2051,666.62
2024-10-14,104,Retargeting - Display,88618,4570,754.9
2024-10-15,104,Retargeting - Display,132371,5625,945.32
2024-10-16,104,Retargeting - Display,127815,4861,1111.9
2024-10-17,104,Retargeting - Display,129118,6712,1229.52
2024-10-18,104,Retargeting - Display,70966,1565,736.23
2024-10-19,104,Retargeting - Display,84514,1695,1051.84
2024-10-20,104,Retargeting - Display,64329,2390,740.55
2024-10-21,104,Retargeting - Display,81137,1773,1001.9
2024-10-22,104,Retargeting - Display,98045,5526,761.33
2024-10-23,104,Retargeting - Display,177035,5313,1180.92
2024-10-24,104,Retargeting - Display,133094,4997,1150.47
2024-10-25,104,Retargeting - Display,71490,2773,664.17
2024-10-26,104,Retargeting - Display,136619,8157,1110.43
2024-10-27,104,Retargeting - Display,101769,3876,1215.2
2024-10-28,104,Retargeting - Display,89859,2938,1044.26
2024-10-29,104,Retargeting - Display,99879,2287,912.58
2024-10-30,104,Retargeting - Display,105098,5051,1151.96
2024-10-31,104,Retargeting - Display,123404,3602,995.2
2024-11-01,104,Retargeting - Display,109485,4760,1258.85
2024-11-02,104,Retargeting - Display,152031,5203,1348.29
2024-11-03,104,Retargeting - Display,187010,11026,1483.43
2024-11-04,104,Retargeting - Display,162835,8075,1697.5
2024-11-05,104,Retargeting - Display,154461,4520,1678.68
2024-11-06,104,Retargeting - Display,186495,5070,1818.03
2024-11-07,104,Retargeting - Display,128131,6557,1155.01
2024-11-08,104,Retargeting - Display,198435,10165,1926.03
2024-11-09,104,Retargeting - Display,121827,5325,1199.27
2024-11-10,104,Retargeting - Display,160294,3955,1255.54
2024-11-11,104,Retargeting - Display,182024,8190,1584.66
2024-11-12,104,Retargeting - Display,179988,5988,1555.08
2024-11-13,104,Retargeting - Display,106903,3350,1159.6
2024-11-14,104,Retargeting - Display,102070,4820,1065.57
2024-11-15,104,Retargeting - Display,150931,5781,1167.23
2024-11-16,104,Retargeting - Display,218960,8662,1755.83
2024-11-17,104,Retargeting - Display,133107,3397,1203.9
2024-11-18,104,Retargeting - Display,244922,12969,1675.18
2024-11-19,104,Retargeting - Display,148330,8380,1569.19
2024-11-20,104,Retargeting - Display,109577,4793,1119.8
2024-11-21,104,Retargeting - Display,151496,5039,1821.67
2024-11-22,104,Retargeting - Display,224344,8232,1603.78
2024-11-23,104,Retargeting - Display,155002,4174,1263.38
2024-11-24,104,Retargeting - Display,163234,5489,1374.44
2024-11-25,104,Retargeting - Display,88862,3423,1094.84
2024-11-26,104,Retargeting - Display,155572,9053,1593.55
2024-11-27,104,Retargeting - Display,147052,8057,1451.53
2024-11-28,104,Retargeting - Display,230341,7860,1725.53
2024-11-29,104,Retargeting - Display,145370,5904,1663.03
2024-11-30,104,Retargeting - Display,137866,7149,1599.05
2024-12-01,104,Retargeting - Display,235989,11449,1899.6
2024-12-02,104,Retargeting - Display,110226,3655,1109.58
2024-12-03,104,Retargeting - Display,156912,4234,1615.87
2024-12-04,104,Retargeting - Display,130412,3703,1082.36
2024-12-05,104,Retargeting - Display,187473,10260,1543.99
2024-12-06,104,Retargeting - Display,143655,3632,1086.35
2024-12-07,104,Retargeting - Display,186376,6448,1418.06
2024-12-08,104,Retargeting - Display,204009,6531,1601.11
2024-12-09,104,Retargeting - Display,174536,4382,1643.03
2024-12-10,104,Retargeting - Display,250050,6306,1871.05
2024-12-11,104,Retargeting - Display,132158,5143,1178.44
2024-12-12,104,Retargeting - Display,193191,8655,1899.61
2024-12-13,104,Retargeting - Display,164231,3486,1512.48
2024-12-14,104,Retargeting - Display,115628,3549,1391.8
2024-12-15,104,Retargeting - Display,243248,8921,1695.87
2024-12-16,104,Retargeting - Display,207325,5840,1423.82
2024-12-17,104,Retargeting - Display,161528,5955,1912.49
2024-12-18,104,Retargeting - Display,152436,3649,1136.42
2024-12-19,104,Retargeting - Display,168097,8329,1540.25
2024-12-20,104,Retargeting - Display,137119,7004,1126.81
2024-12-21,104,Retargeting - Display,117538,4820,1291.71
2024-12-22,104,Retargeting - Display,203793,11721,1815.77
2024-12-23,104,Retargeting - Display,178200,6326,1535.71
2024-12-24,104,Retargeting - Display,96335,3281,1084.3
2024-12-25,104,Retargeting - Display,182323,6362,1545.23
2024-12-26,104,Retargeting - Display,188352,11154,1324.39
2024-12-27,104,Retargeting - Display,222806,7799,1578.19
2024-12-28,104,Retargeting - Display,192167,8515,1773.63
2024-12-29,104,Retargeting - Display,256733,7044,1830.76
2024-12-30,104,Retargeting - Display,262010,10818,1808.56
2024-12-31,104,Retargeting - Display,111109,5311,1226.78
2025-01-01,104,Retargeting - Display,81944,2379,733.17
2025-01-02,104,Retargeting - Display,83596,1696,657.64
2025-01-03,104,Retargeting - Display,78618,2293,656.92
2025-01-04,104,Retargeting - Display,83637,1788,740.6
2025-01-05,104,Retargeting - Display,79616,3944,
2025-01-06,104,Retargeting - Display,91196,4337,661.65
2025-01-07,104,Retargeting - Display,70198,3400,675.78
2025-01-08,104,Retargeting - Display,62980,3635,771.56
2025-01-09,104,Retargeting - Display,102811,5986,956.29
2025-01-10,104,Retargeting - Display,95713,2607,871.58
2025-01-11,104,Retargeting - Display,93470,3985,981.19
2025-01-12,104,Retargeting - Display,64263,3781,678.42
2025-01-13,104,Retargeting - Display,78600,4463,948.06
2025-01-14,104,Retargeting - Display,109406,5274,852.06
2025-01-15,104,Retargeting - Display,94080,4499,690.98
2025-01-16,104,Retargeting - Display,81506,3878,622.82
2025-01-17,104,Retargeting - Display,92318,2560,695.83
2025-01-18,104,Retargeting - Display,103584,4949,730.19
2025-01-19,104,Retargeting - Display,99091,4590,848.04
2025-01-20,104,Retargeting - Display,122992,5600,968.87
2025-01-21,104,Retargeting - Display,50850,2655,607.3
2025-01-22,104,Retargeting - Display,66522,3053,787.63
2025-01-23,104,Retargeting - Display,80456,4654,947.99
2025-01-24,104,Retargeting - Display,84836,2076,835.54
2025-01-25,104,Retargeting - Display,110220,4431,834.87
2025-01-26,104,Retargeting - Display,54111,2747,612.5
2025-01-27,104,Retargeting - Display,78334,3079,853.7
2025-01-28,104,Retargeting - Display,63909,1932,598.64
2025-01-29,104,Retargeting - Display,79709,2482,535.88
2025-01-30,104,Retargeting - Display,103969,3505,798.08
2025-01-31,104,Retargeting - Display,60892,1780,751.8
2025-02-01,104,Retargeting - Display,93789,2956,883.72
2025-02-02,104,Retargeting - Display,123014,7262,943.09
2025-02-03,104,Retargeting - Display,53693,2144,612.64
2025-02-04,104,Retargeting - Display,100540,3351,740.47
2025-02-05,104,Retargeting - Display,95447,3229,950.76
2025-02-06,104,Retargeting - Display,92011,2775,885.71
2025-02-07,104,Retargeting - Display,98043,2473,831.73
2025-02-08,104,Retargeting - Display,94063,4899,950.69
2025-02-09,104,Retargeting - Display,93339,3196,747.58
2025-02-10,104,Retargeting - Display,98651,5037,958.54
2025-02-11,104,Retargeting - Display,80435,4469,574.93
2025-02-12,104,Retargeting - Display,115214,3944,777.99
2025-02-13,104,Retargeting - Display,75461,1956,631.86
2025-02-14,104,Retargeting - Display,74605,2097,812.31
2025-02-15,104,Retargeting - Display,95963,5048,928.99
2025-02-16,104,Retargeting - Display,53553,2017,651.59
2025-02-17,104,Retargeting - Display,66699,1676,802.27
2025-02-18,104,Retargeting - Display,47686,2138,547.59
2025-02-19,104,Retargeting - Display,77996,1576,579.33
2025-02-20,104,Retargeting - Display,64763,2395,736.85
2025-02-21,104,Retargeting - Display,78057,3372,573.45
2025-02-22,104,Retargeting - Display,78646,2134,827.42
2025-02-23,104,Retargeting - Display,76047,3905,919.57
2025-02-24,104,Retargeting - Display,103710,2303,715.31
2025-02-25,104,Retargeting - Display,84028,2337,840.34
2025-02-26,104,Retargeting - Display,75650,2221,605.17
2025-02-27,104,Retargeting - Display,106149,3525,806.77
2025-02-28,104,Retargeting - Display,61732,3578,-73.384
2025-03-01,104,Retargeting - Display,112948,6445,1162.87
2025-03-02,104,Retargeting - Display,131397,3655,1104.14
2025-03-03,104,Retargeting - Display,86500,3938,822.96
2025-03-04,104,Retargeting - Display,83776,3149,869.98
2025-03-05,104,Retargeting - Display,108322,3825,1192.62
2025-03-06,104,Retargeting - Display,101271,3726,928.46
2025-03-07,104,Retargeting - Display,139574,7105,1139.69
2025-03-08,104,Retargeting - Display,90165,5289,677.87
2025-03-09,104,Retargeting - Display,112658,5419,1086.11
2025-03-10,104,Retargeting - Display,112980,6161,865.63
2025-03-11,104,Retargeting - Display,104320,2300,911.98
2025-03-12,104,Retargeting - Display,136219,5784,931.35
2025-03-13,104,Retargeting - Display,99127,2392,732.67
2025-03-14,104,Retargeting - Display,129850,7541,1195.54
2025-03-15,104,Retargeting - Display,99826,2717,1073.67
2025-03-16,104,Retargeting - Display,87231,4730,822.45
2025-03-17,104,Retargeting - Display,89137,4097,771.38
2025-03-18,104,Retargeting - Display,132910,7044,958.69
2025-03-19,104,Retargeting - Display,102059,3710,1064.54
2025-03-20,104,Retargeting - Display,73232,4120,874.8
2025-03-21,104,Retargeting - Display,121421,3513,1058.62
2025-03-22,104,Retargeting - Display,130657,4231,1110.75
2025-03-23,104,Retargeting - Display,103189,2728,922.75
2025-03-24,104,Retargeting - Display,82590,2852,754.89
2025-03-25,104,Retargeting - Display,79481,4621,693.17
2025-03-26,104,Retargeting - Display,121774,5368,981.73
2025-03-27,104,Retargeting - Display,134216,5957,918.55
2025-03-28,104,Retargeting - Display,137992,7788,939.15
2025-03-29,104,Retargeting - Display,69795,1921,704.23
2025-03-30,104,Retargeting - Display,171271,4692,1173.52
2025-03-31,104,Retargeting - Display,66386,3117,768.67
2025-04-01,104,Retargeting - Display,80781,3784,886.22
2025-04-02,104,Retargeting - Display,99211,3412,920.94
2025-04-03,104,Retargeting - Display,97506,5791,690.96
2025-04-04,104,Retargeting - Display,83679,4326,876.69
2025-04-05,104,Retargeting - Display,129408,2782,1000.68
2025-04-06,104,Retargeting - Display,149964,5961,1066.24
2025-04-07,104,Retargeting - Display,102782,4588,1027.81
2025-04-08,104,Retargeting - Display,81828,2687,866.27
2025-04-09,104,Retargeting - Display,94479,2353,895.83
2025-04-10,104,Retargeting - Display,102115,5675,1018.92
2025-04-11,104,Retargeting - Display,77568,1720,851.56
2025-04-12,104,Retargeting - Display,73299,2240,710.35
2025-04-13,104,Retargeting - Display,90500,2260,703.4
2025-04-14,104,Retargeting - Display,119311,4281,1061.96
2025-04-15,104,Retargeting - Display,130610,7020,1082.93
2025-04-16,104,Retargeting - Display,126993,4785,1122.2
2025-04-17,104,Retargeting - Display,112329,4637,778.09
2025-04-18,104,Retargeting - Display,80476,1846,944.22
2025-04-19,104,Retargeting - Display,134472,6522,1013.34
2025-04-20,104,Retargeting - Display,116220,5318,1107.77
2025-04-21,104,Retargeting - Display,79599,4678,704.85
2025-04-22,104,Retargeting - Display,107778,2481,834.45
2025-04-23,104,Retargeting - Display,109661,4635,927.4
2025-04-24,104,Retargeting - Display,115964,4028,1175.53
2025-04-25,104,Retargeting - Display,92770,4602,1157.06
2025-04-26,104,Retargeting - Display,98323,2501,922.95
2025-04-27,104,Retargeting - Display,89150,2067,872.37
2025-04-28,104,Retargeting - Display,109498,3345,1134.47
2025-04-29,104,Retargeting - Display,129529,3902,1037.68
2025-04-30,104,Retargeting - Display,103474,2154,1157.77
2025-05-01,104,Retargeting - Display,61633,1861,767.01
2025-05-02,104,Retargeting - Display,141236,7307,1126.0
2025-05-03,104,Retargeting - Display,95543,5340,800.69
2025-05-04,104,Retargeting - Display,137545,5629,1179.63
2025-05-05,104,Retargeting - Display,124025,5601,866.7
2025-05-06,104,Retargeting - Display,131318,3423,928.49
2025-05-07,104,Retargeting - Display,102117,2320,1222.0
2025-05-08,104,Retargeting - Display,77115,2459,776.65
2025-05-09,104,Retargeting - Display,101862,2792,1030.41
2025-05-10,104,Retargeting - Display,99154,2805,1165.0
2025-05-11,104,Retargeting - Display,146070,3399,1031.65
2025-05-12,104,Retargeting - Display,74055,2388,878.45
2025-05-13,104,Retargeting - Display,127909,6699,1187.64
2025-05-14,104,Retargeting - Display,148936,6698,1173.18
2025-05-15,104,Retargeting - Display,62437,1945,719.24
2025-05-16,104,Retargeting - Display,123962,4918,1154.97
2025-05-17,104,Retargeting - Display,86041,3680,776.99
2025-05-18,104,Retargeting - Display,122492,2888,1048.72
2025-05-19,104,Retargeting - Display,58356,1469,681.27
2025-05-20,104,Retargeting - Display,115239,6603,999.16
2025-05-21,104,Retargeting - Display,77527,4193,892.1
2025-05-22,104,Retargeting - Display,149014,3470,994.52
2025-05-23,104,Retargeting - Display,114234,6201,892.34
2025-05-24,104,Retargeting - Display,111113,4682,1182.23
2025-05-25,104,Retargeting - Display,105110,5061,788.29
2025-05-26,104,Retargeting - Display,141456,5058,1057.36
2025-05-27,104,Retargeting - Display,125979,3134,1032.9
2025-05-28,104,Retargeting - Display,96141,4689,1165.49
2025-05-29,104,Retargeting - Display,165793,3440,1112.62
2025-05-30,104,Retargeting - Display,89981,3181,1033.35
2025-05-31,104,Retargeting - Display,166506,8481,1171.17
2025-06-01,104,Retargeting - Display,119938,2675,1054.91
2025-06-02,104,Retargeting - Display,96530,4942,919.29
2025-06-03,104,Retargeting - Display,115573,4326,863.18
2025-06-04,104,Retargeting - Display,120465,2732,1186.75
2025-06-05,104,Retargeting - Display,116236,4399,1208.38
2025-06-06,104,Retargeting - Display,112759,4729,915.66
2025-06-07,104,Retargeting - Display,85301,3083,872.25
2025-06-08,104,Retargeting - Display,176204,10086,1175.31
2025-06-09,104,Retargeting - Display,99866,2594,834.67
2025-06-10,104,Retargeting - Display,113166,6259,1042.38
2025-06-11,104,Retargeting - Display,145629,6965,991.95
2025-06-12,104,Retargeting - Display,86193,4978,880.1
2025-06-13,104,Retargeting - Display,143527,5858,1200.04
2025-06-14,104,Retargeting - Display,109807,4158,1011.82
2025-06-15,104,Retargeting - Display,96890,3451,996.62
2025-06-16,104,Retargeting - Display,108731,3123,791.18
2025-06-17,104,Retargeting - Display,69101,2092,695.12
2025-06-18,104,Retargeting - Display,88025,2790,800.94
2025-06-19,104,Retargeting - Display,89413,2862,1109.98
2025-06-20,104,Retargeting - Display,96907,5293,1102.92
2025-06-21,104,Retargeting - Display,88656,2355,813.05
2025-06-22,104,Retargeting - Display,139761,5771,1006.56
2025-06-23,104,Retargeting - Display,109455,2874,1061.96
2025-06-24,104,Retargeting - Display,136920,6679,928.74
2025-06-25,104,Retargeting - Display,105671,2987,881.94
2025-06-26,104,Retargeting - Display,128008,2678,1152.46
2025-06-27,104,Retargeting - Display,86709,4175,908.04
2025-06-28,104,Retargeting - Display,79363,3968,804.58
2025-06-29,104,Retargeting - Display,127093,3550,848.01
2025-06-30,104,Retargeting - Display,127531,2961,1026.82
2025-07-01,104,Retargeting - Display,117898,3899,
2025-07-02,104,Retargeting - Display,119710,2535,914.11
2025-07-03,104,Retargeting - Display,128352,6677,871.46
2025-07-04,104,Retargeting - Display,62823,2017,701.56
2025-07-05,104,Retargeting - Display,110270,2699,1160.15
2025-07-06,104,Retargeting - Display,159818,8547,1096.58
2025-07-07,104,Retargeting - Display,88008,2739,1038.21
2025-07-08,104,Retargeting - Display,91113,2745,864.94
2025-07-09,104,Retargeting - Display,109463,4859,1185.65
2025-07-10,104,Retargeting - Display,141721,4005,1084.68
2025-07-11,104,Retargeting - Display,133890,6372,1046.16
2025-07-12,104,Retargeting - Display,83302,2904,740.04
2025-07-13,104,Retargeting - Display,62821,3380,716.9
2025-07-14,104,Retargeting - Display,88992,3223,1038.91
2025-07-15,104,Retargeting - Display,104823,4489,906.04
2025-07-16,104,Retargeting - Display,78779,3139,749.33
2025-07-17,104,Retargeting - Display,112333,4253,1104.67
2025-07-18,104,Retargeting - Display,86825,3668,864.48
2025-07-19,104,Retargeting - Display,125140,6755,905.84
2025-07-20,104,Retargeting - Display,106545,5610,822.15
2025-07-21,104,Retargeting - Display,115562,4522,1041.11
2025-07-22,104,Retargeting - Display,78349,1674,694.52
2025-07-23,104,Retargeting - Display,127787,3148,1176.1
2025-07-24,104,Retargeting - Display,64903,3559,760.77
2025-07-25,104,Retargeting - Display,122013,4114,1146.58
2025-07-26,104,Retargeting - Display,82701,4225,804.88
2025-07-27,104,Retargeting - Display,85989,3103,863.3
2025-07-28,104,Retargeting - Display,60262,1900,664.53
2025-07-29,104,Retargeting - Display,164046,4578,1116.7
2025-07-30,104,Retargeting - Display,83978,2650,845.44
2025-07-31,104,Retargeting - Display,138530,7832,1090.06
2025-08-01,104,Retargeting - Display,86563,5017,1011.1
2025-08-02,104,Retargeting - Display,132991,3727,1184.42
2025-08-03,104,Retargeting - Display,58781,2141,687.77
2025-08-04,104,Retargeting - Display,139366,4532,965.52
2025-08-05,104,Retargeting - Display,101433,5466,1081.3
2025-08-06,104,Retargeting - Display,105045,3102,926.84
2025-08-07,104,Retargeting - Display,58528,1881,666.72
2025-08-08,104,Retargeting - Display,83561,2116,995.52
2025-08-09,104,Retargeting - Display,91516,2392,1116.67
2025-08-10,104,Retargeting - Display,134871,4542,1013.61
2025-08-11,104,Retargeting - Display,94463,3948,962.19
2025-08-12,104,Retargeting - Display,76279,1880,891.27
2025-08-13,104,Retargeting - Display,81561,3780,703.38
2025-08-14,104,Retargeting - Display,53982,2750,666.36
2025-08-15,104,Retargeting - Display,161420,4978,1210.89
2025-08-16,104,Retargeting - Display,126414,3113,1142.36
2025-08-17,104,Retargeting - Display,156910,3981,1070.68
2025-08-18,104,Retargeting - Display,160118,9473,1067.71
2025-08-19,104,Retargeting - Display,111459,3113,1163.11
2025-08-20,104,Retargeting - Display,120320,5457,833.02
2025-08-21,104,Retargeting - Display,178279,5219,1210.24
2025-08-22,104,Retargeting - Display,68612,2298,853.77
2025-08-23,104,Retargeting - Display,76862,1840,681.64
2025-08-24,104,Retargeting - Display,61415,2780,692.29
2025-08-25,104,Retargeting - Display,147878,6359,1131.59
2025-08-26,104,Retargeting - Display,90209,1983,1004.14
2025-08-27,104,Retargeting - Display,110384,3591,1034.66
2025-08-28,104,Retargeting - Display,75602,3370,716.35
2025-08-29,104,Retargeting - Display,73668,2243,802.02
2025-08-30,104,Retargeting - Display,127870,5794,934.28
2025-08-31,104,Retargeting - Display,86452,4951,940.02
2025-09-01,104,Retargeting - Display,140029,5238,964.76
2025-09-02,104,Retargeting - Display,105374,4415,808.69
2025-09-03,104,Retargeting - Display,71328,3518,875.08
2025-09-04,104,Retargeting - Display,97598,4392,1164.47
2025-09-05,104,Retargeting - Display,146062,7828,1098.77
2025-09-06,104,Retargeting - Display,124797,5452,1151.6
2025-09-07,104,Retargeting - Display,101107,5101,996.13
2025-09-08,104,Retargeting - Display,97017,3811,869.64
2025-09-09,104,Retargeting - Display,81875,3133,764.82
2025-09-10,104,Retargeting - Display,143218,5768,1054.71
2025-09-11,104,Retargeting - Display,149557,6906,1168.46
2025-09-12,104,Retargeting - Display,86820,5081,791.61
2025-09-13,104,Retargeting - Display,110522,3802,1134.3
2025-09-14,104,Retargeting - Display,74230,1812,781.19
2025-09-15,104,Retargeting - Display,133559,3144,932.54
2025-09-16,104,Retargeting - Display,106279,4839,771.8
2025-09-17,104,Retargeting - Display,78018,3630,789.01
2025-09-18,104,Retargeting - Display,144182,6257,1209.14
2025-09-19,104,Retargeting - Display,107708,3917,1155.08
2025-09-20,104,Retargeting - Display,119958,6376,893.75
2025-09-21,104,Retargeting - Display,175751,7560,1188.52
2025-09-22,104,Retargeting - Display,114740,6078,949.4
2025-09-23,104,Retargeting - Display,74381,4108,827.49
2025-09-24,104,Retargeting - Display,97081,3867,1131.75
2025-09-25,104,Retargeting - Display,107246,3201,1045.61
2025-09-26,104,Retargeting - Display,95444,2744,-95.16900000000001
2025-09-27,104,Retargeting - Display,87196,3961,687.68
2025-09-28,104,Retargeting - Display,84649,3252,726.95
2025-09-29,104,Retargeting - Display,138329,4543,1069.88
2025-09-30,104,Retargeting - Display,61823,2677,750.38
2025-10-01,104,Retargeting - Display,118205,5341,1176.3
2025-10-02,104,Retargeting - Display,93606,2871,719.44
2025-10-03,104,Retargeting - Display,99260,3750,835.2
2025-10-04,104,Retargeting - Display,60095,1460,709.69
2025-10-05,104,Retargeting - Display,93623,2724,1098.03
2025-10-06,104,Retargeting - Display,92532,3917,788.62
2025-10-07,104,Retargeting - Display,80491,2128,981.25
2025-10-08,104,Retargeting - Display,110810,3102,767.94
2025-10-09,104,Retargeting - Display,62413,2784,699.37
2025-10-10,104,Retargeting - Display,117325,5119,887.34
2025-10-11,104,Retargeting - Display,114392,4979,994.5
2025-10-12,104,Retargeting - Display,119521,4517,997.83
2025-10-13,104,Retargeting - Display,105007,4863,917.34
2025-10-14,104,Retargeting - Display,104811,2844,1107.23
2025-10-15,104,Retargeting - Display,79306,1779,675.1
2025-10-16,104,Retargeting - Display,121796,4879,1053.61
2025-10-17,104,Retargeting - Display,95108,4902,1061.4
2025-10-18,104,Retargeting - Display,134510,7536,1054.84
2025-10-19,104,Retargeting - Display,139646,6223,950.06
2025-10-20,104,Retargeting - Display,112022,5908,795.73
2025-10-21,104,Retargeting - Display,88153,3703,738.52
2025-10-22,104,Retargeting - Display,134499,7002,1212.51
2025-10-23,104,Retargeting - Display,97640,3556,663.77
2025-10-24,104,Retargeting - Display,74941,3495,814.94
2025-10-25,104,Retargeting - Display,139501,7783,958.81
2025-10-26,104,Retargeting - Display,145331,5090,1018.2
2025-10-27,104,Retargeting - Display,125884,4498,959.27
2025-10-28,104,Retargeting - Display,91488,4226,724.28
2025-10-29,104,Retargeting - Display,105437,5214,733.4
2025-10-30,104,Retargeting - Display,94511,4746,756.14
2025-10-31,104,Retargeting - Display,98937,2711,777.12
2025-11-01,104,Retargeting - Display,191213,9238,1597.14
2025-11-02,104,Retargeting - Display,242066,5147,1624.11
2025-11-03,104,Retargeting - Display,145672,7272,1673.06
2025-11-04,104,Retargeting - Display,245351,4984,1861.58
2025-11-05,104,Retargeting - Display,218842,5822,1728.0
2025-11-06,104,Retargeting - Display,149701,6414,1069.15
2025-11-07,104,Retargeting - Display,116603,3391,1061.2
2025-11-08,104,Retargeting - Display,231160,6654,1562.46
2025-11-09,104,Retargeting - Display,158991,6944,1457.41
2025-11-10,104,Retargeting - Display,168077,6911,1297.06
2025-11-11,104,Retargeting - Display,162514,9126,1259.34
2025-11-12,104,Retargeting - Display,202699,6454,1439.02
2025-11-13,104,Retargeting - Display,112465,2684,1113.98
2025-11-14,104,Retargeting - Display,124356,6127,1356.06
2025-11-15,104,Retargeting - Display,147513,8544,
2025-11-16,104,Retargeting - Display,151623,6466,1844.0
2025-11-17,104,Retargeting - Display,155419,8237,1293.66
2025-11-18,104,Retargeting - Display,162517,7499,1567.68
2025-11-19,104,Retargeting - Display,200210,5546,1551.97
2025-11-20,104,Retargeting - Display,159610,5113,1281.73
2025-11-21,104,Retargeting - Display,171817,7615,1188.57
2025-11-22,104,Retargeting - Display,158386,4937,1231.73
2025-11-23,104,Retargeting - Display,89209,5266,1089.6
2025-11-24,104,Retargeting - Display,118721,4202,1327.58
2025-11-25,104,Retargeting - Display,196285,6404,1630.71
2025-11-26,104,Retargeting - Display,136024,6242,1542.61
2025-11-27,104,Retargeting - Display,141623,6679,1315.88
2025-11-28,104,Retargeting - Display,154907,7659,1501.7
2025-11-29,104,Retargeting - Display,165629,8537,1593.58
2025-11-30,104,Retargeting - Display,159713,8694,1285.19
2025-12-01,104,Retargeting - Display,221822,10874,1761.31
2025-12-02,104,Retargeting - Display,231816,12747,1802.2
2025-12-03,104,Retargeting - Display,212270,8493,1485.57
2025-12-04,104,Retargeting - Display,160017,6026,1558.9
2025-12-05,104,Retargeting - Display,193076,10766,1529.88
2025-12-06,104,Retargeting - Display,233897,6332,1667.87
2025-12-07,104,Retargeting - Display,130791,4436,1215.26
2025-12-08,104,Retargeting - Display,192637,6463,1372.68
2025-12-09,104,Retargeting - Display,163508,9297,1153.01
2025-12-10,104,Retargeting - Display,179187,9496,1608.62
2025-12-11,104,Retargeting - Display,115063,3948,1307.5
2025-12-12,104,Retargeting - Display,172185,3606,1641.21
2025-12-13,104,Retargeting - Display,187940,9776,1348.02
2025-12-14,104,Retargeting - Display,137575,2864,1708.48
2025-12-15,104,Retargeting - Display,188715,10932,1688.93
2025-12-16,104,Retargeting - Display,120675,6358,1442.94
2025-12-17,104,Retargeting - Display,143183,4973,1235.89
2025-12-18,104,Retargeting - Display,171566,3777,1698.22
2025-12-19,104,Retargeting - Display,164383,8893,1740.18
2025-12-20,104,Retargeting - Display,180798,6834,1925.62
2025-12-21,104,Retargeting - Display,211806,8055,1539.73
2025-12-22,104,Retargeting - Display,131213,7024,1234.86
2025-12-23,104,Retargeting - Display,241726,12617,1840.99
2025-12-24,104,Retargeting - Display,103363,4777,1072.92
2025-12-25,104,Retargeting - Display,111209,4706,1170.91
2025-12-26,104,Retargeting - Display,208988,9629,1897.86
2025-12-27,104,Retargeting - Display,229354,10450,1777.25
2025-12-28,104,Retargeting - Display,196360,7441,1951.75
2025-12-29,104,Retargeting - Display,190142,11160,1329.83
2025-12-30,104,Retargeting - Display,267877,13602,1867.51
2025-12-31,104,Retargeting - Display,226805,11588,1674.79
2026-01-01,104,Retargeting - Display,70813,3425,650.33
2026-01-02,104,Retargeting - Display,80285,4157,641.32
2026-01-03,104,Retargeting - Display,78675,2417,981.9
2026-01-04,104,Retargeting - Display,55595,2303,561.66
2026-01-05,104,Retargeting - Display,66646,1816,773.96
2026-01-06,104,Retargeting - Display,76435,3820,596.92
2026-01-07,104,Retargeting - Display,95737,2202,734.15
2026-01-08,104,Retargeting - Display,58991,2992,721.29
2026-01-09,104,Retargeting - Display,94743,3525,724.08
2026-01-10,104,Retargeting - Display,81891,4868,615.56
2026-01-11,104,Retargeting - Display,123456,6001,937.53
2026-01-12,104,Retargeting - Display,63949,1286,551.0
2026-01-13,104,Retargeting - Display,107797,3197,823.66
2026-01-14,104,Retargeting - Display,86991,2964,710.04
2026-01-15,104,Retargeting - Display,109670,3890,781.79
2026-01-16,104,Retargeting - Display,83762,3876,779.63
2026-01-17,104,Retargeting - Display,72492,4171,539.88
2026-01-18,104,Retargeting - Display,58861,2673,636.07
2026-01-19,104,Retargeting - Display,63537,3393,677.88
2026-01-20,104,Retargeting - Display,82478,3498,871.68
2026-01-21,104,Retargeting - Display,62335,1491,541.23
2026-01-22,104,Retargeting - Display,45297,2586,545.54
2026-01-23,104,Retargeting - Display,105722,4749,875.92
2026-01-24,104,Retargeting - Display,61516,2582,726.3
2026-01-25,104,Retargeting - Display,73097,2023,587.07
2026-01-26,104,Retargeting - Display,78917,3221,983.37
2026-01-27,104,Retargeting - Display,118049,5300,923.71
2026-01-28,104,Retargeting - Display,116099,4886,866.12
2026-01-29,104,Retargeting - Display,79668,2835,685.63
2026-01-30,104,Retargeting - Display,57794,1169,657.73
2026-01-31,104,Retargeting - Display,118147,6636,856.56
2026-02-01,104,Retargeting - Display,125014,2781,927.42
2026-02-02,104,Retargeting - Display,81535,1714,800.81
2026-02-03,104,Retargeting - Display,77027,4547,734.65
2026-02-04,104,Retargeting - Display,81857,2268,724.13
2026-02-05,104,Retargeting - Display,54720,1246,670.31
2026-02-06,104,Retargeting - Display,80334,4118,940.07
2026-02-07,104,Retargeting - Display,87017,2758,808.58
2026-02-08,104,Retargeting - Display,121127,4060,947.26
2026-02-09,104,Retargeting - Display,86246,4643,766.54
2026-02-10,104,Retargeting - Display,89047,3147,838.03
2026-02-11,104,Retargeting - Display,85741,4684,898.12
2026-02-12,104,Retargeting - Display,62032,1696,574.69
2026-02-13,104,Retargeting - Display,83657,2561,789.78
2026-02-14,104,Retargeting - Display,81727,3695,
2026-02-15,104,Retargeting - Display,54816,2303,548.01
2026-02-16,104,Retargeting - Display,105693,4034,865.66
2026-02-17,104,Retargeting - Display,116495,3388,831.15
2026-02-18,104,Retargeting - Display,93593,4900,770.56
2026-02-19,104,Retargeting - Display,81806,2491,661.5
2026-02-20,104,Retargeting - Display,76780,3013,594.0
2026-02-21,104,Retargeting - Display,107145,5486,787.78
2026-02-22,104,Retargeting - Display,56108,1616,595.0
2026-02-23,104,Retargeting - Display,97435,4208,703.16
2026-02-24,104,Retargeting - Display,53313,1750,596.63
2026-02-25,104,Retargeting - Display,108833,3458,871.15
2026-02-26,104,Retargeting - Display,56523,3198,540.47
2026-02-27,104,Retargeting - Display,63171,1949,542.96
2026-02-28,104,Retargeting - Display,78567,2833,583.69
2026-03-01,104,Retargeting - Display,135435,3152,1017.17
2026-03-02,104,Retargeting - Display,95838,5655,1070.37
2026-03-03,104,Retargeting - Display,126705,7155,928.21
2026-03-04,104,Retargeting - Display,85757,2585,934.05
2026-03-05,104,Retargeting - Display,124082,2727,861.81
2026-03-06,104,Retargeting - Display,109158,4162,734.37
2026-03-07,104,Retargeting - Display,125881,5200,948.04
2026-03-08,104,Retargeting - Display,110557,4078,1139.11
2026-03-09,104,Retargeting - Display,116202,5011,805.93
2026-03-10,104,Retargeting - Display,101893,3934,925.41
2026-03-11,104,Retargeting - Display,126180,2985,916.06
2026-03-12,104,Retargeting - Display,136616,6305,1014.14
2026-03-13,104,Retargeting - Display,146299,7999,983.88
2026-03-14,104,Retargeting - Display,111747,6322,900.82
2026-03-15,104,Retargeting - Display,141005,7475,1153.41
2026-03-16,104,Retargeting - Display,144768,7767,1038.02
2026-03-17,104,Retargeting - Display,93275,3049,705.94
2026-03-18,104,Retargeting - Display,91263,3488,1092.66
2026-03-19,104,Retargeting - Display,76841,4334,767.62
2026-03-20,104,Retargeting - Display,65779,1977,724.62
2026-03-21,104,Retargeting - Display,86229,5079,936.29
2026-03-22,104,Retargeting - Display,65598,3791,742.62
2026-03-23,104,Retargeting - Display,84490,3416,800.67
2026-03-24,104,Retargeting - Display,76198,2407,836.25
2026-03-25,104,Retargeting - Display,146411,7915,1199.79
2026-03-26,104,Retargeting - Display,91326,1867,
2026-03-27,104,Retargeting - Display,76399,1567,683.99
2026-03-28,104,Retargeting - Display,71301,2324,870.16
2026-03-29,104,Retargeting - Display,125714,4978,852.84
2026-03-30,104,Retargeting - Display,98926,5758,782.24
2026-03-31,104,Retargeting - Display,92684,2443,890.61
2026-04-01,104,Retargeting - Display,161508,3983,1099.26
2026-04-02,104,Retargeting - Display,163733,7489,1170.56
2026-04-03,104,Retargeting - Display,150632,6602,1080.29
2026-04-04,104,Retargeting - Display,93334,5362,1055.17
2026-04-05,104,Retargeting - Display,144937,6421,
2026-04-06,104,Retargeting - Display,103817,3145,845.71
2026-04-07,104,Retargeting - Display,57329,2919,691.03
2026-04-08,104,Retargeting - Display,101252,2346,963.95
2026-04-09,104,Retargeting - Display,164235,9345,1134.93
2026-04-10,104,Retargeting - Display,115216,6298,769.75
2026-04-11,104,Retargeting - Display,142075,3477,1070.99
2026-04-12,104,Retargeting - Display,147779,5049,1193.36
2026-04-13,104,Retargeting - Display,85036,2414,1006.74
2026-04-14,104,Retargeting - Display,68684,1787,796.9
2026-04-15,104,Retargeting - Display,91992,4504,841.6
2026-04-16,104,Retargeting - Display,108645,3467,863.06
2026-04-17,104,Retargeting - Display,143030,3671,980.85
2026-04-18,104,Retargeting - Display,95924,3725,743.02
2026-04-19,104,Retargeting - Display,107656,5621,1137.14
2026-04-20,104,Retargeting - Display,173990,5297,1190.78
2026-04-21,104,Retargeting - Display,121809,4672,1107.11
2026-04-22,104,Retargeting - Display,83099,4873,877.97
2026-04-23,104,Retargeting - Display,93673,4552,1016.7
2026-04-24,104,Retargeting - Display,95094,4996,886.87
2026-04-25,104,Retargeting - Display,94730,4217,1122.55
2026-04-26,104,Retargeting - Display,81124,2462,792.47
2026-04-27,104,Retargeting - Display,121471,2571,1010.23
2026-04-28,104,Retargeting - Display,86562,3932,768.69
2026-04-29,104,Retargeting - Display,81752,2464,704.92
2026-04-30,104,Retargeting - Display,115299,6768,800.71
2026-05-01,104,Retargeting - Display,125470,3396,998.22
2026-05-02,104,Retargeting - Display,142141,4700,984.08
2026-05-03,104,Retargeting - Display,76342,2110,698.42
2026-05-04,104,Retargeting - Display,78553,2181,793.35
2026-05-05,104,Retargeting - Display,93684,4520,985.26
2026-05-06,104,Retargeting - Display,100831,4609,808.23
2026-05-07,104,Retargeting - Display,115953,4326,1181.46
2026-05-08,104,Retargeting - Display,141174,3527,1093.66
2026-05-09,104,Retargeting - Display,95846,4299,1054.14
2026-05-10,104,Retargeting - Display,95977,2717,823.79
2026-05-11,104,Retargeting - Display,141805,4626,1036.79
2026-05-12,104,Retargeting - Display,94247,5034,713.71
2026-05-13,104,Retargeting - Display,87296,4751,901.74
2026-05-14,104,Retargeting - Display,99499,2291,892.86
2026-05-15,104,Retargeting - Display,142086,3052,976.36
2026-05-16,104,Retargeting - Display,108837,5338,
2026-05-17,104,Retargeting - Display,60499,1843,742.13
2026-05-18,104,Retargeting - Display,73545,3999,777.03
2026-05-19,104,Retargeting - Display,127255,7076,1110.89
2026-05-20,104,Retargeting - Display,118064,6119,1008.16
2026-05-21,104,Retargeting - Display,143252,5909,1111.83
2026-05-22,104,Retargeting - Display,125874,4189,1111.41
2026-05-23,104,Retargeting - Display,67908,3673,781.01
2026-05-24,104,Retargeting - Display,110803,4969,800.43
2026-05-25,104,Retargeting - Display,138740,7388,1219.36
2026-05-26,104,Retargeting - Display,103577,2996,1045.32
2026-05-27,104,Retargeting - Display,145158,7139,1079.21
2026-05-28,104,Retargeting - Display,60914,3062,713.02
2026-05-29,104,Retargeting - Display,157125,4081,1190.87
2026-05-30,104,Retargeting - Display,154512,4998,1193.3
2026-05-31,104,Retargeting - Display,82368,2495,1026.91
2026-06-01,104,Retargeting - Display,69540,2893,839.69
2026-06-02,104,Retargeting - Display,82576,1670,708.69
2026-06-03,104,Retargeting - Display,125976,6964,1216.44
2026-06-04,104,Retargeting - Display,71141,2195,735.29
2026-06-05,104,Retargeting - Display,101575,4800,802.61
2026-06-06,104,Retargeting - Display,97830,5267,1045.1
2026-06-07,104,Retargeting - Display,93223,2318,1032.98
2026-06-08,104,Retargeting - Display,67576,3374,723.2
2026-06-09,104,Retargeting - Display,112970,6061,819.25
2026-06-10,104,Retargeting - Display,114453,3641,1001.31
2026-06-11,104,Retargeting - Display,128951,3102,866.11
2026-06-12,104,Retargeting - Display,117619,4327,1224.91
2026-06-13,104,Retargeting - Display,108940,2190,1218.05
2026-06-14,104,Retargeting - Display,102425,3617,1142.54
2026-06-15,104,Retargeting - Display,75632,1836,854.16
2026-06-16,104,Retargeting - Display,136577,8048,1158.83
2026-06-17,104,Retargeting - Display,65757,1688,708.41
2026-06-18,104,Retargeting - Display,122206,4884,916.21
2026-06-19,104,Retargeting - Display,73370,2790,891.54
2026-06-20,104,Retargeting - Display,138664,5279,1022.14
2026-06-21,104,Retargeting - Display,110824,3042,887.71
2026-06-22,104,Retargeting - Display,58856,1668,718.66
2026-06-23,104,Retargeting - Display,109069,4340,1145.55
2026-06-24,104,Retargeting - Display,73931,2944,709.56
2026-06-25,104,Retargeting - Display,97944,2333,778.12
2026-06-26,104,Retargeting - Display,68197,1459,732.58
2026-06-27,104,Retargeting - Display,98035,5203,967.44
2026-06-28,104,Retargeting - Display,106645,4207,738.73
2026-06-29,104,Retargeting - Display,130076,3357,1205.91
2026-06-30,104,Retargeting - Display,86318,2718,982.35
2026-07-01,104,Retargeting - Display,95530,2550,800.4
2026-07-02,104,Retargeting - Display,77462,3335,786.61
2026-07-03,104,Retargeting - Display,119199,5647,885.33
2026-07-04,104,Retargeting - Display,143556,6020,1117.05
2026-07-05,104,Retargeting - Display,93606,4593,672.84
2026-07-06,104,Retargeting - Display,84829,4489,686.22
2026-07-07,104,Retargeting - Display,82460,3079,716.86
2026-07-08,104,Retargeting - Display,80866,2919,799.32
2026-07-09,104,Retargeting - Display,105128,6104,818.48
2026-07-10,104,Retargeting - Display,110614,3641,1195.99
2026-07-11,104,Retargeting - Display,77105,4076,809.62
2026-07-12,104,Retargeting - Display,66376,1454,698.08
2026-07-13,104,Retargeting - Display,66075,2988,822.04
2026-07-14,104,Retargeting - Display,127344,3033,1140.74
2026-07-15,104,Retargeting - Display,110347,5401,1122.89
2026-07-16,104,Retargeting - Display,98071,5619,934.18
2026-07-17,104,Retargeting - Display,163715,6913,1189.7
2026-07-18,104,Retargeting - Display,146477,3180,1047.45
2026-07-19,104,Retargeting - Display,75408,2633,842.46
2024-07-20,105,YouTube - Awareness,132268,7566,1004.87
2024-07-21,105,YouTube - Awareness,107841,4667,969.22
2024-07-22,105,YouTube - Awareness,177509,9205,1299.62
2024-07-23,105,YouTube - Awareness,188917,11046,1289.92
2024-07-24,105,YouTube - Awareness,136419,5348,916.84
2024-07-25,105,YouTube - Awareness,115581,4895,899.92
2024-07-26,105,YouTube - Awareness,165525,6617,1244.02
2024-07-27,105,YouTube - Awareness,142368,3055,1209.74
2024-07-28,105,YouTube - Awareness,85922,4729,935.85
2024-07-29,105,YouTube - Awareness,136607,3881,1061.78
2024-07-30,105,YouTube - Awareness,144848,7996,1130.48
2024-07-31,105,YouTube - Awareness,101459,5523,923.55
2024-08-01,105,YouTube - Awareness,133634,4238,898.19
2024-08-02,105,YouTube - Awareness,110966,3644,974.82
2024-08-03,105,YouTube - Awareness,101530,2647,926.13
2024-08-04,105,YouTube - Awareness,134008,3866,1298.96
2024-08-05,105,YouTube - Awareness,110505,6160,1118.0
2024-08-06,105,YouTube - Awareness,124103,5527,1188.65
2024-08-07,105,YouTube - Awareness,76867,2288,786.0
2024-08-08,105,YouTube - Awareness,78611,2737,814.9
2024-08-09,105,YouTube - Awareness,70946,1586,885.22
2024-08-10,105,YouTube - Awareness,131535,5765,1293.64
2024-08-11,105,YouTube - Awareness,108245,6327,803.8
2024-08-12,105,YouTube - Awareness,125751,6072,1083.43
2024-08-13,105,YouTube - Awareness,59515,1354,740.1
2024-08-14,105,YouTube - Awareness,129708,6344,
2024-08-15,105,YouTube - Awareness,83615,4274,1018.08
2024-08-16,105,YouTube - Awareness,73006,3594,884.15
2024-08-17,105,YouTube - Awareness,103411,3206,707.91
2024-08-18,105,YouTube - Awareness,144892,3791,1141.51
2024-08-19,105,YouTube - Awareness,103816,4456,715.63
2024-08-20,105,YouTube - Awareness,173933,6158,1309.1
2024-08-21,105,YouTube - Awareness,83560,3734,912.77
2024-08-22,105,YouTube - Awareness,118502,6088,1188.92
2024-08-23,105,YouTube - Awareness,117356,4732,942.94
2024-08-24,105,YouTube - Awareness,99161,4425,851.19
2024-08-25,105,YouTube - Awareness,121207,3795,857.28
2024-08-26,105,YouTube - Awareness,136075,3967,1252.64
2024-08-27,105,YouTube - Awareness,143072,3469,1266.03
2024-08-28,105,YouTube - Awareness,130576,7510,1029.2
2024-08-29,105,YouTube - Awareness,98433,5812,951.96
2024-08-30,105,YouTube - Awareness,91993,5422,833.51
2024-08-31,105,YouTube - Awareness,127564,4548,1257.06
2024-09-01,105,YouTube - Awareness,74758,3881,897.77
2024-09-02,105,YouTube - Awareness,148484,5233,1304.2
2024-09-03,105,YouTube - Awareness,104024,4036,847.4
2024-09-04,105,YouTube - Awareness,113794,5394,1132.74
2024-09-05,105,YouTube - Awareness,95810,2189,1121.46
2024-09-06,105,YouTube - Awareness,116320,4102,971.99
2024-09-07,105,YouTube - Awareness,135282,4273,1221.83
2024-09-08,105,YouTube - Awareness,164000,9433,1252.0
2024-09-09,105,YouTube - Awareness,111499,5250,1086.65
2024-09-10,105,YouTube - Awareness,133375,7333,1281.85
2024-09-11,105,YouTube - Awareness,80199,2627,937.02
2024-09-12,105,YouTube - Awareness,139316,7557,1090.67
2024-09-13,105,YouTube - Awareness,146536,6376,997.84
2024-09-14,105,YouTube - Awareness,103206,4174,850.5
2024-09-15,105,YouTube - Awareness,130472,6362,1231.28
2024-09-16,105,YouTube - Awareness,94003,5071,760.57
2024-09-17,105,YouTube - Awareness,121164,6763,1196.57
2024-09-18,105,YouTube - Awareness,138498,7017,928.49
2024-09-19,105,YouTube - Awareness,134477,5241,1251.19
2024-09-20,105,YouTube - Awareness,97714,2261,716.1
2024-09-21,105,YouTube - Awareness,105099,3611,723.23
2024-09-22,105,YouTube - Awareness,125557,2530,849.91
2024-09-23,105,YouTube - Awareness,93555,3325,724.52
2024-09-24,105,YouTube - Awareness,189760,10808,1304.57
2024-09-25,105,YouTube - Awareness,159870,8483,1186.93
2024-09-26,105,YouTube - Awareness,96834,3225,962.36
2024-09-27,105,YouTube - Awareness,77412,3317,793.31
2024-09-28,105,YouTube - Awareness,90448,3184,730.59
2024-09-29,105,YouTube - Awareness,133742,2955,1003.52
2024-09-30,105,YouTube - Awareness,139093,3128,1247.43
2024-10-01,105,YouTube - Awareness,130311,7443,1240.99
2024-10-02,105,YouTube - Awareness,173240,9954,1194.62
2024-10-03,105,YouTube - Awareness,115456,5876,824.61
2024-10-04,105,YouTube - Awareness,154104,3294,1242.52
2024-10-05,105,YouTube - Awareness,105389,5501,1236.92
2024-10-06,105,YouTube - Awareness,102101,4335,1157.0
2024-10-07,105,YouTube - Awareness,185189,5555,1269.6
2024-10-08,105,YouTube - Awareness,101073,5181,1139.63
2024-10-09,105,YouTube - Awareness,130337,3390,1176.88
2024-10-10,105,YouTube - Awareness,124895,7419,850.82
2024-10-11,105,YouTube - Awareness,124185,6753,904.59
2024-10-12,105,YouTube - Awareness,104413,4539,808.69
2024-10-13,105,YouTube - Awareness,99973,2381,829.19
2024-10-14,105,YouTube - Awareness,100596,5110,746.18
2024-10-15,105,YouTube - Awareness,90374,2972,954.33
2024-10-16,105,YouTube - Awareness,130124,4239,1276.59
2024-10-17,105,YouTube - Awareness,90305,1957,1113.25
2024-10-18,105,YouTube - Awareness,144676,6265,1294.07
2024-10-19,105,YouTube - Awareness,103037,5826,1154.88
2024-10-20,105,YouTube - Awareness,163502,6321,1277.51
2024-10-21,105,YouTube - Awareness,136337,4713,1197.02
2024-10-22,105,YouTube - Awareness,144195,6031,966.49
2024-10-23,105,YouTube - Awareness,78488,2913,766.94
2024-10-24,105,YouTube - Awareness,190083,11003,1270.98
2024-10-25,105,YouTube - Awareness,100879,2935,
2024-10-26,105,YouTube - Awareness,109175,4734,890.27
2024-10-27,105,YouTube - Awareness,80574,4352,744.97
2024-10-28,105,YouTube - Awareness,112438,3802,1027.79
2024-10-29,105,YouTube - Awareness,114458,2672,1081.24
2024-10-30,105,YouTube - Awareness,125558,6133,1000.39
2024-10-31,105,YouTube - Awareness,100872,3002,1129.9
2024-11-01,105,YouTube - Awareness,175390,9369,1857.99
2024-11-02,105,YouTube - Awareness,192924,10541,1381.43
2024-11-03,105,YouTube - Awareness,146818,4385,1371.09
2024-11-04,105,YouTube - Awareness,215958,6749,1856.26
2024-11-05,105,YouTube - Awareness,159761,4302,1169.58
2024-11-06,105,YouTube - Awareness,196984,11308,1384.29
2024-11-07,105,YouTube - Awareness,207508,8385,1693.79
2024-11-08,105,YouTube - Awareness,143840,4255,1339.51
2024-11-09,105,YouTube - Awareness,243808,13492,1690.41
2024-11-10,105,YouTube - Awareness,193948,7684,1382.91
2024-11-11,105,YouTube - Awareness,149631,7239,1455.18
2024-11-12,105,YouTube - Awareness,123098,3680,1385.89
2024-11-13,105,YouTube - Awareness,183101,6439,1823.9
2024-11-14,105,YouTube - Awareness,132002,7549,1428.76
2024-11-15,105,YouTube - Awareness,164371,4854,1335.02
2024-11-16,105,YouTube - Awareness,259781,11184,1884.97
2024-11-17,105,YouTube - Awareness,260495,14876,1920.9
2024-11-18,105,YouTube - Awareness,112161,4625,1189.44
2024-11-19,105,YouTube - Awareness,167614,6542,1866.83
2024-11-20,105,YouTube - Awareness,187509,4587,1428.5
2024-11-21,105,YouTube - Awareness,222068,7253,
2024-11-22,105,YouTube - Awareness,197195,10034,1900.78
2024-11-23,105,YouTube - Awareness,137292,4932,1276.3
2024-11-24,105,YouTube - Awareness,235192,6114,1686.02
2024-11-25,105,YouTube - Awareness,185398,10138,2045.03
2024-11-26,105,YouTube - Awareness,102672,3170,1265.12
2024-11-27,105,YouTube - Awareness,194636,6255,1411.45
2024-11-28,105,YouTube - Awareness,199309,8565,1628.41
2024-11-29,105,YouTube - Awareness,128385,6629,1192.26
2024-11-30,105,YouTube - Awareness,147193,6754,1761.48
2024-12-01,105,YouTube - Awareness,133794,6738,1636.78
2024-12-02,105,YouTube - Awareness,136010,6855,-152.061
2024-12-03,105,YouTube - Awareness,209006,9302,1916.77
2024-12-04,105,YouTube - Awareness,103719,4711,1253.61
2024-12-05,105,YouTube - Awareness,121625,4765,1326.68
2024-12-06,105,YouTube - Awareness,208115,4503,1510.28
2024-12-07,105,YouTube - Awareness,114117,4952,1380.32
2024-12-08,105,YouTube - Awareness,162024,6177,1680.53
2024-12-09,105,YouTube - Awareness,265771,10921,1797.58
2024-12-10,105,YouTube - Awareness,142448,4505,1564.93
2024-12-11,105,YouTube - Awareness,234452,7640,1727.48
2024-12-12,105,YouTube - Awareness,160478,6742,1496.33
2024-12-13,105,YouTube - Awareness,114541,5786,1206.84
2024-12-14,105,YouTube - Awareness,190628,7426,1598.68
2024-12-15,105,YouTube - Awareness,135936,7130,1377.01
2024-12-16,105,YouTube - Awareness,126881,6215,1176.99
2024-12-17,105,YouTube - Awareness,235098,6984,2084.32
2024-12-18,105,YouTube - Awareness,286146,11082,2032.32
2024-12-19,105,YouTube - Awareness,194383,7244,1365.21
2024-12-20,105,YouTube - Awareness,154396,7133,1565.12
2024-12-21,105,YouTube - Awareness,117786,7029,1391.56
2024-12-22,105,YouTube - Awareness,126523,7292,1384.47
2024-12-23,105,YouTube - Awareness,262452,6352,1810.3
2024-12-24,105,YouTube - Awareness,213906,9146,1617.19
2024-12-25,105,YouTube - Awareness,213441,11952,1772.34
2024-12-26,105,YouTube - Awareness,198072,9086,1797.7
2024-12-27,105,YouTube - Awareness,138038,6740,1613.76
2024-12-28,105,YouTube - Awareness,173360,5849,1555.63
2024-12-29,105,YouTube - Awareness,143568,6915,1481.32
2024-12-30,105,YouTube - Awareness,183886,4449,1590.5
2024-12-31,105,YouTube - Awareness,238679,5061,1865.18
2025-01-01,105,YouTube - Awareness,74273,1763,767.36
2025-01-02,105,YouTube - Awareness,113021,3847,844.45
2025-01-03,105,YouTube - Awareness,51470,1646,591.53
2025-01-04,105,YouTube - Awareness,149643,8389,1026.53
2025-01-05,105,YouTube - Awareness,63971,2580,712.18
2025-01-06,105,YouTube - Awareness,125690,7445,1012.42
2025-01-07,105,YouTube - Awareness,92159,2220,909.06
2025-01-08,105,YouTube - Awareness,48701,1103,605.45
2025-01-09,105,YouTube - Awareness,55176,2120,577.63
2025-01-10,105,YouTube - Awareness,61836,2899,616.52
2025-01-11,105,YouTube - Awareness,118654,3393,845.7
2025-01-12,105,YouTube - Awareness,109175,4158,876.48
2025-01-13,105,YouTube - Awareness,88134,2685,602.99
2025-01-14,105,YouTube - Awareness,83415,4554,876.95
2025-01-15,105,YouTube - Awareness,110669,3329,773.24
2025-01-16,105,YouTube - Awareness,75500,1899,708.03
2025-01-17,105,YouTube - Awareness,75608,3556,568.49
2025-01-18,105,YouTube - Awareness,124342,4031,1022.63
2025-01-19,105,YouTube - Awareness,93228,1884,733.1
2025-01-20,105,YouTube - Awareness,137569,7881,925.19
2025-01-21,105,YouTube - Awareness,94524,5537,660.82
2025-01-22,105,YouTube - Awareness,127786,3241,957.1
2025-01-23,105,YouTube - Awareness,92386,2249,905.56
2025-01-24,105,YouTube - Awareness,96560,5727,897.41
2025-01-25,105,YouTube - Awareness,86872,3811,775.81
2025-01-26,105,YouTube - Awareness,104130,6129,817.48
2025-01-27,105,YouTube - Awareness,112305,4871,918.93
2025-01-28,105,YouTube - Awareness,46540,1152,568.03
2025-01-29,105,YouTube - Awareness,125050,3877,843.85
2025-01-30,105,YouTube - Awareness,98757,5808,929.3
2025-01-31,105,YouTube - Awareness,70885,2681,647.35
2025-02-01,105,YouTube - Awareness,71332,3482,813.04
2025-02-02,105,YouTube - Awareness,93203,3278,684.68
2025-02-03,105,YouTube - Awareness,83760,2367,613.41
2025-02-04,105,YouTube - Awareness,56041,1905,578.9
2025-02-05,105,YouTube - Awareness,47836,1525,596.93
2025-02-06,105,YouTube - Awareness,55805,2313,589.93
2025-02-07,105,YouTube - Awareness,94085,2191,995.11
2025-02-08,105,YouTube - Awareness,101248,3940,804.01
2025-02-09,105,YouTube - Awareness,87650,4861,930.33
2025-02-10,105,YouTube - Awareness,82268,2423,882.11
2025-02-11,105,YouTube - Awareness,91316,2939,686.8
2025-02-12,105,YouTube - Awareness,140524,4366,990.55
2025-02-13,105,YouTube - Awareness,117861,2666,861.52
2025-02-14,105,YouTube - Awareness,65226,1541,599.35
2025-02-15,105,YouTube - Awareness,121671,6766,823.81
2025-02-16,105,YouTube - Awareness,81145,4545,792.49
2025-02-17,105,YouTube - Awareness,63860,3426,788.53
2025-02-18,105,YouTube - Awareness,92982,3088,840.73
2025-02-19,105,YouTube - Awareness,83894,1935,979.74
2025-02-20,105,YouTube - Awareness,88485,2211,875.38
2025-02-21,105,YouTube - Awareness,148477,7099,1031.49
2025-02-22,105,YouTube - Awareness,72987,1936,755.0
2025-02-23,105,YouTube - Awareness,105359,4241,925.46
2025-02-24,105,YouTube - Awareness,97527,4247,683.89
2025-02-25,105,YouTube - Awareness,112893,5286,862.39
2025-02-26,105,YouTube - Awareness,82548,3253,580.95
2025-02-27,105,YouTube - Awareness,91888,5216,672.19
2025-02-28,105,YouTube - Awareness,130955,4258,934.99
2025-03-01,105,YouTube - Awareness,154349,7431,1128.72
2025-03-02,105,YouTube - Awareness,123251,5251,1035.39
2025-03-03,105,YouTube - Awareness,71983,2264,876.56
2025-03-04,105,YouTube - Awareness,170254,5855,1282.43
2025-03-05,105,YouTube - Awareness,73571,3529,765.29
2025-03-06,105,YouTube - Awareness,157646,7494,1277.64
2025-03-07,105,YouTube - Awareness,170783,3576,1211.88
2025-03-08,105,YouTube - Awareness,108268,4786,771.31
2025-03-09,105,YouTube - Awareness,93417,3661,749.96
2025-03-10,105,YouTube - Awareness,83931,4717,817.4
2025-03-11,105,YouTube - Awareness,143432,4944,1050.81
2025-03-12,105,YouTube - Awareness,106803,2262,1143.47
2025-03-13,105,YouTube - Awareness,114708,6426,808.13
2025-03-14,105,YouTube - Awareness,89433,2348,915.32
2025-03-15,105,YouTube - Awareness,124871,2548,1018.69
2025-03-16,105,YouTube - Awareness,140004,6810,1088.06
2025-03-17,105,YouTube - Awareness,88702,4106,772.14
2025-03-18,105,YouTube - Awareness,80273,2275,829.89
2025-03-19,105,YouTube - Awareness,110378,4972,1182.72
2025-03-20,105,YouTube - Awareness,148577,6864,1095.21
2025-03-21,105,YouTube - Awareness,165140,9097,1207.54
2025-03-22,105,YouTube - Awareness,85436,3960,740.3
2025-03-23,105,YouTube - Awareness,104497,2604,996.08
2025-03-24,105,YouTube - Awareness,85512,2883,731.0
2025-03-25,105,YouTube - Awareness,67537,2431,771.61
2025-03-26,105,YouTube - Awareness,84528,4205,899.93
2025-03-27,105,YouTube - Awareness,107328,5015,982.88
2025-03-28,105,YouTube - Awareness,142385,4893,1247.47
2025-03-29,105,YouTube - Awareness,98173,4645,956.63
2025-03-30,105,YouTube - Awareness,150484,7831,1157.31
2025-03-31,105,YouTube - Awareness,145158,5437,1147.93
2025-04-01,105,YouTube - Awareness,149472,4847,1110.25
2025-04-02,105,YouTube - Awareness,162000,6100,1300.5
2025-04-03,105,YouTube - Awareness,97165,2880,1083.32
2025-04-04,105,YouTube - Awareness,97238,4747,1105.71
2025-04-05,105,YouTube - Awareness,95281,2891,970.07
2025-04-06,105,YouTube - Awareness,120301,3940,843.79
2025-04-07,105,YouTube - Awareness,86233,3310,733.89
2025-04-08,105,YouTube - Awareness,78911,2272,726.29
2025-04-09,105,YouTube - Awareness,92515,4001,916.25
2025-04-10,105,YouTube - Awareness,170469,10225,1226.99
2025-04-11,105,YouTube - Awareness,148319,8105,1054.39
2025-04-12,105,YouTube - Awareness,114772,2533,1268.66
2025-04-13,105,YouTube - Awareness,94053,1986,1112.52
2025-04-14,105,YouTube - Awareness,137372,4182,1149.08
2025-04-15,105,YouTube - Awareness,126638,7229,993.38
2025-04-16,105,YouTube - Awareness,111178,6011,753.74
2025-04-17,105,YouTube - Awareness,146033,8295,1066.37
2025-04-18,105,YouTube - Awareness,114959,4914,1068.01
2025-04-19,105,YouTube - Awareness,100050,2352,800.94
2025-04-20,105,YouTube - Awareness,101711,2849,1123.59
2025-04-21,105,YouTube - Awareness,139132,3901,935.04
2025-04-22,105,YouTube - Awareness,98619,4073,883.48
2025-04-23,105,YouTube - Awareness,103720,3523,885.88
2025-04-24,105,YouTube - Awareness,93128,2984,892.68
2025-04-25,105,YouTube - Awareness,107471,2231,1053.49
2025-04-26,105,YouTube - Awareness,162443,5953,1105.44
2025-04-27,105,YouTube - Awareness,104687,2280,871.21
2025-04-28,105,YouTube - Awareness,114807,4041,902.42
2025-04-29,105,YouTube - Awareness,166459,5341,1274.97
2025-04-30,105,YouTube - Awareness,72110,2420,866.67
2025-05-01,105,YouTube - Awareness,75046,3121,762.38
2025-05-02,105,YouTube - Awareness,120211,2728,1206.54
2025-05-03,105,YouTube - Awareness,112620,5025,799.3
2025-05-04,105,YouTube - Awareness,112504,6229,1298.87
2025-05-05,105,YouTube - Awareness,83592,3403,827.61
2025-05-06,105,YouTube - Awareness,81621,4678,776.28
2025-05-07,105,YouTube - Awareness,127805,6837,914.19
2025-05-08,105,YouTube - Awareness,94792,2596,789.04
2025-05-09,105,YouTube - Awareness,115771,5119,783.54
2025-05-10,105,YouTube - Awareness,147869,5376,1116.67
2025-05-11,105,YouTube - Awareness,88629,3361,945.59
2025-05-12,105,YouTube - Awareness,91023,3291,716.72
2025-05-13,105,YouTube - Awareness,125709,6233,1019.68
2025-05-14,105,YouTube - Awareness,80382,3259,713.17
2025-05-15,105,YouTube - Awareness,118115,4318,875.09
2025-05-16,105,YouTube - Awareness,123423,3892,1156.47
2025-05-17,105,YouTube - Awareness,83502,3652,965.73
2025-05-18,105,YouTube - Awareness,115968,6436,961.88
2025-05-19,105,YouTube - Awareness,135262,4261,1200.91
2025-05-20,105,YouTube - Awareness,169987,4392,1221.05
2025-05-21,105,YouTube - Awareness,124650,6440,960.25
2025-05-22,105,YouTube - Awareness,152298,3821,1081.18
2025-05-23,105,YouTube - Awareness,91994,2312,913.87
2025-05-24,105,YouTube - Awareness,178831,8891,1274.44
2025-05-25,105,YouTube - Awareness,165397,9432,1274.51
2025-05-26,105,YouTube - Awareness,154433,8716,1183.58
2025-05-27,105,YouTube - Awareness,103107,3829,1104.75
2025-05-28,105,YouTube - Awareness,166966,8092,1311.8
2025-05-29,105,YouTube - Awareness,108416,2858,730.31
2025-05-30,105,YouTube - Awareness,147664,6840,1051.98
2025-05-31,105,YouTube - Awareness,75352,4415,802.12
2025-06-01,105,YouTube - Awareness,119436,3772,805.11
2025-06-02,105,YouTube - Awareness,119195,5222,991.42
2025-06-03,105,YouTube - Awareness,124720,6510,1255.73
2025-06-04,105,YouTube - Awareness,173231,7435,1226.45
2025-06-05,105,YouTube - Awareness,91976,3482,810.17
2025-06-06,105,YouTube - Awareness,102461,5756,965.61
2025-06-07,105,YouTube - Awareness,74085,4281,855.29
2025-06-08,105,YouTube - Awareness,72481,2120,827.0
2025-06-09,105,YouTube - Awareness,72914,3710,782.7
2025-06-10,105,YouTube - Awareness,191970,6782,1280.21
2025-06-11,105,YouTube - Awareness,112856,5037,1188.89
2025-06-12,105,YouTube - Awareness,86051,4009,1002.85
2025-06-13,105,YouTube - Awareness,148806,3478,1043.24
2025-06-14,105,YouTube - Awareness,159551,5662,1222.8
2025-06-15,105,YouTube - Awareness,172956,6034,1164.98
2025-06-16,105,YouTube - Awareness,147356,7614,1169.57
2025-06-17,105,YouTube - Awareness,89145,4617,791.86
2025-06-18,105,YouTube - Awareness,70085,4183,783.28
2025-06-19,105,YouTube - Awareness,177465,4210,1242.29
2025-06-20,105,YouTube - Awareness,137109,3556,1290.59
2025-06-21,105,YouTube - Awareness,146112,5524,1289.38
2025-06-22,105,YouTube - Awareness,128758,6429,1007.17
2025-06-23,105,YouTube - Awareness,128819,4557,1284.41
2025-06-24,105,YouTube - Awareness,152022,5108,1298.97
2025-06-25,105,YouTube - Awareness,147643,3045,1120.61
2025-06-26,105,YouTube - Awareness,80765,3885,870.62
2025-06-27,105,YouTube - Awareness,118124,2609,815.33
2025-06-28,105,YouTube - Awareness,78899,3170,843.42
2025-06-29,105,YouTube - Awareness,75440,3783,712.24
2025-06-30,105,YouTube - Awareness,141181,7569,941.56
2025-07-01,105,YouTube - Awareness,117617,4148,853.62
2025-07-02,105,YouTube - Awareness,153509,4267,1117.47
2025-07-03,105,YouTube - Awareness,102130,4078,943.63
2025-07-04,105,YouTube - Awareness,101327,5294,1240.95
2025-07-05,105,YouTube - Awareness,103063,2824,824.12
2025-07-06,105,YouTube - Awareness,109067,5322,1010.6
2025-07-07,105,YouTube - Awareness,193393,4824,1300.17
2025-07-08,105,YouTube - Awareness,113051,5003,857.15
2025-07-09,105,YouTube - Awareness,131191,7639,954.18
2025-07-10,105,YouTube - Awareness,113171,2307,874.39
2025-07-11,105,YouTube - Awareness,139743,6228,
2025-07-12,105,YouTube - Awareness,148354,7933,1279.68
2025-07-13,105,YouTube - Awareness,76504,3675,940.67
2025-07-14,105,YouTube - Awareness,101259,5313,747.26
2025-07-15,105,YouTube - Awareness,116531,3110,1077.53
2025-07-16,105,YouTube - Awareness,137067,5489,1283.19
2025-07-17,105,YouTube - Awareness,149972,3691,1102.78
2025-07-18,105,YouTube - Awareness,65501,2581,791.7
2025-07-19,105,YouTube - Awareness,176921,6646,1233.73
2025-07-20,105,YouTube - Awareness,121327,4436,837.27
2025-07-21,105,YouTube - Awareness,125517,7524,926.48
2025-07-22,105,YouTube - Awareness,136327,6703,1200.96
2025-07-23,105,YouTube - Awareness,139973,7633,1130.09
2025-07-24,105,YouTube - Awareness,131966,5402,1134.61
2025-07-25,105,YouTube - Awareness,105336,6081,902.06
2025-07-26,105,YouTube - Awareness,160164,8026,1187.52
2025-07-27,105,YouTube - Awareness,144105,4235,968.48
2025-07-28,105,YouTube - Awareness,67623,1500,787.68
2025-07-29,105,YouTube - Awareness,134942,3197,1252.96
2025-07-30,105,YouTube - Awareness,96377,4639,909.49
2025-07-31,105,YouTube - Awareness,105302,6176,1313.49
2025-08-01,105,YouTube - Awareness,102766,4941,1274.3
2025-08-02,105,YouTube - Awareness,109910,3701,891.19
2025-08-03,105,YouTube - Awareness,94688,2821,835.26
2025-08-04,105,YouTube - Awareness,131581,7835,903.96
2025-08-05,105,YouTube - Awareness,99641,2453,1171.38
2025-08-06,105,YouTube - Awareness,76634,2729,803.85
2025-08-07,105,YouTube - Awareness,103554,4104,883.19
2025-08-08,105,YouTube - Awareness,90847,4199,817.23
2025-08-09,105,YouTube - Awareness,83126,3904,1008.08
2025-08-10,105,YouTube - Awareness,66769,1876,794.92
2025-08-11,105,YouTube - Awareness,150947,7186,1080.28
2025-08-12,105,YouTube - Awareness,74908,3424,737.17
2025-08-13,105,YouTube - Awareness,110131,6077,1291.41
2025-08-14,105,YouTube - Awareness,91210,4280,810.46
2025-08-15,105,YouTube - Awareness,104242,5091,748.88
2025-08-16,105,YouTube - Awareness,90046,3533,909.81
2025-08-17,105,YouTube - Awareness,119174,6467,
2025-08-18,105,YouTube - Awareness,138915,3488,1062.54
2025-08-19,105,YouTube - Awareness,68454,4026,851.12
2025-08-20,105,YouTube - Awareness,97560,3084,786.96
2025-08-21,105,YouTube - Awareness,105039,4340,760.31
2025-08-22,105,YouTube - Awareness,71181,3734,799.43
2025-08-23,105,YouTube - Awareness,148786,3912,1030.96
2025-08-24,105,YouTube - Awareness,119511,5263,1142.61
2025-08-25,105,YouTube - Awareness,73720,3397,822.2
2025-08-26,105,YouTube - Awareness,99123,2711,790.03
2025-08-27,105,YouTube - Awareness,142916,3137,964.1
2025-08-28,105,YouTube - Awareness,147761,6151,1279.16
2025-08-29,105,YouTube - Awareness,128954,4495,937.48
2025-08-30,105,YouTube - Awareness,91093,3776,957.04
2025-08-31,105,YouTube - Awareness,134565,7796,1298.19
2025-09-01,105,YouTube - Awareness,114795,5588,906.14
2025-09-02,105,YouTube - Awareness,129296,5154,1268.6
2025-09-03,105,YouTube - Awareness,69802,3467,785.6
2025-09-04,105,YouTube - Awareness,97758,2715,1145.97
2025-09-05,105,YouTube - Awareness,81278,3121,779.3
2025-09-06,105,YouTube - Awareness,119778,4383,1275.11
2025-09-07,105,YouTube - Awareness,115777,3448,1024.59
2025-09-08,105,YouTube - Awareness,154603,5863,1182.73
2025-09-09,105,YouTube - Awareness,132956,6464,1081.39
2025-09-10,105,YouTube - Awareness,139971,3177,1173.45
2025-09-11,105,YouTube - Awareness,152761,7007,1033.37
2025-09-12,105,YouTube - Awareness,163850,7315,1282.6
2025-09-13,105,YouTube - Awareness,110654,3263,1175.79
2025-09-14,105,YouTube - Awareness,66865,2645,821.75
2025-09-15,105,YouTube - Awareness,155382,4240,1297.65
2025-09-16,105,YouTube - Awareness,168600,6375,1242.76
2025-09-17,105,YouTube - Awareness,91701,4619,709.49
2025-09-18,105,YouTube - Awareness,166133,7817,1171.9
2025-09-19,105,YouTube - Awareness,177838,10431,1290.97
2025-09-20,105,YouTube - Awareness,64692,3008,758.99
2025-09-21,105,YouTube - Awareness,88024,3715,722.5
2025-09-22,105,YouTube - Awareness,151582,8349,1047.77
2025-09-23,105,YouTube - Awareness,71874,3846,863.24
2025-09-24,105,YouTube - Awareness,144312,2951,1025.77
2025-09-25,105,YouTube - Awareness,118092,3771,1044.84
2025-09-26,105,YouTube - Awareness,110525,5511,924.98
2025-09-27,105,YouTube - Awareness,136492,3662,1231.95
2025-09-28,105,YouTube - Awareness,104479,2227,855.99
2025-09-29,105,YouTube - Awareness,104246,4566,934.66
2025-09-30,105,YouTube - Awareness,150506,8760,1298.52
2025-10-01,105,YouTube - Awareness,105536,3125,849.81
2025-10-02,105,YouTube - Awareness,102418,3353,978.56
2025-10-03,105,YouTube - Awareness,111284,6061,864.76
2025-10-04,105,YouTube - Awareness,179075,4663,1219.03
2025-10-05,105,YouTube - Awareness,106763,2276,922.94
2025-10-06,105,YouTube - Awareness,83708,1684,804.21
2025-10-07,105,YouTube - Awareness,175005,8803,1177.28
2025-10-08,105,YouTube - Awareness,118612,7048,832.06
2025-10-09,105,YouTube - Awareness,109967,6137,986.21
2025-10-10,105,YouTube - Awareness,105325,6177,791.81
2025-10-11,105,YouTube - Awareness,108571,2616,1003.58
2025-10-12,105,YouTube - Awareness,85903,4166,786.33
2025-10-13,105,YouTube - Awareness,110723,2661,986.9
2025-10-14,105,YouTube - Awareness,79720,4509,712.48
2025-10-15,105,YouTube - Awareness,120024,5280,952.16
2025-10-16,105,YouTube - Awareness,112743,5895,1139.61
2025-10-17,105,YouTube - Awareness,135251,4535,1011.55
2025-10-18,105,YouTube - Awareness,98941,5711,987.17
2025-10-19,105,YouTube - Awareness,101655,2781,969.51
2025-10-20,105,YouTube - Awareness,108252,2628,771.08
2025-10-21,105,YouTube - Awareness,146920,6283,1178.45
2025-10-22,105,YouTube - Awareness,127074,5850,860.13
2025-10-23,105,YouTube - Awareness,87903,2591,791.88
2025-10-24,105,YouTube - Awareness,138493,5229,1146.97
2025-10-25,105,YouTube - Awareness,69119,1516,844.3
2025-10-26,105,YouTube - Awareness,129398,3488,1224.03
2025-10-27,105,YouTube - Awareness,97846,4892,961.42
2025-10-28,105,YouTube - Awareness,77874,2408,719.1
2025-10-29,105,YouTube - Awareness,163683,9007,1115.98
2025-10-30,105,YouTube - Awareness,141604,3042,1184.44
2025-10-31,105,YouTube - Awareness,101497,3075,1246.56
2025-11-01,105,YouTube - Awareness,213213,8653,1924.17
2025-11-02,105,YouTube - Awareness,258982,8345,1811.39
2025-11-03,105,YouTube - Awareness,98351,3724,1141.92
2025-11-04,105,YouTube - Awareness,133651,3553,1635.96
2025-11-05,105,YouTube - Awareness,221572,5382,1578.21
2025-11-06,105,YouTube - Awareness,163644,6085,1687.69
2025-11-07,105,YouTube - Awareness,132055,2722,1316.09
2025-11-08,105,YouTube - Awareness,149996,8482,1688.06
2025-11-09,105,YouTube - Awareness,106977,4916,1134.73
2025-11-10,105,YouTube - Awareness,229883,12035,1587.0
2025-11-11,105,YouTube - Awareness,270665,8213,2042.94
2025-11-12,105,YouTube - Awareness,219000,4516,1737.98
2025-11-13,105,YouTube - Awareness,181141,4491,2064.37
2025-11-14,105,YouTube - Awareness,263758,13262,2022.6
2025-11-15,105,YouTube - Awareness,178577,3937,1726.47
2025-11-16,105,YouTube - Awareness,232092,11419,1904.19
2025-11-17,105,YouTube - Awareness,102461,2716,1215.31
2025-11-18,105,YouTube - Awareness,200214,8862,1478.12
2025-11-19,105,YouTube - Awareness,196625,9406,1397.21
2025-11-20,105,YouTube - Awareness,163830,7496,1725.16
2025-11-21,105,YouTube - Awareness,275809,15048,2088.65
2025-11-22,105,YouTube - Awareness,264288,7510,1863.01
2025-11-23,105,YouTube - Awareness,245036,12964,1676.83
2025-11-24,105,YouTube - Awareness,300299,10795,2015.86
2025-11-25,105,YouTube - Awareness,186473,8666,1726.02
2025-11-26,105,YouTube - Awareness,236678,12571,1985.88
2025-11-27,105,YouTube - Awareness,174099,6562,1551.61
2025-11-28,105,YouTube - Awareness,190569,7943,1607.65
2025-11-29,105,YouTube - Awareness,165382,6245,1992.41
2025-11-30,105,YouTube - Awareness,161100,6559,1634.28
2025-12-01,105,YouTube - Awareness,168633,4054,1857.61
2025-12-02,105,YouTube - Awareness,260901,6061,2035.37
2025-12-03,105,YouTube - Awareness,198743,5548,1898.57
2025-12-04,105,YouTube - Awareness,184209,5512,1645.52
2025-12-05,105,YouTube - Awareness,272955,6118,1978.52
2025-12-06,105,YouTube - Awareness,229645,12471,1859.69
2025-12-07,105,YouTube - Awareness,189513,5346,1750.47
2025-12-08,105,YouTube - Awareness,138505,8222,1212.5
2025-12-09,105,YouTube - Awareness,216346,6564,1952.23
2025-12-10,105,YouTube - Awareness,161954,4765,1911.18
2025-12-11,105,YouTube - Awareness,152883,9088,1779.0
2025-12-12,105,YouTube - Awareness,207949,6042,1528.42
2025-12-13,105,YouTube - Awareness,199975,7178,1371.45
2025-12-14,105,YouTube - Awareness,169372,8223,1233.72
2025-12-15,105,YouTube - Awareness,221139,11108,1994.05
2025-12-16,105,YouTube - Awareness,170868,10205,1428.06
2025-12-17,105,YouTube - Awareness,118687,5462,1244.93
2025-12-18,105,YouTube - Awareness,151395,6133,1179.89
2025-12-19,105,YouTube - Awareness,146826,5701,1514.86
2025-12-20,105,YouTube - Awareness,163581,8755,1701.96
2025-12-21,105,YouTube - Awareness,164791,5102,1261.35
2025-12-22,105,YouTube - Awareness,188249,4631,1600.37
2025-12-23,105,YouTube - Awareness,219022,10013,1937.54
2025-12-24,105,YouTube - Awareness,168079,3810,1305.73
2025-12-25,105,YouTube - Awareness,194679,5733,1402.13
2025-12-26,105,YouTube - Awareness,117496,3522,1337.07
2025-12-27,105,YouTube - Awareness,128981,3759,1332.23
2025-12-28,105,YouTube - Awareness,156233,3158,1575.18
2025-12-29,105,YouTube - Awareness,175857,5133,1949.75
2025-12-30,105,YouTube - Awareness,186127,5939,1608.33
2025-12-31,105,YouTube - Awareness,192418,5381,1924.29
2026-01-01,105,YouTube - Awareness,90114,2892,638.48
2026-01-02,105,YouTube - Awareness,86597,3877,918.34
2026-01-03,105,YouTube - Awareness,56745,3135,580.62
2026-01-04,105,YouTube - Awareness,129437,5504,888.15
2026-01-05,105,YouTube - Awareness,108526,4537,731.82
2026-01-06,105,YouTube - Awareness,78930,2424,603.9
2026-01-07,105,YouTube - Awareness,105474,5656,738.46
2026-01-08,105,YouTube - Awareness,76321,2108,671.2
2026-01-09,105,YouTube - Awareness,123703,4419,919.29
2026-01-10,105,YouTube - Awareness,142691,3437,1013.86
2026-01-11,105,YouTube - Awareness,50475,1628,-57.563
2026-01-12,105,YouTube - Awareness,136620,7688,1049.32
2026-01-13,105,YouTube - Awareness,82079,4443,827.18
2026-01-14,105,YouTube - Awareness,118999,6125,1003.98
2026-01-15,105,YouTube - Awareness,100766,3486,979.72
2026-01-16,105,YouTube - Awareness,58344,3066,709.01
2026-01-17,105,YouTube - Awareness,100085,3294,801.26
2026-01-18,105,YouTube - Awareness,52554,2946,647.36
2026-01-19,105,YouTube - Awareness,90246,2393,994.79
2026-01-20,105,YouTube - Awareness,93132,5385,653.4
2026-01-21,105,YouTube - Awareness,108297,5633,1040.62
2026-01-22,105,YouTube - Awareness,93879,2990,1046.08
2026-01-23,105,YouTube - Awareness,86108,3119,807.22
2026-01-24,105,YouTube - Awareness,104246,3831,740.43
2026-01-25,105,YouTube - Awareness,119517,4296,896.96
2026-01-26,105,YouTube - Awareness,124388,6163,903.35
2026-01-27,105,YouTube - Awareness,79765,3963,904.76
2026-01-28,105,YouTube - Awareness,84472,3330,612.99
2026-01-29,105,YouTube - Awareness,81788,3221,568.2
2026-01-30,105,YouTube - Awareness,63431,1483,705.33
2026-01-31,105,YouTube - Awareness,80097,3751,708.63
2026-02-01,105,YouTube - Awareness,56748,2428,660.19
2026-02-02,105,YouTube - Awareness,117124,4967,1012.07
2026-02-03,105,YouTube - Awareness,81148,2629,575.96
2026-02-04,105,YouTube - Awareness,98658,3533,683.41
2026-02-05,105,YouTube - Awareness,65811,3646,719.47
2026-02-06,105,YouTube - Awareness,50872,1173,579.83
2026-02-07,105,YouTube - Awareness,109184,6112,1043.6
2026-02-08,105,YouTube - Awareness,74837,2825,569.1
2026-02-09,105,YouTube - Awareness,127234,4989,953.53
2026-02-10,105,YouTube - Awareness,106089,6267,744.08
2026-02-11,105,YouTube - Awareness,96135,4559,706.58
2026-02-12,105,YouTube - Awareness,91588,4729,675.62
2026-02-13,105,YouTube - Awareness,102457,5587,694.42
2026-02-14,105,YouTube - Awareness,79978,3561,604.58
2026-02-15,105,YouTube - Awareness,74736,3815,-80.262
2026-02-16,105,YouTube - Awareness,64690,2690,724.68
2026-02-17,105,YouTube - Awareness,115167,3697,843.19
2026-02-18,105,YouTube - Awareness,124865,6623,908.17
2026-02-19,105,YouTube - Awareness,143250,4662,977.66
2026-02-20,105,YouTube - Awareness,74864,2351,661.13
2026-02-21,105,YouTube - Awareness,74738,3857,838.21
2026-02-22,105,YouTube - Awareness,83580,3907,1017.21
2026-02-23,105,YouTube - Awareness,129804,4193,
2026-02-24,105,YouTube - Awareness,93432,5216,993.75
2026-02-25,105,YouTube - Awareness,47863,970,569.57
2026-02-26,105,YouTube - Awareness,128006,4655,1023.35
2026-02-27,105,YouTube - Awareness,72523,3381,697.94
2026-02-28,105,YouTube - Awareness,50549,1307,573.9
2026-03-01,105,YouTube - Awareness,99512,5346,879.06
2026-03-02,105,YouTube - Awareness,109759,3819,1248.87
2026-03-03,105,YouTube - Awareness,132209,4774,1010.49
2026-03-04,105,YouTube - Awareness,81216,1854,768.59
2026-03-05,105,YouTube - Awareness,69214,3738,728.44
2026-03-06,105,YouTube - Awareness,171827,7598,1288.95
2026-03-07,105,YouTube - Awareness,91060,4836,813.91
2026-03-08,105,YouTube - Awareness,120495,7198,1239.57
2026-03-09,105,YouTube - Awareness,97974,2294,764.04
2026-03-10,105,YouTube - Awareness,149595,7911,1196.58
2026-03-11,105,YouTube - Awareness,132189,6930,1023.53
2026-03-12,105,YouTube - Awareness,101805,2884,815.76
2026-03-13,105,YouTube - Awareness,88216,3513,802.26
2026-03-14,105,YouTube - Awareness,99051,5869,1142.35
2026-03-15,105,YouTube - Awareness,88582,3434,985.22
2026-03-16,105,YouTube - Awareness,140565,7826,1073.13
2026-03-17,105,YouTube - Awareness,172275,8174,1199.54
2026-03-18,105,YouTube - Awareness,117979,2763,1122.03
2026-03-19,105,YouTube - Awareness,109213,2497,848.73
2026-03-20,105,YouTube - Awareness,104143,3686,791.39
2026-03-21,105,YouTube - Awareness,132726,3050,981.5
2026-03-22,105,YouTube - Awareness,136586,7996,999.54
2026-03-23,105,YouTube - Awareness,129542,3291,939.25
2026-03-24,105,YouTube - Awareness,113592,2448,833.22
2026-03-25,105,YouTube - Awareness,104498,3313,786.91
2026-03-26,105,YouTube - Awareness,79391,1960,891.02
2026-03-27,105,YouTube - Awareness,95416,3630,826.89
2026-03-28,105,YouTube - Awareness,81200,2198,898.93
2026-03-29,105,YouTube - Awareness,111328,5432,1233.92
2026-03-30,105,YouTube - Awareness,75906,1844,735.95
2026-03-31,105,YouTube - Awareness,131999,5539,985.34
2026-04-01,105,YouTube - Awareness,178817,9303,1270.99
2026-04-02,105,YouTube - Awareness,105768,6262,718.02
2026-04-03,105,YouTube - Awareness,110469,6471,791.24
2026-04-04,105,YouTube - Awareness,91085,4834,974.86
2026-04-05,105,YouTube - Awareness,148275,5588,1196.03
2026-04-06,105,YouTube - Awareness,132840,4968,1007.65
2026-04-07,105,YouTube - Awareness,70907,3927,870.33
2026-04-08,105,YouTube - Awareness,137634,6867,969.17
2026-04-09,105,YouTube - Awareness,111756,6251,924.21
2026-04-10,105,YouTube - Awareness,110320,2709,1142.11
2026-04-11,105,YouTube - Awareness,134223,3201,957.13
2026-04-12,105,YouTube - Awareness,159314,7201,1180.92
2026-04-13,105,YouTube - Awareness,94878,5456,1121.43
2026-04-14,105,YouTube - Awareness,122868,6404,832.81
2026-04-15,105,YouTube - Awareness,91664,2397,1106.5
2026-04-16,105,YouTube - Awareness,177962,8876,1230.1
2026-04-17,105,YouTube - Awareness,138626,7990,954.16
2026-04-18,105,YouTube - Awareness,152392,4787,1045.58
2026-04-19,105,YouTube - Awareness,98728,2774,939.6
2026-04-20,105,YouTube - Awareness,71738,4062,882.86
2026-04-21,105,YouTube - Awareness,101070,5634,1089.08
2026-04-22,105,YouTube - Awareness,136888,5913,1256.12
2026-04-23,105,YouTube - Awareness,105940,3872,773.94
2026-04-24,105,YouTube - Awareness,116852,6787,1236.1
2026-04-25,105,YouTube - Awareness,142571,6076,1188.07
2026-04-26,105,YouTube - Awareness,128223,6357,1273.47
2026-04-27,105,YouTube - Awareness,123204,6454,1101.23
2026-04-28,105,YouTube - Awareness,143970,5561,1110.48
2026-04-29,105,YouTube - Awareness,134995,5268,1227.7
2026-04-30,105,YouTube - Awareness,96193,3028,755.27
2026-05-01,105,YouTube - Awareness,163631,8243,1174.48
2026-05-02,105,YouTube - Awareness,143218,3223,1021.38
2026-05-03,105,YouTube - Awareness,110878,5238,826.07
2026-05-04,105,YouTube - Awareness,123739,3264,1120.62
2026-05-05,105,YouTube - Awareness,90875,4056,931.05
2026-05-06,105,YouTube - Awareness,122980,5767,1255.3
2026-05-07,105,YouTube - Awareness,142255,4038,957.83
2026-05-08,105,YouTube - Awareness,144357,7700,1240.01
2026-05-09,105,YouTube - Awareness,116898,3742,897.93
2026-05-10,105,YouTube - Awareness,72475,2431,740.64
2026-05-11,105,YouTube - Awareness,58028,1499,711.38
2026-05-12,105,YouTube - Awareness,129921,6134,1271.59
2026-05-13,105,YouTube - Awareness,78910,4360,978.06
2026-05-14,105,YouTube - Awareness,108143,2591,1015.5
2026-05-15,105,YouTube - Awareness,74543,3113,802.03
2026-05-16,105,YouTube - Awareness,163466,3849,1251.58
2026-05-17,105,YouTube - Awareness,66183,2361,802.03
2026-05-18,105,YouTube - Awareness,123625,6097,860.51
2026-05-19,105,YouTube - Awareness,172463,8654,1275.28
2026-05-20,105,YouTube - Awareness,149220,5848,1271.68
2026-05-21,105,YouTube - Awareness,101877,2088,857.0
2026-05-22,105,YouTube - Awareness,94569,2830,1128.15
2026-05-23,105,YouTube - Awareness,135426,7984,953.05
2026-05-24,105,YouTube - Awareness,130241,7577,1157.89
2026-05-25,105,YouTube - Awareness,125704,6438,839.0
2026-05-26,105,YouTube - Awareness,80308,3362,741.49
2026-05-27,105,YouTube - Awareness,80359,3942,791.9
2026-05-28,105,YouTube - Awareness,162361,6334,1166.86
2026-05-29,105,YouTube - Awareness,94342,2197,911.8
2026-05-30,105,YouTube - Awareness,156844,6155,1136.44
2026-05-31,105,YouTube - Awareness,177032,9080,1298.34
2026-06-01,105,YouTube - Awareness,83581,2399,771.03
2026-06-02,105,YouTube - Awareness,108816,3353,758.43
2026-06-03,105,YouTube - Awareness,68660,2668,728.56
2026-06-04,105,YouTube - Awareness,77762,2316,826.01
2026-06-05,105,YouTube - Awareness,139887,3686,986.21
2026-06-06,105,YouTube - Awareness,107103,3358,825.26
2026-06-07,105,YouTube - Awareness,126655,4939,1058.11
2026-06-08,105,YouTube - Awareness,134511,3190,912.28
2026-06-09,105,YouTube - Awareness,162601,6918,1100.82
2026-06-10,105,YouTube - Awareness,92578,5220,868.05
2026-06-11,105,YouTube - Awareness,167665,7615,1179.5
2026-06-12,105,YouTube - Awareness,122138,5477,1045.47
2026-06-13,105,YouTube - Awareness,126262,3046,1200.33
2026-06-14,105,YouTube - Awareness,177196,7141,1183.42
2026-06-15,105,YouTube - Awareness,169760,4001,1234.24
2026-06-16,105,YouTube - Awareness,89854,1942,759.45
2026-06-17,105,YouTube - Awareness,104303,5511,954.97
2026-06-18,105,YouTube - Awareness,164249,5727,1128.9
2026-06-19,105,YouTube - Awareness,124201,5535,1311.34
2026-06-20,105,YouTube - Awareness,145099,3950,1047.24
2026-06-21,105,YouTube - Awareness,93062,4949,1119.74
2026-06-22,105,YouTube - Awareness,99036,3179,1060.1
2026-06-23,105,YouTube - Awareness,126656,5207,886.62
2026-06-24,105,YouTube - Awareness,100921,5161,1110.32
2026-06-25,105,YouTube - Awareness,66032,2621,755.87
2026-06-26,105,YouTube - Awareness,112664,6046,816.68
2026-06-27,105,YouTube - Awareness,108838,4987,835.02
2026-06-28,105,YouTube - Awareness,155340,8019,1243.2
2026-06-29,105,YouTube - Awareness,88876,4167,800.53
2026-06-30,105,YouTube - Awareness,90531,3917,1032.79
2026-07-01,105,YouTube - Awareness,126809,2965,914.93
2026-07-02,105,YouTube - Awareness,109271,2777,1216.61
2026-07-03,105,YouTube - Awareness,69488,3385,812.69
2026-07-04,105,YouTube - Awareness,72954,4321,910.99
2026-07-05,105,YouTube - Awareness,192774,11523,1307.89
2026-07-06,105,YouTube - Awareness,92365,4859,964.09
2026-07-07,105,YouTube - Awareness,74891,3575,789.1
2026-07-08,105,YouTube - Awareness,167581,5640,1154.18
2026-07-09,105,YouTube - Awareness,93148,4758,1152.3
2026-07-10,105,YouTube - Awareness,120226,6004,964.1
2026-07-11,105,YouTube - Awareness,121502,2690,1013.99
2026-07-12,105,YouTube - Awareness,76712,1539,770.81
2026-07-13,105,YouTube - Awareness,103790,2629,721.37
2026-07-14,105,YouTube - Awareness,97030,4500,782.81
2026-07-15,105,YouTube - Awareness,106426,2677,1296.72
2026-07-16,105,YouTube - Awareness,90098,4445,856.09
2026-07-17,105,YouTube - Awareness,102993,4462,874.84
2026-07-18,105,YouTube - Awareness,83368,2791,827.35
2026-07-19,105,YouTube - Awareness,87882,3155,778.06
2024-07-20,106,Competitor - Search,33050,677,332.76
2024-07-21,106,Competitor - Search,60929,3416,474.06
2024-07-22,106,Competitor - Search,33313,1574,376.87
2024-07-23,106,Competitor - Search,41231,1311,339.84
2024-07-24,106,Competitor - Search,24870,1095,283.16
2024-07-25,106,Competitor - Search,39456,2152,480.66
2024-07-26,106,Competitor - Search,51463,3021,456.01
2024-07-27,106,Competitor - Search,44601,2561,436.82
2024-07-28,106,Competitor - Search,29359,931,288.43
2024-07-29,106,Competitor - Search,50060,1326,424.55
2024-07-30,106,Competitor - Search,38091,1822,379.51
2024-07-31,106,Competitor - Search,54520,3078,420.2
2024-08-01,106,Competitor - Search,63291,2413,484.09
2024-08-02,106,Competitor - Search,38853,1387,469.24
2024-08-03,106,Competitor - Search,41820,2334,355.58
2024-08-04,106,Competitor - Search,49876,2791,410.58
2024-08-05,106,Competitor - Search,44158,1897,312.02
2024-08-06,106,Competitor - Search,50899,1073,397.68
2024-08-07,106,Competitor - Search,37026,1750,391.63
2024-08-08,106,Competitor - Search,62727,3181,433.06
2024-08-09,106,Competitor - Search,33610,1552,268.84
2024-08-10,106,Competitor - Search,44777,1973,319.38
2024-08-11,106,Competitor - Search,35920,1569,292.09
2024-08-12,106,Competitor - Search,33495,896,279.65
2024-08-13,106,Competitor - Search,48104,1760,397.37
2024-08-14,106,Competitor - Search,58090,2433,402.0
2024-08-15,106,Competitor - Search,38023,1128,381.68
2024-08-16,106,Competitor - Search,41416,1165,433.61
2024-08-17,106,Competitor - Search,34208,1731,367.07
2024-08-18,106,Competitor - Search,55137,3249,401.92
2024-08-19,106,Competitor - Search,47731,1890,484.86
2024-08-20,106,Competitor - Search,33887,983,370.93
2024-08-21,106,Competitor - Search,32959,680,311.98
2024-08-22,106,Competitor - Search,36245,1367,272.65
2024-08-23,106,Competitor - Search,37803,1959,426.92
2024-08-24,106,Competitor - Search,39239,873,386.05
2024-08-25,106,Competitor - Search,38439,982,457.7
2024-08-26,106,Competitor - Search,36910,1916,281.71
2024-08-27,106,Competitor - Search,47197,2410,401.11
2024-08-28,106,Competitor - Search,47814,1540,418.71
2024-08-29,106,Competitor - Search,60327,3078,422.5
2024-08-30,106,Competitor - Search,42602,2114,420.62
2024-08-31,106,Competitor - Search,51217,1967,367.58
2024-09-01,106,Competitor - Search,40177,947,275.75
2024-09-02,106,Competitor - Search,38037,1048,462.66
2024-09-03,106,Competitor - Search,34824,1603,288.74
2024-09-04,106,Competitor - Search,66269,3305,468.9
2024-09-05,106,Competitor - Search,27456,1389,289.28
2024-09-06,106,Competitor - Search,47418,1973,352.98
2024-09-07,106,Competitor - Search,28978,1110,359.83
2024-09-08,106,Competitor - Search,44861,1051,336.08
2024-09-09,106,Competitor - Search,46240,2533,321.04
2024-09-10,106,Competitor - Search,46557,2370,478.51
2024-09-11,106,Competitor - Search,39387,1572,379.45
2024-09-12,106,Competitor - Search,40006,1294,386.77
2024-09-13,106,Competitor - Search,56273,2258,430.44
2024-09-14,106,Competitor - Search,35198,1549,316.53
2024-09-15,106,Competitor - Search,41047,922,370.09
2024-09-16,106,Competitor - Search,56272,3284,446.75
2024-09-17,106,Competitor - Search,30861,1786,309.41
2024-09-18,106,Competitor - Search,42399,1354,330.87
2024-09-19,106,Competitor - Search,27560,948,319.27
2024-09-20,106,Competitor - Search,27157,1593,304.78
2024-09-21,106,Competitor - Search,49057,1160,383.37
2024-09-22,106,Competitor - Search,43640,1718,402.16
2024-09-23,106,Competitor - Search,33376,1751,369.1
2024-09-24,106,Competitor - Search,26797,632,281.41
2024-09-25,106,Competitor - Search,60407,1507,459.51
2024-09-26,106,Competitor - Search,43725,1956,470.33
2024-09-27,106,Competitor - Search,30706,1739,278.9
2024-09-28,106,Competitor - Search,47433,1604,470.18
2024-09-29,106,Competitor - Search,33905,1001,274.45
2024-09-30,106,Competitor - Search,43022,977,419.33
2024-10-01,106,Competitor - Search,25817,1511,270.27
2024-10-02,106,Competitor - Search,38499,1328,368.29
2024-10-03,106,Competitor - Search,47750,980,390.29
2024-10-04,106,Competitor - Search,37551,767,327.2
2024-10-05,106,Competitor - Search,37634,1463,317.51
2024-10-06,106,Competitor - Search,48716,2542,376.78
2024-10-07,106,Competitor - Search,30035,1212,364.69
2024-10-08,106,Competitor - Search,39639,2108,278.46
2024-10-09,106,Competitor - Search,42237,1492,345.98
2024-10-10,106,Competitor - Search,30443,1101,369.31
2024-10-11,106,Competitor - Search,48843,1742,486.55
2024-10-12,106,Competitor - Search,37008,1845,269.75
2024-10-13,106,Competitor - Search,71138,1456,482.52
2024-10-14,106,Competitor - Search,41934,1023,290.24
2024-10-15,106,Competitor - Search,66018,2334,481.32
2024-10-16,106,Competitor - Search,57208,1277,479.97
2024-10-17,106,Competitor - Search,51789,1770,402.28
2024-10-18,106,Competitor - Search,41222,2200,313.56
2024-10-19,106,Competitor - Search,51768,3099,447.01
2024-10-20,106,Competitor - Search,59703,3124,418.16
2024-10-21,106,Competitor - Search,27466,1610,301.53
2024-10-22,106,Competitor - Search,25663,851,
2024-10-23,106,Competitor - Search,23972,1212,263.35
2024-10-24,106,Competitor - Search,46172,2199,372.18
2024-10-25,106,Competitor - Search,40244,2373,320.94
2024-10-26,106,Competitor - Search,40436,1139,452.38
2024-10-27,106,Competitor - Search,37219,877,281.77
2024-10-28,106,Competitor - Search,33314,837,310.56
2024-10-29,106,Competitor - Search,43584,1494,457.06
2024-10-30,106,Competitor - Search,58705,1416,440.62
2024-10-31,106,Competitor - Search,39416,1974,360.97
2024-11-01,106,Competitor - Search,64030,3234,462.08
2024-11-02,106,Competitor - Search,40875,885,439.59
2024-11-03,106,Competitor - Search,63916,3741,588.05
2024-11-04,106,Competitor - Search,63480,3582,618.17
2024-11-05,106,Competitor - Search,76189,3715,549.21
2024-11-06,106,Competitor - Search,67651,2465,475.2
2024-11-07,106,Competitor - Search,83960,2921,664.55
2024-11-08,106,Competitor - Search,65008,2729,752.55
2024-11-09,106,Competitor - Search,97377,2748,732.73
2024-11-10,106,Competitor - Search,103330,2641,722.72
2024-11-11,106,Competitor - Search,88997,4068,731.58
2024-11-12,106,Competitor - Search,72760,4289,760.23
2024-11-13,106,Competitor - Search,43735,1979,475.19
2024-11-14,106,Competitor - Search,80454,4381,587.06
2024-11-15,106,Competitor - Search,91468,4448,741.29
2024-11-16,106,Competitor - Search,70451,2794,480.53
2024-11-17,106,Competitor - Search,92150,1888,768.37
2024-11-18,106,Competitor - Search,77503,4406,671.61
2024-11-19,106,Competitor - Search,66916,3397,768.26
2024-11-20,106,Competitor - Search,80736,2807,772.02
2024-11-21,106,Competitor - Search,52846,2032,576.88
2024-11-22,106,Competitor - Search,78213,3181,527.41
2024-11-23,106,Competitor - Search,64490,2113,564.7
2024-11-24,106,Competitor - Search,43958,2116,504.87
2024-11-25,106,Competitor - Search,59682,2447,569.01
2024-11-26,106,Competitor - Search,58673,1812,492.69
2024-11-27,106,Competitor - Search,60967,2156,629.37
2024-11-28,106,Competitor - Search,84522,2756,743.76
2024-11-29,106,Competitor - Search,49430,1922,520.43
2024-11-30,106,Competitor - Search,55266,1874,421.26
2024-12-01,106,Competitor - Search,71210,3598,626.51
2024-12-02,106,Competitor - Search,61473,3518,692.7
2024-12-03,106,Competitor - Search,77208,4490,697.35
2024-12-04,106,Competitor - Search,57411,2064,617.65
2024-12-05,106,Competitor - Search,87625,4569,678.74
2024-12-06,106,Competitor - Search,61054,1988,491.65
2024-12-07,106,Competitor - Search,94057,3694,723.21
2024-12-08,106,Competitor - Search,84757,4924,626.59
2024-12-09,106,Competitor - Search,51993,2960,452.07
2024-12-10,106,Competitor - Search,70114,3325,599.05
2024-12-11,106,Competitor - Search,57691,1720,595.24
2024-12-12,106,Competitor - Search,43459,1928,425.13
2024-12-13,106,Competitor - Search,59537,2912,575.4
2024-12-14,106,Competitor - Search,91823,3185,641.16
2024-12-15,106,Competitor - Search,72634,1913,664.02
2024-12-16,106,Competitor - Search,72927,3472,490.25
2024-12-17,106,Competitor - Search,40078,827,429.82
2024-12-18,106,Competitor - Search,97069,3583,653.27
2024-12-19,106,Competitor - Search,50281,1617,589.76
2024-12-20,106,Competitor - Search,52124,1263,468.62
2024-12-21,106,Competitor - Search,89667,5079,640.09
2024-12-22,106,Competitor - Search,50727,2237,420.61
2024-12-23,106,Competitor - Search,67836,3118,452.34
2024-12-24,106,Competitor - Search,48300,1044,521.98
2024-12-25,106,Competitor - Search,67922,2923,649.88
2024-12-26,106,Competitor - Search,63733,3168,677.78
2024-12-27,106,Competitor - Search,91284,5157,678.3
2024-12-28,106,Competitor - Search,80912,4341,664.95
2024-12-29,106,Competitor - Search,59113,1923,464.0
2024-12-30,106,Competitor - Search,93136,3993,671.24
2024-12-31,106,Competitor - Search,48393,1009,479.67
2025-01-01,106,Competitor - Search,28410,951,265.25
2025-01-02,106,Competitor - Search,34390,788,272.36
2025-01-03,106,Competitor - Search,27159,549,263.04
2025-01-04,106,Competitor - Search,35513,1711,337.24
2025-01-05,106,Competitor - Search,33872,1746,278.75
2025-01-06,106,Competitor - Search,35061,1919,365.05
2025-01-07,106,Competitor - Search,27396,1314,300.12
2025-01-08,106,Competitor - Search,33245,1956,361.3
2025-01-09,106,Competitor - Search,48036,1793,348.38
2025-01-10,106,Competitor - Search,32793,1194,376.91
2025-01-11,106,Competitor - Search,32123,858,225.36
2025-01-12,106,Competitor - Search,33490,1042,318.31
2025-01-13,106,Competitor - Search,21997,1081,239.72
2025-01-14,106,Competitor - Search,31784,841,286.14
2025-01-15,106,Competitor - Search,48103,2268,373.14
2025-01-16,106,Competitor - Search,26370,1136,275.14
2025-01-17,106,Competitor - Search,33158,1912,249.13
2025-01-18,106,Competitor - Search,42930,2564,317.43
2025-01-19,106,Competitor - Search,55575,1134,378.81
2025-01-20,106,Competitor - Search,29651,1246,306.43
2025-01-21,106,Competitor - Search,18133,893,223.04
2025-01-22,106,Competitor - Search,20076,599,242.03
2025-01-23,106,Competitor - Search,33811,1452,301.81
2025-01-24,106,Competitor - Search,41252,2186,289.73
2025-01-25,106,Competitor - Search,44140,1827,361.94
2025-01-26,106,Competitor - Search,33553,1760,281.57
2025-01-27,106,Competitor - Search,40415,2112,325.43
2025-01-28,106,Competitor - Search,42065,1994,296.21
2025-01-29,106,Competitor - Search,31304,1086,340.69
2025-01-30,106,Competitor - Search,30888,1770,234.79
2025-01-31,106,Competitor - Search,42828,2333,332.45
2025-02-01,106,Competitor - Search,35510,1387,379.27
2025-02-02,106,Competitor - Search,43495,1765,365.5
2025-02-03,106,Competitor - Search,23197,857,215.0
2025-02-04,106,Competitor - Search,35635,930,360.27
2025-02-05,106,Competitor - Search,25434,1175,310.75
2025-02-06,106,Competitor - Search,44679,1142,374.33
2025-02-07,106,Competitor - Search,46391,1397,370.99
2025-02-08,106,Competitor - Search,44534,1531,304.31
2025-02-09,106,Competitor - Search,29374,813,237.71
2025-02-10,106,Competitor - Search,28185,1056,215.98
2025-02-11,106,Competitor - Search,23352,1029,278.22
2025-02-12,106,Competitor - Search,31959,1366,229.49
2025-02-13,106,Competitor - Search,24055,1307,209.88
2025-02-14,106,Competitor - Search,27485,1268,288.76
2025-02-15,106,Competitor - Search,31872,1589,
2025-02-16,106,Competitor - Search,28205,1196,222.88
2025-02-17,106,Competitor - Search,39963,1397,290.28
2025-02-18,106,Competitor - Search,36268,2027,271.76
2025-02-19,106,Competitor - Search,34606,1339,238.34
2025-02-20,106,Competitor - Search,32406,1558,372.2
2025-02-21,106,Competitor - Search,22934,987,255.6
2025-02-22,106,Competitor - Search,30864,771,
2025-02-23,106,Competitor - Search,28786,1044,343.44
2025-02-24,106,Competitor - Search,27997,1505,304.26
2025-02-25,106,Competitor - Search,39442,1802,386.51
2025-02-26,106,Competitor - Search,37467,2016,321.88
2025-02-27,106,Competitor - Search,28060,691,322.71
2025-02-28,106,Competitor - Search,40932,1890,359.29
2025-03-01,106,Competitor - Search,51728,1464,452.91
2025-03-02,106,Competitor - Search,43710,2233,380.49
2025-03-03,106,Competitor - Search,27686,790,267.63
2025-03-04,106,Competitor - Search,42054,1787,341.53
2025-03-05,106,Competitor - Search,49806,1747,353.29
2025-03-06,106,Competitor - Search,67138,2091,466.6
2025-03-07,106,Competitor - Search,49785,2506,443.12
2025-03-08,106,Competitor - Search,31477,1111,306.36
2025-03-09,106,Competitor - Search,64188,3371,454.79
2025-03-10,106,Competitor - Search,26577,546,276.77
2025-03-11,106,Competitor - Search,46826,2703,349.25
2025-03-12,106,Competitor - Search,45445,2249,323.63
2025-03-13,106,Competitor - Search,43068,1400,455.73
2025-03-14,106,Competitor - Search,55741,2914,407.34
2025-03-15,106,Competitor - Search,32998,1447,269.39
2025-03-16,106,Competitor - Search,39446,2165,429.5
2025-03-17,106,Competitor - Search,45838,1307,471.9
2025-03-18,106,Competitor - Search,42728,1434,395.21
2025-03-19,106,Competitor - Search,24950,589,295.91
2025-03-20,106,Competitor - Search,52183,1309,359.35
2025-03-21,106,Competitor - Search,34925,1495,
2025-03-22,106,Competitor - Search,34554,1167,431.76
2025-03-23,106,Competitor - Search,41787,1954,362.93
2025-03-24,106,Competitor - Search,56007,1345,408.48
2025-03-25,106,Competitor - Search,44704,1382,369.45
2025-03-26,106,Competitor - Search,24483,1442,303.91
2025-03-27,106,Competitor - Search,37544,788,466.24
2025-03-28,106,Competitor - Search,65391,3357,444.19
2025-03-29,106,Competitor - Search,43984,1162,339.08
2025-03-30,106,Competitor - Search,28128,797,347.69
2025-03-31,106,Competitor - Search,37520,1510,271.67
2025-04-01,106,Competitor - Search,45806,1019,405.91
2025-04-02,106,Competitor - Search,25696,812,276.37
2025-04-03,106,Competitor - Search,42117,2434,365.78
2025-04-04,106,Competitor - Search,34279,977,321.51
2025-04-05,106,Competitor - Search,43045,1016,304.47
2025-04-06,106,Competitor - Search,24814,1088,280.36
2025-04-07,106,Competitor - Search,53896,2994,377.24
2025-04-08,106,Competitor - Search,42306,1515,314.74
2025-04-09,106,Competitor - Search,27487,1629,326.28
2025-04-10,106,Competitor - Search,30673,1431,299.51
2025-04-11,106,Competitor - Search,48920,1658,391.97
2025-04-12,106,Competitor - Search,54923,2158,478.2
2025-04-13,106,Competitor - Search,32446,793,336.32
2025-04-14,106,Competitor - Search,32746,770,308.55
2025-04-15,106,Competitor - Search,54766,2109,394.04
2025-04-16,106,Competitor - Search,49324,2640,379.87
2025-04-17,106,Competitor - Search,45477,1145,409.27
2025-04-18,106,Competitor - Search,59934,2663,467.36
2025-04-19,106,Competitor - Search,34453,1037,394.36
2025-04-20,106,Competitor - Search,40267,1557,374.45
2025-04-21,106,Competitor - Search,29844,832,265.37
2025-04-22,106,Competitor - Search,51378,2588,404.52
2025-04-23,106,Competitor - Search,33974,1152,279.84
2025-04-24,106,Competitor - Search,35582,1658,346.63
2025-04-25,106,Competitor - Search,40602,948,312.31
2025-04-26,106,Competitor - Search,28008,1678,347.21
2025-04-27,106,Competitor - Search,37763,1815,316.94
2025-04-28,106,Competitor - Search,34718,2044,377.11
2025-04-29,106,Competitor - Search,32185,728,333.72
2025-04-30,106,Competitor - Search,29264,1284,317.17
2025-05-01,106,Competitor - Search,34725,728,310.6
2025-05-02,106,Competitor - Search,44165,1513,416.11
2025-05-03,106,Competitor - Search,38583,1317,322.22
2025-05-04,106,Competitor - Search,47028,2777,339.06
2025-05-05,106,Competitor - Search,68388,3100,468.52
2025-05-06,106,Competitor - Search,27996,681,346.56
2025-05-07,106,Competitor - Search,27628,574,277.46
2025-05-08,106,Competitor - Search,44472,1378,435.88
2025-05-09,106,Competitor - Search,53721,1519,455.56
2025-05-10,106,Competitor - Search,43227,2422,316.51
2025-05-11,106,Competitor - Search,34472,1946,282.16
2025-05-12,106,Competitor - Search,27722,557,268.6
2025-05-13,106,Competitor - Search,34247,1979,361.91
2025-05-14,106,Competitor - Search,50984,2515,387.92
2025-05-15,106,Competitor - Search,30933,747,382.7
2025-05-16,106,Competitor - Search,29076,760,345.33
2025-05-17,106,Competitor - Search,34414,1818,270.5
2025-05-18,106,Competitor - Search,63350,2607,471.99
2025-05-19,106,Competitor - Search,46720,1660,328.07
2025-05-20,106,Competitor - Search,58208,3375,413.92
2025-05-21,106,Competitor - Search,46563,1547,426.67
2025-05-22,106,Competitor - Search,47194,1109,327.77
2025-05-23,106,Competitor - Search,61280,3595,470.5
2025-05-24,106,Competitor - Search,51288,1211,405.8
2025-05-25,106,Competitor - Search,61680,1388,475.2
2025-05-26,106,Competitor - Search,38023,1725,283.46
2025-05-27,106,Competitor - Search,45233,1157,365.68
2025-05-28,106,Competitor - Search,32799,1120,313.04
2025-05-29,106,Competitor - Search,52004,2235,452.51
2025-05-30,106,Competitor - Search,46971,2166,365.77
2025-05-31,106,Competitor - Search,28859,1367,270.12
2025-06-01,106,Competitor - Search,29420,728,342.62
2025-06-02,106,Competitor - Search,67528,3745,475.17
2025-06-03,106,Competitor - Search,33286,1577,390.75
2025-06-04,106,Competitor - Search,42914,1504,479.4
2025-06-05,106,Competitor - Search,32234,1778,292.92
2025-06-06,106,Competitor - Search,49070,2700,454.81
2025-06-07,106,Competitor - Search,48494,977,483.69
2025-06-08,106,Competitor - Search,23225,872,285.74
2025-06-09,106,Competitor - Search,49925,1451,375.6
2025-06-10,106,Competitor - Search,38099,1608,351.29
2025-06-11,106,Competitor - Search,21956,715,272.92
2025-06-12,106,Competitor - Search,38179,957,262.52
2025-06-13,106,Competitor - Search,38650,1966,481.51
2025-06-14,106,Competitor - Search,35293,1966,270.96
2025-06-15,106,Competitor - Search,31681,1734,372.06
2025-06-16,106,Competitor - Search,36070,2023,291.12
2025-06-17,106,Competitor - Search,41312,986,331.88
2025-06-18,106,Competitor - Search,43711,1237,456.43
2025-06-19,106,Competitor - Search,29684,1255,353.74
2025-06-20,106,Competitor - Search,37162,2024,390.55
2025-06-21,106,Competitor - Search,48335,1628,433.42
2025-06-22,106,Competitor - Search,42612,2327,432.63
2025-06-23,106,Competitor - Search,30743,1333,327.03
2025-06-24,106,Competitor - Search,60651,1874,473.66
2025-06-25,106,Competitor - Search,30193,1747,280.98
2025-06-26,106,Competitor - Search,54081,3237,376.84
2025-06-27,106,Competitor - Search,34282,876,329.76
2025-06-28,106,Competitor - Search,32662,1695,297.43
2025-06-29,106,Competitor - Search,47692,984,338.84
2025-06-30,106,Competitor - Search,28800,1567,305.56
2025-07-01,106,Competitor - Search,47393,1804,447.28
2025-07-02,106,Competitor - Search,61545,1392,486.35
2025-07-03,106,Competitor - Search,56418,2630,386.01
2025-07-04,106,Competitor - Search,32241,771,288.32
2025-07-05,106,Competitor - Search,50537,2427,360.84
2025-07-06,106,Competitor - Search,29787,1099,262.94
2025-07-07,106,Competitor - Search,28759,1300,267.17
2025-07-08,106,Competitor - Search,40900,2240,366.63
2025-07-09,106,Competitor - Search,42618,863,293.35
2025-07-10,106,Competitor - Search,52806,1421,408.9
2025-07-11,106,Competitor - Search,36274,1706,360.03
2025-07-12,106,Competitor - Search,32033,1828,283.22
2025-07-13,106,Competitor - Search,50943,1501,396.62
2025-07-14,106,Competitor - Search,31094,1506,325.88
2025-07-15,106,Competitor - Search,39092,1965,458.24
2025-07-16,106,Competitor - Search,42191,1308,287.47
2025-07-17,106,Competitor - Search,45373,1393,312.86
2025-07-18,106,Competitor - Search,37085,2119,368.58
2025-07-19,106,Competitor - Search,34378,795,372.96
2025-07-20,106,Competitor - Search,63176,2125,478.6
2025-07-21,106,Competitor - Search,40174,808,365.56
2025-07-22,106,Competitor - Search,28283,1416,348.55
2025-07-23,106,Competitor - Search,66060,2073,453.52
2025-07-24,106,Competitor - Search,43024,2123,472.53
2025-07-25,106,Competitor - Search,52131,2311,471.38
2025-07-26,106,Competitor - Search,60871,2396,441.11
2025-07-27,106,Competitor - Search,27292,1345,319.79
2025-07-28,106,Competitor - Search,43998,1098,473.59
2025-07-29,106,Competitor - Search,50504,1075,348.45
2025-07-30,106,Competitor - Search,41411,2338,327.44
2025-07-31,106,Competitor - Search,41890,2496,336.78
2025-08-01,106,Competitor - Search,62445,1587,416.63
2025-08-02,106,Competitor - Search,47015,2435,415.22
2025-08-03,106,Competitor - Search,44195,1494,-43.681000000000004
2025-08-04,106,Competitor - Search,37969,1277,353.92
2025-08-05,106,Competitor - Search,31854,1159,307.56
2025-08-06,106,Competitor - Search,47523,1844,375.68
2025-08-07,106,Competitor - Search,55381,2124,377.74
2025-08-08,106,Competitor - Search,52531,1284,415.51
2025-08-09,106,Competitor - Search,47328,2387,360.11
2025-08-10,106,Competitor - Search,54583,1683,439.57
2025-08-11,106,Competitor - Search,41557,1664,481.07
2025-08-12,106,Competitor - Search,42351,943,442.07
2025-08-13,106,Competitor - Search,26998,914,331.92
2025-08-14,106,Competitor - Search,52911,2061,372.2
2025-08-15,106,Competitor - Search,41552,2275,338.92
2025-08-16,106,Competitor - Search,48062,2003,390.3
2025-08-17,106,Competitor - Search,42151,2054,313.8
2025-08-18,106,Competitor - Search,38591,1216,293.56
2025-08-19,106,Competitor - Search,45400,2216,305.92
2025-08-20,106,Competitor - Search,50230,2355,384.66
2025-08-21,106,Competitor - Search,35827,1841,268.68
2025-08-22,106,Competitor - Search,33120,1621,326.74
2025-08-23,106,Competitor - Search,28538,1273,307.41
2025-08-24,106,Competitor - Search,48300,1059,342.17
2025-08-25,106,Competitor - Search,37846,864,331.44
2025-08-26,106,Competitor - Search,39817,1094,331.53
2025-08-27,106,Competitor - Search,49221,1118,332.29
2025-08-28,106,Competitor - Search,30222,1207,316.48
2025-08-29,106,Competitor - Search,58315,2685,445.78
2025-08-30,106,Competitor - Search,27922,1105,335.9
2025-08-31,106,Competitor - Search,56308,2574,451.36
2025-09-01,106,Competitor - Search,39484,1692,319.04
2025-09-02,106,Competitor - Search,31405,1653,330.09
2025-09-03,106,Competitor - Search,44759,1719,314.98
2025-09-04,106,Competitor - Search,51694,1106,479.52
2025-09-05,106,Competitor - Search,37784,1258,305.67
2025-09-06,106,Competitor - Search,56399,2675,442.26
2025-09-07,106,Competitor - Search,54321,2335,369.81
2025-09-08,106,Competitor - Search,64078,3339,460.91
2025-09-09,106,Competitor - Search,51608,2986,445.19
2025-09-10,106,Competitor - Search,42976,2352,446.9
2025-09-11,106,Competitor - Search,37288,1681,455.38
2025-09-12,106,Competitor - Search,59049,2836,429.09
2025-09-13,106,Competitor - Search,41469,1696,409.02
2025-09-14,106,Competitor - Search,38977,1203,474.74
2025-09-15,106,Competitor - Search,27872,1480,340.41
2025-09-16,106,Competitor - Search,66971,3482,452.54
2025-09-17,106,Competitor - Search,62348,3021,423.56
2025-09-18,106,Competitor - Search,37535,1539,315.55
2025-09-19,106,Competitor - Search,23017,1369,268.96
2025-09-20,106,Competitor - Search,34583,939,303.89
2025-09-21,106,Competitor - Search,49852,2238,334.12
2025-09-22,106,Competitor - Search,28316,1599,335.16
2025-09-23,106,Competitor - Search,52918,1980,424.69
2025-09-24,106,Competitor - Search,45941,1901,345.09
2025-09-25,106,Competitor - Search,44693,2376,318.92
2025-09-26,106,Competitor - Search,29821,692,340.86
2025-09-27,106,Competitor - Search,34806,1415,295.68
2025-09-28,106,Competitor - Search,53189,2982,437.07
2025-09-29,106,Competitor - Search,52529,2853,444.91
2025-09-30,106,Competitor - Search,25546,1047,
2025-10-01,106,Competitor - Search,46609,1872,476.53
2025-10-02,106,Competitor - Search,44460,2481,416.8
2025-10-03,106,Competitor - Search,47202,1053,371.8
2025-10-04,106,Competitor - Search,55479,2256,454.71
2025-10-05,106,Competitor - Search,53747,1130,437.73
2025-10-06,106,Competitor - Search,50645,1623,352.3
2025-10-07,106,Competitor - Search,35377,1830,340.74
2025-10-08,106,Competitor - Search,36688,2184,402.98
2025-10-09,106,Competitor - Search,51179,1984,471.32
2025-10-10,106,Competitor - Search,52353,1903,407.53
2025-10-11,106,Competitor - Search,42141,1030,290.8
2025-10-12,106,Competitor - Search,33184,1552,312.01
2025-10-13,106,Competitor - Search,38317,1935,283.28
2025-10-14,106,Competitor - Search,38450,777,419.29
2025-10-15,106,Competitor - Search,61223,2569,473.46
2025-10-16,106,Competitor - Search,31851,1676,301.32
2025-10-17,106,Competitor - Search,52305,1302,437.8
2025-10-18,106,Competitor - Search,34668,1775,291.84
2025-10-19,106,Competitor - Search,51847,2194,449.61
2025-10-20,106,Competitor - Search,26025,1466,271.8
2025-10-21,106,Competitor - Search,36695,1409,337.47
2025-10-22,106,Competitor - Search,27419,824,286.61
2025-10-23,106,Competitor - Search,25810,1391,266.39
2025-10-24,106,Competitor - Search,34033,2001,363.01
2025-10-25,106,Competitor - Search,38435,1103,315.15
2025-10-26,106,Competitor - Search,40501,2389,274.89
2025-10-27,106,Competitor - Search,40538,1586,277.15
2025-10-28,106,Competitor - Search,52451,2780,477.04
2025-10-29,106,Competitor - Search,42602,2505,345.27
2025-10-30,106,Competitor - Search,39737,1476,474.76
2025-10-31,106,Competitor - Search,41581,1475,404.84
2025-11-01,106,Competitor - Search,60116,3396,489.86
2025-11-02,106,Competitor - Search,83553,1836,579.07
2025-11-03,106,Competitor - Search,45470,2414,520.16
2025-11-04,106,Competitor - Search,68109,1581,540.67
2025-11-05,106,Competitor - Search,65009,3809,551.62
2025-11-06,106,Competitor - Search,48151,2490,509.54
2025-11-07,106,Competitor - Search,109743,6435,747.3
2025-11-08,106,Competitor - Search,55779,3121,619.26
2025-11-09,106,Competitor - Search,102016,4454,773.41
2025-11-10,106,Competitor - Search,55362,1671,
2025-11-11,106,Competitor - Search,101596,3951,693.97
2025-11-12,106,Competitor - Search,51494,2217,541.01
2025-11-13,106,Competitor - Search,49816,2500,550.22
2025-11-14,106,Competitor - Search,75299,1849,537.66
2025-11-15,106,Competitor - Search,77569,4353,770.47
2025-11-16,106,Competitor - Search,53969,1608,446.17
2025-11-17,106,Competitor - Search,40500,1229,501.18
2025-11-18,106,Competitor - Search,95254,3574,719.14
2025-11-19,106,Competitor - Search,52987,1494,492.33
2025-11-20,106,Competitor - Search,76218,4201,664.94
2025-11-21,106,Competitor - Search,54015,2505,658.4
2025-11-22,106,Competitor - Search,62965,2844,739.7
2025-11-23,106,Competitor - Search,79770,2152,702.47
2025-11-24,106,Competitor - Search,103659,4425,737.59
2025-11-25,106,Competitor - Search,38838,2225,423.84
2025-11-26,106,Competitor - Search,62913,1768,728.62
2025-11-27,106,Competitor - Search,72416,3783,518.63
2025-11-28,106,Competitor - Search,63891,2939,577.27
2025-11-29,106,Competitor - Search,69213,3881,740.88
2025-11-30,106,Competitor - Search,34104,1118,425.88
2025-12-01,106,Competitor - Search,50828,1602,520.85
2025-12-02,106,Competitor - Search,98147,4727,739.74
2025-12-03,106,Competitor - Search,83415,3301,619.71
2025-12-04,106,Competitor - Search,50228,2798,626.43
2025-12-05,106,Competitor - Search,84712,2507,744.68
2025-12-06,106,Competitor - Search,51911,1618,450.1
2025-12-07,106,Competitor - Search,60250,2449,459.94
2025-12-08,106,Competitor - Search,64285,3826,523.4
2025-12-09,106,Competitor - Search,72727,2615,702.66
2025-12-10,106,Competitor - Search,95296,5023,657.16
2025-12-11,106,Competitor - Search,50233,1869,575.11
2025-12-12,106,Competitor - Search,81496,3433,748.07
2025-12-13,106,Competitor - Search,61084,2737,452.31
2025-12-14,106,Competitor - Search,83306,3812,677.59
2025-12-15,106,Competitor - Search,101089,3577,754.17
2025-12-16,106,Competitor - Search,95994,4164,749.02
2025-12-17,106,Competitor - Search,68142,4013,548.34
2025-12-18,106,Competitor - Search,50639,2549,446.13
2025-12-19,106,Competitor - Search,55735,2879,591.76
2025-12-20,106,Competitor - Search,81261,2946,745.1
2025-12-21,106,Competitor - Search,56110,1500,676.16
2025-12-22,106,Competitor - Search,55393,1597,421.86
2025-12-23,106,Competitor - Search,65873,1955,473.64
2025-12-24,106,Competitor - Search,50186,2786,541.9
2025-12-25,106,Competitor - Search,60021,3319,608.35
2025-12-26,106,Competitor - Search,100583,5104,766.18
2025-12-27,106,Competitor - Search,47704,2559,564.93
2025-12-28,106,Competitor - Search,82721,2051,697.83
2025-12-29,106,Competitor - Search,58150,2200,474.62
2025-12-30,106,Competitor - Search,91665,3296,743.1
2025-12-31,106,Competitor - Search,73503,3037,731.05
2026-01-01,106,Competitor - Search,43018,2015,384.51
2026-01-02,106,Competitor - Search,28891,1430,277.24
2026-01-03,106,Competitor - Search,30152,1356,322.76
2026-01-04,106,Competitor - Search,24751,1091,247.98
2026-01-05,106,Competitor - Search,35174,901,296.84
2026-01-06,106,Competitor - Search,39094,1237,298.7
2026-01-07,106,Competitor - Search,45722,1161,337.65
2026-01-08,106,Competitor - Search,29271,1569,229.24
2026-01-09,106,Competitor - Search,44149,1246,332.62
2026-01-10,106,Competitor - Search,25339,649,236.41
2026-01-11,106,Competitor - Search,47752,1565,329.5
2026-01-12,106,Competitor - Search,20337,990,243.45
2026-01-13,106,Competitor - Search,17688,674,219.01
2026-01-14,106,Competitor - Search,38382,1979,343.77
2026-01-15,106,Competitor - Search,40560,1360,321.64
2026-01-16,106,Competitor - Search,20610,1049,213.22
2026-01-17,106,Competitor - Search,51019,1642,376.18
2026-01-18,106,Competitor - Search,26329,805,225.96
2026-01-19,106,Competitor - Search,39035,1209,308.0
2026-01-20,106,Competitor - Search,32619,1504,246.44
2026-01-21,106,Competitor - Search,54563,1510,388.43
2026-01-22,106,Competitor - Search,23224,1253,264.65
2026-01-23,106,Competitor - Search,23030,851,235.89
2026-01-24,106,Competitor - Search,32691,1477,267.02
2026-01-25,106,Competitor - Search,37865,1595,340.71
2026-01-26,106,Competitor - Search,35628,873,363.42
2026-01-27,106,Competitor - Search,43514,2316,379.46
2026-01-28,106,Competitor - Search,36518,1512,301.57
2026-01-29,106,Competitor - Search,31436,647,333.32
2026-01-30,106,Competitor - Search,25560,1446,282.53
2026-01-31,106,Competitor - Search,42554,1371,371.48
2026-02-01,106,Competitor - Search,35443,1672,254.32
2026-02-02,106,Competitor - Search,26040,788,280.88
2026-02-03,106,Competitor - Search,31802,868,249.43
2026-02-04,106,Competitor - Search,45864,1593,323.62
2026-02-05,106,Competitor - Search,29379,1310,253.95
2026-02-06,106,Competitor - Search,40499,1681,345.07
2026-02-07,106,Competitor - Search,53137,1850,386.2
2026-02-08,106,Competitor - Search,42962,985,294.27
2026-02-09,106,Competitor - Search,30011,1262,362.13
2026-02-10,106,Competitor - Search,32890,1651,243.24
2026-02-11,106,Competitor - Search,27279,1407,283.69
2026-02-12,106,Competitor - Search,25414,617,269.17
2026-02-13,106,Competitor - Search,19850,916,226.57
2026-02-14,106,Competitor - Search,46058,2266,332.0
2026-02-15,106,Competitor - Search,25475,1512,303.7
2026-02-16,106,Competitor - Search,44267,2383,300.18
2026-02-17,106,Competitor - Search,56580,3327,379.87
2026-02-18,106,Competitor - Search,36683,1568,312.55
2026-02-19,106,Competitor - Search,38639,1585,360.83
2026-02-20,106,Competitor - Search,41765,1070,310.4
2026-02-21,106,Competitor - Search,40492,924,347.35
2026-02-22,106,Competitor - Search,33800,836,263.84
2026-02-23,106,Competitor - Search,44694,1347,359.7
2026-02-24,106,Competitor - Search,45009,2220,304.43
2026-02-25,106,Competitor - Search,28319,1685,276.37
2026-02-26,106,Competitor - Search,35710,819,272.87
2026-02-27,106,Competitor - Search,44458,1736,307.46
2026-02-28,106,Competitor - Search,37870,1877,292.6
2026-03-01,106,Competitor - Search,58894,3120,460.04
2026-03-02,106,Competitor - Search,48517,2043,445.86
2026-03-03,106,Competitor - Search,46032,1272,385.91
2026-03-04,106,Competitor - Search,38819,1926,309.62
2026-03-05,106,Competitor - Search,38486,1223,432.49
2026-03-06,106,Competitor - Search,35553,2014,268.17
2026-03-07,106,Competitor - Search,25795,1192,305.06
2026-03-08,106,Competitor - Search,30107,604,285.84
2026-03-09,106,Competitor - Search,41530,2288,415.77
2026-03-10,106,Competitor - Search,52371,1977,484.51
2026-03-11,106,Competitor - Search,33241,1465,356.71
2026-03-12,106,Competitor - Search,47635,2145,453.01
2026-03-13,106,Competitor - Search,36849,1961,330.01
2026-03-14,106,Competitor - Search,28155,1296,293.52
2026-03-15,106,Competitor - Search,45993,2642,433.57
2026-03-16,106,Competitor - Search,50811,1651,357.16
2026-03-17,106,Competitor - Search,62091,2913,424.38
2026-03-18,106,Competitor - Search,34439,1590,402.98
2026-03-19,106,Competitor - Search,38156,2125,452.22
2026-03-20,106,Competitor - Search,49140,1466,351.68
2026-03-21,106,Competitor - Search,49783,1641,456.84
2026-03-22,106,Competitor - Search,31805,1551,344.82
2026-03-23,106,Competitor - Search,56877,3386,453.77
2026-03-24,106,Competitor - Search,39099,2007,446.69
2026-03-25,106,Competitor - Search,28681,835,358.47
2026-03-26,106,Competitor - Search,58827,1867,453.92
2026-03-27,106,Competitor - Search,52748,1805,446.71
2026-03-28,106,Competitor - Search,43694,2100,381.57
2026-03-29,106,Competitor - Search,65103,2728,435.77
2026-03-30,106,Competitor - Search,27382,1574,326.73
2026-03-31,106,Competitor - Search,65342,2716,461.63
2026-04-01,106,Competitor - Search,42210,1896,472.78
2026-04-02,106,Competitor - Search,44006,2151,395.88
2026-04-03,106,Competitor - Search,40734,1484,396.73
2026-04-04,106,Competitor - Search,50613,1106,460.55
2026-04-05,106,Competitor - Search,51167,1234,466.83
2026-04-06,106,Competitor - Search,61275,1478,458.4
2026-04-07,106,Competitor - Search,39466,2180,296.42
2026-04-08,106,Competitor - Search,34232,1407,340.26
2026-04-09,106,Competitor - Search,60745,2138,436.62
2026-04-10,106,Competitor - Search,46900,2508,445.98
2026-04-11,106,Competitor - Search,31607,1137,314.36
2026-04-12,106,Competitor - Search,66239,2212,462.22
2026-04-13,106,Competitor - Search,58066,2750,441.26
2026-04-14,106,Competitor - Search,42063,1747,373.82
2026-04-15,106,Competitor - Search,22215,1284,277.29
2026-04-16,106,Competitor - Search,31132,1436,371.55
2026-04-17,106,Competitor - Search,34335,1553,293.12
2026-04-18,106,Competitor - Search,37520,1358,373.67
2026-04-19,106,Competitor - Search,44414,1754,315.65
2026-04-20,106,Competitor - Search,47056,1364,465.8
2026-04-21,106,Competitor - Search,41107,1560,464.28
2026-04-22,106,Competitor - Search,58356,1900,442.33
2026-04-23,106,Competitor - Search,34044,1500,415.54
2026-04-24,106,Competitor - Search,54903,2988,428.89
2026-04-25,106,Competitor - Search,42380,891,384.28
2026-04-26,106,Competitor - Search,40312,1970,467.02
2026-04-27,106,Competitor - Search,40673,820,307.21
2026-04-28,106,Competitor - Search,38421,1305,309.43
2026-04-29,106,Competitor - Search,36426,1633,389.96
2026-04-30,106,Competitor - Search,31461,664,280.77
2026-05-01,106,Competitor - Search,40322,2262,305.45
2026-05-02,106,Competitor - Search,48441,998,452.81
2026-05-03,106,Competitor - Search,58278,1895,444.86
2026-05-04,106,Competitor - Search,32926,1234,283.43
2026-05-05,106,Competitor - Search,36040,1697,281.33
2026-05-06,106,Competitor - Search,38128,1738,388.91
2026-05-07,106,Competitor - Search,26699,1306,273.74
2026-05-08,106,Competitor - Search,34677,1479,341.05
2026-05-09,106,Competitor - Search,66195,3224,466.59
2026-05-10,106,Competitor - Search,37354,1600,265.98
2026-05-11,106,Competitor - Search,55237,2626,449.46
2026-05-12,106,Competitor - Search,35049,1091,287.74
2026-05-13,106,Competitor - Search,24899,968,
2026-05-14,106,Competitor - Search,57653,2861,406.5
2026-05-15,106,Competitor - Search,28415,656,340.82
2026-05-16,106,Competitor - Search,28844,1189,341.72
2026-05-17,106,Competitor - Search,64718,3688,483.55
2026-05-18,106,Competitor - Search,24494,956,279.78
2026-05-19,106,Competitor - Search,45574,2111,342.46
2026-05-20,106,Competitor - Search,38607,2196,271.57
2026-05-21,106,Competitor - Search,39838,2117,387.29
2026-05-22,106,Competitor - Search,49272,2877,404.51
2026-05-23,106,Competitor - Search,34596,1858,276.16
2026-05-24,106,Competitor - Search,30808,1658,292.1
2026-05-25,106,Competitor - Search,46486,2298,343.57
2026-05-26,106,Competitor - Search,59254,1880,426.38
2026-05-27,106,Competitor - Search,60078,1379,470.64
2026-05-28,106,Competitor - Search,42701,2181,458.0
2026-05-29,106,Competitor - Search,36224,1628,420.16
2026-05-30,106,Competitor - Search,49905,1144,421.94
2026-05-31,106,Competitor - Search,41729,2350,347.97
2026-06-01,106,Competitor - Search,61697,2326,476.05
2026-06-02,106,Competitor - Search,30749,1795,278.57
2026-06-03,106,Competitor - Search,33001,1442,267.86
2026-06-04,106,Competitor - Search,38214,2082,350.55
2026-06-05,106,Competitor - Search,44598,1265,414.09
2026-06-06,106,Competitor - Search,44307,1845,352.55
2026-06-07,106,Competitor - Search,40291,2262,470.95
2026-06-08,106,Competitor - Search,48947,1136,349.32
2026-06-09,106,Competitor - Search,32912,702,350.33
2026-06-10,106,Competitor - Search,36161,922,447.44
2026-06-11,106,Competitor - Search,44089,2416,406.57
2026-06-12,106,Competitor - Search,39578,1494,323.11
2026-06-13,106,Competitor - Search,38711,1437,329.02
2026-06-14,106,Competitor - Search,34591,1228,263.88
2026-06-15,106,Competitor - Search,46272,1873,410.85
2026-06-16,106,Competitor - Search,35696,1783,277.13
2026-06-17,106,Competitor - Search,37933,847,279.64
2026-06-18,106,Competitor - Search,45329,1890,417.83
2026-06-19,106,Competitor - Search,35149,1868,280.27
2026-06-20,106,Competitor - Search,36315,1537,362.18
2026-06-21,106,Competitor - Search,40939,1384,308.03
2026-06-22,106,Competitor - Search,37757,1489,335.09
2026-06-23,106,Competitor - Search,33636,805,321.14
2026-06-24,106,Competitor - Search,37279,791,384.08
2026-06-25,106,Competitor - Search,42112,1051,389.85
2026-06-26,106,Competitor - Search,62182,2721,485.61
2026-06-27,106,Competitor - Search,39541,913,308.82
2026-06-28,106,Competitor - Search,52677,1804,402.53
2026-06-29,106,Competitor - Search,41894,2098,435.75
2026-06-30,106,Competitor - Search,41557,2281,303.83
2026-07-01,106,Competitor - Search,30522,836,279.48
2026-07-02,106,Competitor - Search,54411,1225,383.33
2026-07-03,106,Competitor - Search,38632,2297,458.15
2026-07-04,106,Competitor - Search,36876,913,336.2
2026-07-05,106,Competitor - Search,30636,836,286.37
2026-07-06,106,Competitor - Search,39775,979,433.55
2026-07-07,106,Competitor - Search,40499,1826,341.76
2026-07-08,106,Competitor - Search,54420,1690,454.33
2026-07-09,106,Competitor - Search,23464,576,289.48
2026-07-10,106,Competitor - Search,41888,1989,402.55
2026-07-11,106,Competitor - Search,29595,1730,350.01
2026-07-12,106,Competitor - Search,42450,1383,420.29
2026-07-13,106,Competitor - Search,31223,749,302.78
2026-07-14,106,Competitor - Search,56287,2246,437.78
2026-07-15,106,Competitor - Search,64245,2439,450.27
2026-07-16,106,Competitor - Search,41814,1566,280.91
2026-07-17,106,Competitor - Search,63718,2085,440.99
2026-07-18,106,Competitor - Search,27760,827,265.73
2026-07-19,106,Competitor - Search,35102,1431,288.5
2026-04-21,102,Generic - Search,125978,6032,1063.48
2026-06-06,105,YouTube - Awareness,107103,3358,825.26
2026-02-06,105,YouTube - Awareness,50872,1173,579.83
2024-08-11,101,Brand - Search,64400,3754,515.39
2024-07-31,104,Retargeting - Display,127763,6260,1193.83
2024-09-14,104,Retargeting - Display,90819,2283,1087.06
2024-07-25,105,YouTube - Awareness,115581,4895,899.92
2026-03-14,104,Retargeting - Display,111747,6322,900.82
2025-04-29,103,Shopping - All Products,36940,1182,357.69
2024-10-07,104,Retargeting - Display,121642,3684,868.29
2024-12-17,103,Shopping - All Products,63125,1575,628.3
2025-06-07,101,Brand - Search,37145,1576,417.4
2026-05-11,101,Brand - Search,61111,3627,412.23
2025-09-14,105,YouTube - Awareness,66865,2645,821.75
2025-09-27,105,YouTube - Awareness,136492,3662,1231.95
2026-04-21,106,Competitor - Search,41107,1560,464.28
2024-08-20,103,Shopping - All Products,46518,2523,484.93
2025-10-16,104,Retargeting - Display,121796,4879,1053.61
2025-08-11,101,Brand - Search,65673,2779,449.25
2024-10-31,105,YouTube - Awareness,100872,3002,1129.9
2025-02-27,105,YouTube - Awareness,91888,5216,672.19
2025-06-13,101,Brand - Search,58242,1417,390.79
