report_date,ad_set_id,ad_set_name,spend,impressions,clicks
07/20/2024,201,Prospecting - Broad,868.13,106022.0,2010
07/21/2024,201,Prospecting - Broad,606.27,96787.0,998
07/22/2024,201,Prospecting - Broad,531.39,66900.0,1764
07/23/2024,201,Prospecting - Broad,802.61,128643.0,4471
07/24/2024,201,Prospecting - Broad,713.84,139100.0,5062
07/25/2024,201,Prospecting - Broad,513.12,98438.0,1219
07/26/2024,201,Prospecting - Broad,562.34,107841.0,1812
07/27/2024,201,Prospecting - Broad,785.2,128760.0,1956
07/28/2024,201,Prospecting - Broad,621.22,72758.0,1902
07/29/2024,201,Prospecting - Broad,629.15,90800.0,1187
07/30/2024,201,Prospecting - Broad,585.82,76333.0,1323
07/31/2024,201,Prospecting - Broad,541.83,55231.0,1076
08/01/2024,201,Prospecting - Broad,741.82,109876.0,3171
08/02/2024,201,Prospecting - Broad,679.64,93981.0,3517
08/03/2024,201,Prospecting - Broad,548.02,75698.0,1604
08/04/2024,201,Prospecting - Broad,788.59,129174.0,2624
08/05/2024,201,Prospecting - Broad,611.02,92619.0,996
08/06/2024,201,Prospecting - Broad,505.85,63164.0,1441
08/07/2024,201,Prospecting - Broad,742.69,75903.0,3017
08/08/2024,201,Prospecting - Broad,670.85,68259.0,1163
08/09/2024,201,Prospecting - Broad,624.6,86196.0,2197
08/10/2024,201,Prospecting - Broad,829.13,107924.0,2278
08/11/2024,201,Prospecting - Broad,635.71,104244.0,4009
08/12/2024,201,Prospecting - Broad,648.72,96005.0,2102
08/13/2024,201,Prospecting - Broad,801.33,141036.0,4510
08/14/2024,201,Prospecting - Broad,783.23,130210.0,2469
08/15/2024,201,Prospecting - Broad,621.13,84199.0,1079
08/16/2024,201,Prospecting - Broad,612.0,118042.0,2952
08/17/2024,201,Prospecting - Broad,875.69,126163.0,2755
08/18/2024,201,Prospecting - Broad,598.13,68020.0,2200
08/19/2024,201,Prospecting - Broad,836.91,133248.0,3491
08/20/2024,201,Prospecting - Broad,682.05,97270.0,2646
08/21/2024,201,Prospecting - Broad,592.33,70575.0,1391
08/22/2024,201,Prospecting - Broad,696.8,82047.0,1703
08/23/2024,201,Prospecting - Broad,885.41,99231.0,3828
08/24/2024,201,Prospecting - Broad,769.06,151366.0,5697
08/25/2024,201,Prospecting - Broad,659.82,,1864
08/26/2024,201,Prospecting - Broad,894.59,96354.0,2083
08/27/2024,201,Prospecting - Broad,827.74,142155.0,3817
08/28/2024,201,Prospecting - Broad,695.31,76845.0,2992
08/29/2024,201,Prospecting - Broad,702.89,123276.0,2770
08/30/2024,201,Prospecting - Broad,684.74,113064.0,2411
08/31/2024,201,Prospecting - Broad,515.0,98412.0,1611
09/01/2024,201,Prospecting - Broad,790.5,137595.0,2081
09/02/2024,201,Prospecting - Broad,616.4,,1817
09/03/2024,201,Prospecting - Broad,728.24,101911.0,3455
09/04/2024,201,Prospecting - Broad,812.83,84873.0,2409
09/05/2024,201,Prospecting - Broad,892.5,135635.0,1387
09/06/2024,201,Prospecting - Broad,849.34,167423.0,4559
09/07/2024,201,Prospecting - Broad,710.48,81204.0,2103
09/08/2024,201,Prospecting - Broad,919.88,117100.0,3531
09/09/2024,201,Prospecting - Broad,789.48,127815.0,2187
09/10/2024,201,Prospecting - Broad,837.32,108699.0,3958
09/11/2024,201,Prospecting - Broad,636.34,118384.0,3008
09/12/2024,201,Prospecting - Broad,878.62,155136.0,4510
09/13/2024,201,Prospecting - Broad,605.59,66727.0,2017
09/14/2024,201,Prospecting - Broad,862.54,147278.0,3827
09/15/2024,201,Prospecting - Broad,608.37,66684.0,1777
09/16/2024,201,Prospecting - Broad,762.05,81044.0,2821
09/17/2024,201,Prospecting - Broad,528.23,68892.0,2258
09/18/2024,201,Prospecting - Broad,515.6,89385.0,2235
09/19/2024,201,Prospecting - Broad,565.79,107240.0,1554
09/20/2024,201,Prospecting - Broad,639.86,123822.0,2451
09/21/2024,201,Prospecting - Broad,908.11,154378.0,4019
09/22/2024,201,Prospecting - Broad,893.2,113969.0,3727
09/23/2024,201,Prospecting - Broad,558.38,94989.0,3175
09/24/2024,201,Prospecting - Broad,572.83,58461.0,685
09/25/2024,201,Prospecting - Broad,645.08,125129.0,1563
09/26/2024,201,Prospecting - Broad,532.84,76951.0,3041
09/27/2024,201,Prospecting - Broad,573.59,77434.0,1662
09/28/2024,201,Prospecting - Broad,496.8,98454.0,2103
09/29/2024,201,Prospecting - Broad,765.95,125762.0,2765
09/30/2024,201,Prospecting - Broad,579.15,110838.0,1937
10/01/2024,201,Prospecting - Broad,782.41,139178.0,2096
10/02/2024,201,Prospecting - Broad,762.27,78123.0,789
10/03/2024,201,Prospecting - Broad,709.9,71639.0,899
10/04/2024,201,Prospecting - Broad,746.36,139353.0,3794
10/05/2024,201,Prospecting - Broad,531.46,,3631
10/06/2024,201,Prospecting - Broad,917.02,142989.0,2451
10/07/2024,201,Prospecting - Broad,845.59,138724.0,5368
10/08/2024,201,Prospecting - Broad,608.67,121144.0,4344
10/09/2024,201,Prospecting - Broad,694.5,107080.0,3707
10/10/2024,201,Prospecting - Broad,789.11,151378.0,5614
10/11/2024,201,Prospecting - Broad,807.66,89330.0,1520
10/12/2024,201,Prospecting - Broad,554.81,84678.0,2990
10/13/2024,201,Prospecting - Broad,591.38,93533.0,1990
10/14/2024,201,Prospecting - Broad,722.45,129833.0,1898
10/15/2024,201,Prospecting - Broad,713.89,85507.0,3117
10/16/2024,201,Prospecting - Broad,737.25,74616.0,1587
10/17/2024,201,Prospecting - Broad,715.58,80768.0,2310
10/18/2024,201,Prospecting - Broad,561.21,76568.0,1940
10/19/2024,201,Prospecting - Broad,741.78,108900.0,2927
10/20/2024,201,Prospecting - Broad,850.35,146042.0,3606
10/21/2024,201,Prospecting - Broad,736.08,94449.0,1128
10/22/2024,201,Prospecting - Broad,515.03,102640.0,2907
10/23/2024,201,Prospecting - Broad,684.97,77722.0,2646
10/24/2024,201,Prospecting - Broad,545.16,105559.0,2479
10/25/2024,201,Prospecting - Broad,795.95,106061.0,1609
10/26/2024,201,Prospecting - Broad,887.83,159193.0,2465
10/27/2024,201,Prospecting - Broad,840.01,122783.0,2126
10/28/2024,201,Prospecting - Broad,678.96,133039.0,3823
10/29/2024,201,Prospecting - Broad,546.29,92156.0,3339
10/30/2024,201,Prospecting - Broad,811.93,160093.0,3298
10/31/2024,201,Prospecting - Broad,685.57,96257.0,1587
11/01/2024,201,Prospecting - Broad,1359.1,264622.0,9199
11/02/2024,201,Prospecting - Broad,1059.59,160960.0,5292
11/03/2024,201,Prospecting - Broad,1054.93,118670.0,3217
11/04/2024,201,Prospecting - Broad,801.47,127843.0,2441
11/05/2024,201,Prospecting - Broad,869.96,152431.0,3921
11/06/2024,201,Prospecting - Broad,868.09,164136.0,4129
11/07/2024,201,Prospecting - Broad,1278.69,175149.0,6839
11/08/2024,201,Prospecting - Broad,1127.89,184440.0,7192
11/09/2024,201,Prospecting - Broad,1255.88,174268.0,6185
11/10/2024,201,Prospecting - Broad,872.52,91384.0,3350
11/11/2024,201,Prospecting - Broad,868.95,120529.0,2781
11/12/2024,201,Prospecting - Broad,979.88,195871.0,7676
11/13/2024,201,Prospecting - Broad,1122.0,188684.0,2588
11/14/2024,201,Prospecting - Broad,1186.48,204284.0,6816
11/15/2024,201,Prospecting - Broad,823.06,125457.0,2991
11/16/2024,201,Prospecting - Broad,1117.34,129448.0,2450
11/17/2024,201,Prospecting - Broad,1141.22,177585.0,3630
11/18/2024,201,Prospecting - Broad,1064.73,164963.0,5511
11/19/2024,201,Prospecting - Broad,952.72,137284.0,2665
11/20/2024,201,Prospecting - Broad,1304.64,176776.0,3781
11/21/2024,201,Prospecting - Broad,1030.61,166658.0,1685
11/22/2024,201,Prospecting - Broad,950.96,120420.0,4734
11/23/2024,201,Prospecting - Broad,1209.7,191431.0,4742
11/24/2024,201,Prospecting - Broad,1088.54,191907.0,7101
11/25/2024,201,Prospecting - Broad,1019.5,200804.0,7605
11/26/2024,201,Prospecting - Broad,927.33,175836.0,4907
11/27/2024,201,Prospecting - Broad,1173.89,186998.0,6823
11/28/2024,201,Prospecting - Broad,841.0,120131.0,2241
11/29/2024,201,Prospecting - Broad,823.84,124810.0,4704
11/30/2024,201,Prospecting - Broad,744.65,76082.0,965
12/01/2024,201,Prospecting - Broad,1167.49,195623.0,4167
12/02/2024,201,Prospecting - Broad,860.1,146082.0,4624
12/03/2024,201,Prospecting - Broad,864.78,89236.0,985
12/04/2024,201,Prospecting - Broad,1183.21,187745.0,7154
12/05/2024,201,Prospecting - Broad,918.69,126429.0,4281
12/06/2024,201,Prospecting - Broad,930.81,110416.0,4233
12/07/2024,201,Prospecting - Broad,1046.65,135811.0,1769
12/08/2024,201,Prospecting - Broad,798.56,117625.0,2791
12/09/2024,201,Prospecting - Broad,1381.61,244806.0,5114
12/10/2024,201,Prospecting - Broad,1030.33,203823.0,2153
12/11/2024,201,Prospecting - Broad,819.48,121149.0,4629
12/12/2024,201,Prospecting - Broad,1101.81,165751.0,4593
12/13/2024,201,Prospecting - Broad,1292.71,211334.0,5938
12/14/2024,201,Prospecting - Broad,942.76,110485.0,3143
12/15/2024,201,Prospecting - Broad,1358.95,151645.0,4686
12/16/2024,201,Prospecting - Broad,962.37,174376.0,4733
12/17/2024,201,Prospecting - Broad,789.89,117434.0,3371
12/18/2024,201,Prospecting - Broad,1226.24,221484.0,4127
12/19/2024,201,Prospecting - Broad,782.26,123368.0,1878
12/20/2024,201,Prospecting - Broad,1120.99,160918.0,2250
12/21/2024,201,Prospecting - Broad,1115.71,134304.0,3474
12/22/2024,201,Prospecting - Broad,925.48,160760.0,2711
12/23/2024,201,Prospecting - Broad,1367.74,232805.0,2896
12/24/2024,201,Prospecting - Broad,1213.68,225858.0,6497
12/25/2024,201,Prospecting - Broad,765.67,104136.0,2160
12/26/2024,201,Prospecting - Broad,872.26,154108.0,5369
12/27/2024,201,Prospecting - Broad,842.37,164266.0,5490
12/28/2024,201,Prospecting - Broad,922.65,95511.0,2081
12/29/2024,201,Prospecting - Broad,980.54,189947.0,4266
12/30/2024,201,Prospecting - Broad,1348.95,252647.0,8944
12/31/2024,201,Prospecting - Broad,1028.39,194432.0,7055
01/01/2025,201,Prospecting - Broad,507.04,55340.0,1719
01/02/2025,201,Prospecting - Broad,731.83,132804.0,4610
01/03/2025,201,Prospecting - Broad,608.92,118685.0,1265
01/04/2025,201,Prospecting - Broad,464.95,80401.0,1695
01/05/2025,201,Prospecting - Broad,425.58,73090.0,1658
01/06/2025,201,Prospecting - Broad,488.05,54076.0,1240
01/07/2025,201,Prospecting - Broad,613.26,101833.0,2096
01/08/2025,201,Prospecting - Broad,700.65,86714.0,2670
01/09/2025,201,Prospecting - Broad,678.06,108306.0,1191
01/10/2025,201,Prospecting - Broad,424.74,73135.0,2888
01/11/2025,201,Prospecting - Broad,680.4,88134.0,2982
01/12/2025,201,Prospecting - Broad,624.87,123361.0,2540
01/13/2025,201,Prospecting - Broad,448.36,77065.0,1104
01/14/2025,201,Prospecting - Broad,659.07,77982.0,1704
01/15/2025,201,Prospecting - Broad,704.58,125032.0,3649
01/16/2025,201,Prospecting - Broad,592.3,62910.0,787
01/17/2025,201,Prospecting - Broad,536.77,60742.0,956
01/18/2025,201,Prospecting - Broad,666.44,81254.0,3208
01/19/2025,201,Prospecting - Broad,776.25,143763.0,1457
01/20/2025,201,Prospecting - Broad,575.92,85991.0,1840
01/21/2025,201,Prospecting - Broad,721.39,140616.0,3915
01/22/2025,201,Prospecting - Broad,655.69,124516.0,2564
01/23/2025,201,Prospecting - Broad,710.17,74489.0,2754
01/24/2025,201,Prospecting - Broad,466.71,92873.0,1221
01/25/2025,201,Prospecting - Broad,434.54,69155.0,1624
01/26/2025,201,Prospecting - Broad,541.79,80606.0,1262
01/27/2025,201,Prospecting - Broad,681.44,94678.0,2583
01/28/2025,201,Prospecting - Broad,602.58,114291.0,1649
01/29/2025,201,Prospecting - Broad,483.11,56251.0,601
01/30/2025,201,Prospecting - Broad,750.84,141936.0,2730
01/31/2025,201,Prospecting - Broad,626.87,87355.0,1800
02/01/2025,201,Prospecting - Broad,617.88,92023.0,2481
02/02/2025,201,Prospecting - Broad,644.48,68136.0,1181
02/03/2025,201,Prospecting - Broad,727.09,74204.0,2121
02/04/2025,201,Prospecting - Broad,664.33,77060.0,1442
02/05/2025,201,Prospecting - Broad,710.52,90550.0,963
02/06/2025,201,Prospecting - Broad,670.12,74219.0,1924
02/07/2025,201,Prospecting - Broad,723.21,87366.0,1224
02/08/2025,201,Prospecting - Broad,472.41,64047.0,1928
02/09/2025,201,Prospecting - Broad,667.08,95373.0,2153
02/10/2025,201,Prospecting - Broad,575.74,85011.0,1505
02/11/2025,201,Prospecting - Broad,454.32,54400.0,1040
02/12/2025,201,Prospecting - Broad,425.89,79872.0,1216
02/13/2025,201,Prospecting - Broad,482.54,69504.0,1304
02/14/2025,201,Prospecting - Broad,492.02,94231.0,1615
02/15/2025,201,Prospecting - Broad,697.08,118374.0,3553
02/16/2025,201,Prospecting - Broad,722.43,83099.0,2734
02/17/2025,201,Prospecting - Broad,711.3,72540.0,1684
02/18/2025,201,Prospecting - Broad,750.12,103159.0,2534
02/19/2025,201,Prospecting - Broad,582.56,112295.0,1388
02/20/2025,201,Prospecting - Broad,609.03,113029.0,3376
02/21/2025,201,Prospecting - Broad,720.54,115009.0,4577
02/22/2025,201,Prospecting - Broad,679.11,124200.0,2511
02/23/2025,201,Prospecting - Broad,757.21,138998.0,4735
02/24/2025,201,Prospecting - Broad,722.74,85886.0,1183
02/25/2025,201,Prospecting - Broad,579.12,66266.0,1721
02/26/2025,201,Prospecting - Broad,638.0,117800.0,4134
02/27/2025,201,Prospecting - Broad,586.67,69635.0,2394
02/28/2025,201,Prospecting - Broad,741.67,147179.0,4038
03/01/2025,201,Prospecting - Broad,581.63,72793.0,2226
03/02/2025,201,Prospecting - Broad,507.48,87148.0,1532
03/03/2025,201,Prospecting - Broad,631.29,112271.0,2825
03/04/2025,201,Prospecting - Broad,793.77,113302.0,2153
03/05/2025,201,Prospecting - Broad,509.06,54497.0,980
03/06/2025,201,Prospecting - Broad,701.02,73385.0,930
03/07/2025,201,Prospecting - Broad,581.59,59617.0,1055
03/08/2025,201,Prospecting - Broad,807.69,109559.0,4365
03/09/2025,201,Prospecting - Broad,796.47,84040.0,2228
03/10/2025,201,Prospecting - Broad,546.76,91491.0,2921
03/11/2025,201,Prospecting - Broad,687.49,84377.0,1288
03/12/2025,201,Prospecting - Broad,904.25,128660.0,1853
03/13/2025,201,Prospecting - Broad,556.58,94022.0,1481
03/14/2025,201,Prospecting - Broad,686.18,113105.0,2066
03/15/2025,201,Prospecting - Broad,745.03,110152.0,4108
03/16/2025,201,Prospecting - Broad,553.35,103548.0,3753
03/17/2025,201,Prospecting - Broad,741.3,103970.0,2319
03/18/2025,201,Prospecting - Broad,578.3,109352.0,1216
03/19/2025,201,Prospecting - Broad,823.77,139352.0,3745
03/20/2025,201,Prospecting - Broad,886.44,142536.0,5490
03/21/2025,201,Prospecting - Broad,688.63,81508.0,1778
03/22/2025,201,Prospecting - Broad,829.15,142869.0,2997
03/23/2025,201,Prospecting - Broad,507.14,60909.0,637
03/24/2025,201,Prospecting - Broad,732.1,,2009
03/25/2025,201,Prospecting - Broad,595.93,92605.0,1713
03/26/2025,201,Prospecting - Broad,857.94,119562.0,2046
03/27/2025,201,Prospecting - Broad,856.49,170620.0,5514
03/28/2025,201,Prospecting - Broad,536.68,93907.0,1883
03/29/2025,201,Prospecting - Broad,898.95,127186.0,3547
03/30/2025,201,Prospecting - Broad,610.35,89215.0,2009
03/31/2025,201,Prospecting - Broad,786.63,90172.0,3546
04/01/2025,201,Prospecting - Broad,813.97,111820.0,1658
04/02/2025,201,Prospecting - Broad,682.17,79200.0,895
04/03/2025,201,Prospecting - Broad,645.39,91987.0,1908
04/04/2025,201,Prospecting - Broad,871.18,166621.0,4690
04/05/2025,201,Prospecting - Broad,785.67,98657.0,2623
04/06/2025,201,Prospecting - Broad,542.4,76335.0,955
04/07/2025,201,Prospecting - Broad,708.79,94088.0,1484
04/08/2025,201,Prospecting - Broad,730.64,114718.0,2127
04/09/2025,201,Prospecting - Broad,667.97,107565.0,2335
04/10/2025,201,Prospecting - Broad,815.72,128522.0,4676
04/11/2025,201,Prospecting - Broad,561.13,88670.0,3411
04/12/2025,201,Prospecting - Broad,911.34,172138.0,5341
04/13/2025,201,Prospecting - Broad,614.08,106055.0,3223
04/14/2025,201,Prospecting - Broad,787.92,141557.0,3567
04/15/2025,201,Prospecting - Broad,674.55,107195.0,1243
04/16/2025,201,Prospecting - Broad,754.87,94888.0,3429
04/17/2025,201,Prospecting - Broad,557.02,105097.0,4118
04/18/2025,201,Prospecting - Broad,684.12,94480.0,2298
04/19/2025,201,Prospecting - Broad,838.63,146639.0,3620
04/20/2025,201,Prospecting - Broad,820.87,109809.0,3592
04/21/2025,201,Prospecting - Broad,546.04,69186.0,1915
04/22/2025,201,Prospecting - Broad,680.37,95388.0,2638
04/23/2025,201,Prospecting - Broad,729.07,88690.0,1107
04/24/2025,201,Prospecting - Broad,567.81,85162.0,2606
04/25/2025,201,Prospecting - Broad,512.15,60862.0,1008
04/26/2025,201,Prospecting - Broad,681.25,113370.0,1916
04/27/2025,201,Prospecting - Broad,909.17,116126.0,4279
04/28/2025,201,Prospecting - Broad,864.63,93921.0,1666
04/29/2025,201,Prospecting - Broad,595.66,84129.0,1381
04/30/2025,201,Prospecting - Broad,899.88,129795.0,4078
05/01/2025,201,Prospecting - Broad,663.77,123421.0,2440
05/02/2025,201,Prospecting - Broad,662.78,131465.0,3370
05/03/2025,201,Prospecting - Broad,902.89,163132.0,5832
05/04/2025,201,Prospecting - Broad,534.37,94401.0,3427
05/05/2025,201,Prospecting - Broad,803.35,123531.0,3418
05/06/2025,201,Prospecting - Broad,844.04,131075.0,2520
05/07/2025,201,Prospecting - Broad,687.84,125857.0,1953
05/08/2025,201,Prospecting - Broad,674.36,95461.0,2651
05/09/2025,201,Prospecting - Broad,521.38,74276.0,2435
05/10/2025,201,Prospecting - Broad,863.32,101633.0,1187
05/11/2025,201,Prospecting - Broad,589.67,72685.0,1065
05/12/2025,201,Prospecting - Broad,764.87,144553.0,1767
05/13/2025,201,Prospecting - Broad,904.19,126527.0,1832
05/14/2025,201,Prospecting - Broad,668.97,95381.0,3061
05/15/2025,201,Prospecting - Broad,500.47,63407.0,1380
05/16/2025,201,Prospecting - Broad,832.97,90027.0,1451
05/17/2025,201,Prospecting - Broad,672.48,105598.0,3896
05/18/2025,201,Prospecting - Broad,544.5,82562.0,1909
05/19/2025,201,Prospecting - Broad,751.28,97510.0,1762
05/20/2025,201,Prospecting - Broad,749.43,93120.0,2869
05/21/2025,201,Prospecting - Broad,898.51,108593.0,2513
05/22/2025,201,Prospecting - Broad,712.09,129277.0,4553
05/23/2025,201,Prospecting - Broad,512.86,81380.0,2720
05/24/2025,201,Prospecting - Broad,592.32,101599.0,3623
05/25/2025,201,Prospecting - Broad,780.37,92370.0,1714
05/26/2025,201,Prospecting - Broad,628.88,85949.0,1677
05/27/2025,201,Prospecting - Broad,881.89,170131.0,6615
05/28/2025,201,Prospecting - Broad,532.88,75251.0,1063
05/29/2025,201,Prospecting - Broad,741.91,74340.0,912
05/30/2025,201,Prospecting - Broad,672.29,75996.0,1806
05/31/2025,201,Prospecting - Broad,583.85,,3302
06/01/2025,201,Prospecting - Broad,643.46,102846.0,2977
06/02/2025,201,Prospecting - Broad,704.06,106272.0,3610
06/03/2025,201,Prospecting - Broad,625.17,68003.0,2630
06/04/2025,201,Prospecting - Broad,730.92,76319.0,2508
06/05/2025,201,Prospecting - Broad,797.8,140494.0,4882
06/06/2025,201,Prospecting - Broad,656.43,103141.0,1620
06/07/2025,201,Prospecting - Broad,827.14,133705.0,4995
06/08/2025,201,Prospecting - Broad,831.76,140630.0,1825
06/09/2025,201,Prospecting - Broad,526.55,94271.0,950
06/10/2025,201,Prospecting - Broad,888.96,,1897
06/11/2025,201,Prospecting - Broad,815.54,116207.0,2550
06/12/2025,201,Prospecting - Broad,637.49,123839.0,1424
06/13/2025,201,Prospecting - Broad,904.54,131360.0,3529
06/14/2025,201,Prospecting - Broad,915.12,159232.0,6158
06/15/2025,201,Prospecting - Broad,627.66,68609.0,967
06/16/2025,201,Prospecting - Broad,605.25,,4025
06/17/2025,201,Prospecting - Broad,642.81,111704.0,2555
06/18/2025,201,Prospecting - Broad,628.23,82772.0,1364
06/19/2025,201,Prospecting - Broad,502.02,94843.0,2978
06/20/2025,201,Prospecting - Broad,711.2,124722.0,1702
06/21/2025,201,Prospecting - Broad,634.85,99897.0,2049
06/22/2025,201,Prospecting - Broad,631.38,84507.0,3288
06/23/2025,201,Prospecting - Broad,755.26,141999.0,1509
06/24/2025,201,Prospecting - Broad,872.1,95117.0,2249
06/25/2025,201,Prospecting - Broad,532.55,54598.0,1841
06/26/2025,201,Prospecting - Broad,678.53,118919.0,2087
06/27/2025,201,Prospecting - Broad,517.92,95299.0,3103
06/28/2025,201,Prospecting - Broad,674.01,120438.0,1787
06/29/2025,201,Prospecting - Broad,694.12,119232.0,4515
06/30/2025,201,Prospecting - Broad,855.79,148409.0,4995
07/01/2025,201,Prospecting - Broad,580.96,87084.0,2813
07/02/2025,201,Prospecting - Broad,836.03,89089.0,1353
07/03/2025,201,Prospecting - Broad,641.31,78869.0,1455
07/04/2025,201,Prospecting - Broad,549.31,104542.0,4123
07/05/2025,201,Prospecting - Broad,699.42,132654.0,5010
07/06/2025,201,Prospecting - Broad,865.25,124475.0,3163
07/07/2025,201,Prospecting - Broad,911.45,112935.0,3629
07/08/2025,201,Prospecting - Broad,664.12,112272.0,1380
07/09/2025,201,Prospecting - Broad,918.46,145885.0,1969
07/10/2025,201,Prospecting - Broad,915.08,104261.0,2561
07/11/2025,201,Prospecting - Broad,698.36,,3066
07/12/2025,201,Prospecting - Broad,578.04,103066.0,1344
07/13/2025,201,Prospecting - Broad,618.82,78735.0,2612
07/14/2025,201,Prospecting - Broad,724.68,127821.0,3814
07/15/2025,201,Prospecting - Broad,755.3,101416.0,3655
07/16/2025,201,Prospecting - Broad,620.63,86641.0,939
07/17/2025,201,Prospecting - Broad,872.78,115416.0,1646
07/18/2025,201,Prospecting - Broad,640.45,93679.0,1764
07/19/2025,201,Prospecting - Broad,892.21,99157.0,3233
07/20/2025,201,Prospecting - Broad,560.0,70699.0,2243
07/21/2025,201,Prospecting - Broad,843.38,122534.0,2990
07/22/2025,201,Prospecting - Broad,797.07,124994.0,4022
07/23/2025,201,Prospecting - Broad,846.26,121593.0,2770
07/24/2025,201,Prospecting - Broad,605.8,110015.0,2696
07/25/2025,201,Prospecting - Broad,778.99,120950.0,3140
07/26/2025,201,Prospecting - Broad,807.64,118977.0,1441
07/27/2025,201,Prospecting - Broad,566.49,77938.0,2470
07/28/2025,201,Prospecting - Broad,854.81,96051.0,2295
07/29/2025,201,Prospecting - Broad,841.21,96321.0,1985
07/30/2025,201,Prospecting - Broad,651.14,94201.0,1614
07/31/2025,201,Prospecting - Broad,661.14,110637.0,3491
08/01/2025,201,Prospecting - Broad,608.7,112389.0,3627
08/02/2025,201,Prospecting - Broad,564.32,68741.0,1516
08/03/2025,201,Prospecting - Broad,852.84,141134.0,4584
08/04/2025,201,Prospecting - Broad,821.62,137949.0,5354
08/05/2025,201,Prospecting - Broad,821.47,147405.0,1721
08/06/2025,201,Prospecting - Broad,906.32,176650.0,2179
08/07/2025,201,Prospecting - Broad,686.51,83797.0,1933
08/08/2025,201,Prospecting - Broad,694.21,86624.0,2924
08/09/2025,201,Prospecting - Broad,539.25,86321.0,2730
08/10/2025,201,Prospecting - Broad,736.31,116699.0,1922
08/11/2025,201,Prospecting - Broad,901.04,114962.0,2148
08/12/2025,201,Prospecting - Broad,714.91,142014.0,1622
08/13/2025,201,Prospecting - Broad,852.33,120169.0,3007
08/14/2025,201,Prospecting - Broad,525.92,95480.0,1046
08/15/2025,201,Prospecting - Broad,716.06,131397.0,4218
08/16/2025,201,Prospecting - Broad,671.27,83199.0,2843
08/17/2025,201,Prospecting - Broad,711.53,133086.0,1347
08/18/2025,201,Prospecting - Broad,883.74,106498.0,3341
08/19/2025,201,Prospecting - Broad,871.41,90565.0,2967
08/20/2025,201,Prospecting - Broad,768.77,125900.0,4731
08/21/2025,201,Prospecting - Broad,533.65,74066.0,2900
08/22/2025,201,Prospecting - Broad,783.91,119878.0,3959
08/23/2025,201,Prospecting - Broad,718.51,127394.0,1498
08/24/2025,201,Prospecting - Broad,878.5,138272.0,3032
08/25/2025,201,Prospecting - Broad,635.54,118343.0,1541
08/26/2025,201,Prospecting - Broad,650.76,73269.0,2038
08/27/2025,201,Prospecting - Broad,578.19,77299.0,1765
08/28/2025,201,Prospecting - Broad,736.52,114170.0,3478
08/29/2025,201,Prospecting - Broad,896.43,155731.0,4519
08/30/2025,201,Prospecting - Broad,800.07,124517.0,4422
08/31/2025,201,Prospecting - Broad,812.53,86994.0,3346
09/01/2025,201,Prospecting - Broad,920.65,123501.0,1743
09/02/2025,201,Prospecting - Broad,523.97,90876.0,1637
09/03/2025,201,Prospecting - Broad,791.91,123766.0,4515
09/04/2025,201,Prospecting - Broad,743.52,91877.0,1033
09/05/2025,201,Prospecting - Broad,571.59,99591.0,1486
09/06/2025,201,Prospecting - Broad,516.3,62589.0,1968
09/07/2025,201,Prospecting - Broad,538.41,72762.0,895
09/08/2025,201,Prospecting - Broad,543.44,71928.0,1198
09/09/2025,201,Prospecting - Broad,857.1,142871.0,2109
09/10/2025,201,Prospecting - Broad,602.57,76623.0,1724
09/11/2025,201,Prospecting - Broad,557.73,76938.0,2395
09/12/2025,201,Prospecting - Broad,761.71,134605.0,4232
09/13/2025,201,Prospecting - Broad,573.65,78737.0,2105
09/14/2025,201,Prospecting - Broad,893.58,94581.0,2601
09/15/2025,201,Prospecting - Broad,718.23,138027.0,4816
09/16/2025,201,Prospecting - Broad,807.33,154113.0,1811
09/17/2025,201,Prospecting - Broad,621.03,100591.0,1110
09/18/2025,201,Prospecting - Broad,821.22,147942.0,4209
09/19/2025,201,Prospecting - Broad,915.89,130674.0,3919
09/20/2025,201,Prospecting - Broad,511.33,67441.0,2583
09/21/2025,201,Prospecting - Broad,799.84,127122.0,2951
09/22/2025,201,Prospecting - Broad,509.28,99904.0,2055
09/23/2025,201,Prospecting - Broad,704.35,77776.0,1904
09/24/2025,201,Prospecting - Broad,731.42,112406.0,1485
09/25/2025,201,Prospecting - Broad,738.71,136067.0,1667
09/26/2025,201,Prospecting - Broad,888.22,116839.0,3953
09/27/2025,201,Prospecting - Broad,554.6,,4032
09/28/2025,201,Prospecting - Broad,815.23,92459.0,3177
09/29/2025,201,Prospecting - Broad,591.08,83263.0,1343
09/30/2025,201,Prospecting - Broad,765.07,119801.0,4729
10/01/2025,201,Prospecting - Broad,696.45,76273.0,966
10/02/2025,201,Prospecting - Broad,845.46,165997.0,4514
10/03/2025,201,Prospecting - Broad,506.48,51632.0,1086
10/04/2025,201,Prospecting - Broad,498.84,86562.0,1964
10/05/2025,201,Prospecting - Broad,621.85,69307.0,1256
10/06/2025,201,Prospecting - Broad,673.13,97265.0,1365
10/07/2025,201,Prospecting - Broad,561.67,84381.0,2992
10/08/2025,201,Prospecting - Broad,844.01,152921.0,3931
10/09/2025,201,Prospecting - Broad,650.62,74982.0,2105
10/10/2025,201,Prospecting - Broad,583.85,63613.0,1386
10/11/2025,201,Prospecting - Broad,676.04,100019.0,3467
10/12/2025,201,Prospecting - Broad,709.83,88583.0,1170
10/13/2025,201,Prospecting - Broad,645.48,101900.0,2375
10/14/2025,201,Prospecting - Broad,517.98,67855.0,1502
10/15/2025,201,Prospecting - Broad,707.46,97352.0,1424
10/16/2025,201,Prospecting - Broad,506.93,99682.0,1965
10/17/2025,201,Prospecting - Broad,749.62,85541.0,1171
10/18/2025,201,Prospecting - Broad,642.68,117035.0,1541
10/19/2025,201,Prospecting - Broad,566.44,89217.0,1756
10/20/2025,201,Prospecting - Broad,645.06,70350.0,1603
10/21/2025,201,Prospecting - Broad,540.05,70800.0,1777
10/22/2025,201,Prospecting - Broad,638.88,68554.0,1553
10/23/2025,201,Prospecting - Broad,621.97,113965.0,2127
10/24/2025,201,Prospecting - Broad,580.3,74615.0,2783
10/25/2025,201,Prospecting - Broad,570.6,105833.0,1670
10/26/2025,201,Prospecting - Broad,637.97,122948.0,2487
10/27/2025,201,Prospecting - Broad,876.12,93129.0,1817
10/28/2025,201,Prospecting - Broad,511.42,60925.0,1853
10/29/2025,201,Prospecting - Broad,729.29,73513.0,971
10/30/2025,201,Prospecting - Broad,872.13,139341.0,5114
10/31/2025,201,Prospecting - Broad,721.39,118004.0,3073
11/01/2025,201,Prospecting - Broad,908.38,100551.0,2446
11/02/2025,201,Prospecting - Broad,1154.16,146816.0,1791
11/03/2025,201,Prospecting - Broad,1071.43,209145.0,2607
11/04/2025,201,Prospecting - Broad,1237.07,224574.0,5574
11/05/2025,201,Prospecting - Broad,908.33,111874.0,3904
11/06/2025,201,Prospecting - Broad,937.83,99650.0,3007
11/07/2025,201,Prospecting - Broad,774.14,151511.0,2114
11/08/2025,201,Prospecting - Broad,1331.43,214787.0,5829
11/09/2025,201,Prospecting - Broad,1127.09,208652.0,2919
11/10/2025,201,Prospecting - Broad,1011.1,115970.0,1618
11/11/2025,201,Prospecting - Broad,1165.63,122436.0,2628
11/12/2025,201,Prospecting - Broad,1233.13,142407.0,4261
11/13/2025,201,Prospecting - Broad,969.99,123925.0,2411
11/14/2025,201,Prospecting - Broad,938.9,173700.0,6366
11/15/2025,201,Prospecting - Broad,1273.91,165554.0,6598
11/16/2025,201,Prospecting - Broad,1284.84,131078.0,3116
11/17/2025,201,Prospecting - Broad,1257.34,182551.0,2092
11/18/2025,201,Prospecting - Broad,1348.51,209734.0,3752
11/19/2025,201,Prospecting - Broad,1180.53,156618.0,1643
11/20/2025,201,Prospecting - Broad,855.33,153797.0,2136
11/21/2025,201,Prospecting - Broad,1084.33,150118.0,2756
11/22/2025,201,Prospecting - Broad,1021.29,115721.0,1525
11/23/2025,201,Prospecting - Broad,873.41,164430.0,3116
11/24/2025,201,Prospecting - Broad,1015.58,197530.0,2914
11/25/2025,201,Prospecting - Broad,1092.62,115786.0,3534
11/26/2025,201,Prospecting - Broad,1017.35,153011.0,1598
11/27/2025,201,Prospecting - Broad,781.16,109230.0,3853
11/28/2025,201,Prospecting - Broad,915.37,153319.0,1922
11/29/2025,201,Prospecting - Broad,1307.72,250111.0,4512
11/30/2025,201,Prospecting - Broad,1002.38,114129.0,3511
12/01/2025,201,Prospecting - Broad,1294.32,208329.0,6313
12/02/2025,201,Prospecting - Broad,856.59,93680.0,3607
12/03/2025,201,Prospecting - Broad,1331.23,242159.0,3275
12/04/2025,201,Prospecting - Broad,1105.7,168739.0,6273
12/05/2025,201,Prospecting - Broad,777.93,119582.0,2807
12/06/2025,201,Prospecting - Broad,950.66,149758.0,4715
12/07/2025,201,Prospecting - Broad,833.9,114859.0,3236
12/08/2025,201,Prospecting - Broad,829.33,134066.0,4355
12/09/2025,201,Prospecting - Broad,1266.65,224178.0,4201
12/10/2025,201,Prospecting - Broad,957.61,145326.0,4699
12/11/2025,201,Prospecting - Broad,1292.78,153803.0,2075
12/12/2025,201,Prospecting - Broad,1305.67,231624.0,7789
12/13/2025,201,Prospecting - Broad,1347.4,205382.0,6024
12/14/2025,201,Prospecting - Broad,1112.53,184413.0,6271
12/15/2025,201,Prospecting - Broad,1267.42,221539.0,2860
12/16/2025,201,Prospecting - Broad,1080.64,133881.0,1399
12/17/2025,201,Prospecting - Broad,1329.34,241513.0,3765
12/18/2025,201,Prospecting - Broad,1349.39,256220.0,9626
12/19/2025,201,Prospecting - Broad,1050.03,205465.0,3741
12/20/2025,201,Prospecting - Broad,817.86,95901.0,1151
12/21/2025,201,Prospecting - Broad,1238.41,171013.0,3047
12/22/2025,201,Prospecting - Broad,1239.75,187010.0,7376
12/23/2025,201,Prospecting - Broad,1234.52,242304.0,9151
12/24/2025,201,Prospecting - Broad,1034.02,144435.0,4026
12/25/2025,201,Prospecting - Broad,1017.99,187600.0,5257
12/26/2025,201,Prospecting - Broad,912.71,107547.0,3168
12/27/2025,201,Prospecting - Broad,1302.38,213778.0,5623
12/28/2025,201,Prospecting - Broad,1271.21,159467.0,3526
12/29/2025,201,Prospecting - Broad,984.05,181757.0,3487
12/30/2025,201,Prospecting - Broad,776.39,118105.0,2732
12/31/2025,201,Prospecting - Broad,821.6,125890.0,2992
01/01/2026,201,Prospecting - Broad,759.8,100225.0,2791
01/02/2026,201,Prospecting - Broad,635.23,78124.0,2151
01/03/2026,201,Prospecting - Broad,453.73,72075.0,1539
01/04/2026,201,Prospecting - Broad,653.85,91494.0,2141
01/05/2026,201,Prospecting - Broad,671.18,68104.0,957
01/06/2026,201,Prospecting - Broad,492.99,56469.0,2120
01/07/2026,201,Prospecting - Broad,535.6,107011.0,3871
01/08/2026,201,Prospecting - Broad,572.55,110356.0,2348
01/09/2026,201,Prospecting - Broad,685.7,117556.0,2102
01/10/2026,201,Prospecting - Broad,540.29,62584.0,1617
01/11/2026,201,Prospecting - Broad,501.94,88751.0,1296
01/12/2026,201,Prospecting - Broad,654.59,121041.0,4613
01/13/2026,201,Prospecting - Broad,696.81,94300.0,2139
01/14/2026,201,Prospecting - Broad,511.17,86489.0,1147
01/15/2026,201,Prospecting - Broad,758.07,126559.0,1656
01/16/2026,201,Prospecting - Broad,523.07,97063.0,2684
01/17/2026,201,Prospecting - Broad,524.79,,2407
01/18/2026,201,Prospecting - Broad,635.2,92883.0,1710
01/19/2026,201,Prospecting - Broad,557.12,96650.0,2182
01/20/2026,201,Prospecting - Broad,596.5,89914.0,1830
01/21/2026,201,Prospecting - Broad,484.13,60640.0,1619
01/22/2026,201,Prospecting - Broad,632.97,89326.0,3002
01/23/2026,201,Prospecting - Broad,626.75,72398.0,1318
01/24/2026,201,Prospecting - Broad,581.66,82951.0,2576
01/25/2026,201,Prospecting - Broad,651.55,95668.0,2306
01/26/2026,201,Prospecting - Broad,473.56,82435.0,1270
01/27/2026,201,Prospecting - Broad,646.89,117089.0,4656
01/28/2026,201,Prospecting - Broad,436.82,51961.0,1630
01/29/2026,201,Prospecting - Broad,531.89,61048.0,1849
01/30/2026,201,Prospecting - Broad,664.79,119500.0,2718
01/31/2026,201,Prospecting - Broad,482.44,68106.0,1013
02/01/2026,201,Prospecting - Broad,504.48,84577.0,2302
02/02/2026,201,Prospecting - Broad,510.13,82988.0,2350
02/03/2026,201,Prospecting - Broad,544.81,74430.0,1711
02/04/2026,201,Prospecting - Broad,502.35,92626.0,1274
02/05/2026,201,Prospecting - Broad,552.59,69005.0,919
02/06/2026,201,Prospecting - Broad,734.66,125219.0,3441
02/07/2026,201,Prospecting - Broad,652.5,78763.0,1552
02/08/2026,201,Prospecting - Broad,780.06,93287.0,2475
02/09/2026,201,Prospecting - Broad,556.98,72957.0,730
02/10/2026,201,Prospecting - Broad,517.58,58726.0,974
02/11/2026,201,Prospecting - Broad,519.72,66106.0,2082
02/12/2026,201,Prospecting - Broad,627.26,63287.0,1491
02/13/2026,201,Prospecting - Broad,427.41,70352.0,1595
02/14/2026,201,Prospecting - Broad,737.06,123609.0,1260
02/15/2026,201,Prospecting - Broad,647.71,102534.0,2533
02/16/2026,201,Prospecting - Broad,674.28,122134.0,3882
02/17/2026,201,Prospecting - Broad,747.39,127602.0,5092
02/18/2026,201,Prospecting - Broad,665.77,108139.0,3098
02/19/2026,201,Prospecting - Broad,628.95,91120.0,2933
02/20/2026,201,Prospecting - Broad,641.1,91775.0,1464
02/21/2026,201,Prospecting - Broad,740.95,135759.0,2806
02/22/2026,201,Prospecting - Broad,684.89,100659.0,2626
02/23/2026,201,Prospecting - Broad,761.81,98095.0,1106
02/24/2026,201,Prospecting - Broad,503.3,72641.0,1660
02/25/2026,201,Prospecting - Broad,754.99,124434.0,4817
02/26/2026,201,Prospecting - Broad,554.61,98814.0,3587
02/27/2026,201,Prospecting - Broad,641.05,95244.0,1523
02/28/2026,201,Prospecting - Broad,447.62,46922.0,798
03/01/2026,201,Prospecting - Broad,616.92,116771.0,3123
03/02/2026,201,Prospecting - Broad,614.71,100543.0,1325
03/03/2026,201,Prospecting - Broad,551.21,72297.0,996
03/04/2026,201,Prospecting - Broad,734.05,115260.0,1812
03/05/2026,201,Prospecting - Broad,868.1,140011.0,3725
03/06/2026,201,Prospecting - Broad,642.95,91695.0,1551
03/07/2026,201,Prospecting - Broad,529.82,104219.0,1855
03/08/2026,201,Prospecting - Broad,791.48,122369.0,2180
03/09/2026,201,Prospecting - Broad,745.78,149080.0,1980
03/10/2026,201,Prospecting - Broad,673.09,125204.0,4798
03/11/2026,201,Prospecting - Broad,518.04,87786.0,1032
03/12/2026,201,Prospecting - Broad,750.01,135961.0,4711
03/13/2026,201,Prospecting - Broad,690.61,,2578
03/14/2026,201,Prospecting - Broad,879.74,164475.0,2950
03/15/2026,201,Prospecting - Broad,674.36,91211.0,3600
03/16/2026,201,Prospecting - Broad,906.92,136811.0,2480
03/17/2026,201,Prospecting - Broad,550.31,81450.0,987
03/18/2026,201,Prospecting - Broad,669.99,126518.0,4302
03/19/2026,201,Prospecting - Broad,828.89,102516.0,3819
03/20/2026,201,Prospecting - Broad,853.32,132331.0,1789
03/21/2026,201,Prospecting - Broad,834.18,93022.0,3513
03/22/2026,201,Prospecting - Broad,826.62,129551.0,3478
03/23/2026,201,Prospecting - Broad,814.2,119102.0,3710
03/24/2026,201,Prospecting - Broad,649.49,124626.0,2788
03/25/2026,201,Prospecting - Broad,568.74,106012.0,1240
03/26/2026,201,Prospecting - Broad,862.09,110330.0,2985
03/27/2026,201,Prospecting - Broad,843.17,113802.0,1910
03/28/2026,201,Prospecting - Broad,554.11,63033.0,2379
03/29/2026,201,Prospecting - Broad,849.1,105063.0,3203
03/30/2026,201,Prospecting - Broad,709.57,80476.0,2031
03/31/2026,201,Prospecting - Broad,511.57,55704.0,1528
04/01/2026,201,Prospecting - Broad,751.45,80280.0,1582
04/02/2026,201,Prospecting - Broad,681.67,99687.0,2899
04/03/2026,201,Prospecting - Broad,803.6,99337.0,2549
04/04/2026,201,Prospecting - Broad,896.8,139667.0,5099
04/05/2026,201,Prospecting - Broad,592.91,69386.0,1166
04/06/2026,201,Prospecting - Broad,851.03,137959.0,1720
04/07/2026,201,Prospecting - Broad,867.66,154900.0,2564
04/08/2026,201,Prospecting - Broad,533.44,97947.0,3741
04/09/2026,201,Prospecting - Broad,814.62,162432.0,3224
04/10/2026,201,Prospecting - Broad,891.55,138326.0,3061
04/11/2026,201,Prospecting - Broad,545.75,59393.0,1787
04/12/2026,201,Prospecting - Broad,671.71,100377.0,1056
04/13/2026,201,Prospecting - Broad,630.24,125094.0,2848
04/14/2026,201,Prospecting - Broad,527.69,67255.0,1845
04/15/2026,201,Prospecting - Broad,799.47,108247.0,3439
04/16/2026,201,Prospecting - Broad,545.58,73402.0,1089
04/17/2026,201,Prospecting - Broad,909.38,101488.0,2252
04/18/2026,201,Prospecting - Broad,874.57,113565.0,3820
04/19/2026,201,Prospecting - Broad,570.29,113231.0,1338
04/20/2026,201,Prospecting - Broad,837.59,124595.0,2566
04/21/2026,201,Prospecting - Broad,889.65,141194.0,5536
04/22/2026,201,Prospecting - Broad,611.19,115505.0,3515
04/23/2026,201,Prospecting - Broad,619.63,71486.0,2416
04/24/2026,201,Prospecting - Broad,858.85,161813.0,3272
04/25/2026,201,Prospecting - Broad,675.1,133048.0,3409
04/26/2026,201,Prospecting - Broad,659.36,91142.0,2963
04/27/2026,201,Prospecting - Broad,528.05,80170.0,2649
04/28/2026,201,Prospecting - Broad,588.55,103923.0,2502
04/29/2026,201,Prospecting - Broad,698.55,86916.0,956
04/30/2026,201,Prospecting - Broad,826.65,114471.0,3975
05/01/2026,201,Prospecting - Broad,550.79,58033.0,2041
05/02/2026,201,Prospecting - Broad,817.51,124327.0,1902
05/03/2026,201,Prospecting - Broad,735.61,98246.0,1968
05/04/2026,201,Prospecting - Broad,755.88,94866.0,2545
05/05/2026,201,Prospecting - Broad,516.7,65481.0,2307
05/06/2026,201,Prospecting - Broad,904.19,167491.0,3328
05/07/2026,201,Prospecting - Broad,804.86,97273.0,3401
05/08/2026,201,Prospecting - Broad,653.1,105835.0,3062
05/09/2026,201,Prospecting - Broad,716.39,115318.0,2009
05/10/2026,201,Prospecting - Broad,572.93,107595.0,1861
05/11/2026,201,Prospecting - Broad,799.11,99312.0,1277
05/12/2026,201,Prospecting - Broad,619.89,81026.0,1445
05/13/2026,201,Prospecting - Broad,581.43,63968.0,1859
05/14/2026,201,Prospecting - Broad,781.17,114420.0,3495
05/15/2026,201,Prospecting - Broad,543.16,103772.0,2454
05/16/2026,201,Prospecting - Broad,513.06,75805.0,2603
05/17/2026,201,Prospecting - Broad,540.81,70782.0,2807
05/18/2026,201,Prospecting - Broad,775.44,93047.0,2085
05/19/2026,201,Prospecting - Broad,659.85,83991.0,2458
05/20/2026,201,Prospecting - Broad,908.69,145771.0,3954
05/21/2026,201,Prospecting - Broad,753.98,97389.0,3681
05/22/2026,201,Prospecting - Broad,517.6,80667.0,1011
05/23/2026,201,Prospecting - Broad,691.45,137272.0,2832
05/24/2026,201,Prospecting - Broad,733.69,78252.0,2832
05/25/2026,201,Prospecting - Broad,595.77,70199.0,871
05/26/2026,201,Prospecting - Broad,827.07,105080.0,3507
05/27/2026,201,Prospecting - Broad,607.49,98264.0,1010
05/28/2026,201,Prospecting - Broad,562.47,62001.0,1016
05/29/2026,201,Prospecting - Broad,840.69,93842.0,3541
05/30/2026,201,Prospecting - Broad,790.79,82952.0,2377
05/31/2026,201,Prospecting - Broad,589.93,117098.0,4535
06/01/2026,201,Prospecting - Broad,740.94,94444.0,2844
06/02/2026,201,Prospecting - Broad,843.34,104247.0,3106
06/03/2026,201,Prospecting - Broad,665.68,94209.0,1827
06/04/2026,201,Prospecting - Broad,508.33,71582.0,957
06/05/2026,201,Prospecting - Broad,891.43,147048.0,5881
06/06/2026,201,Prospecting - Broad,549.99,72075.0,1877
06/07/2026,201,Prospecting - Broad,846.38,92350.0,2322
06/08/2026,201,Prospecting - Broad,566.12,95791.0,1250
06/09/2026,201,Prospecting - Broad,699.25,75751.0,1002
06/10/2026,201,Prospecting - Broad,912.61,99240.0,1207
06/11/2026,201,Prospecting - Broad,653.92,129249.0,1763
06/12/2026,201,Prospecting - Broad,501.22,97123.0,1466
06/13/2026,201,Prospecting - Broad,526.03,,1456
06/14/2026,201,Prospecting - Broad,521.08,54129.0,1213
06/15/2026,201,Prospecting - Broad,876.09,145165.0,4137
06/16/2026,201,Prospecting - Broad,706.47,136606.0,3165
06/17/2026,201,Prospecting - Broad,672.17,84308.0,3189
06/18/2026,201,Prospecting - Broad,623.61,114293.0,2637
06/19/2026,201,Prospecting - Broad,813.46,134816.0,4304
06/20/2026,201,Prospecting - Broad,754.08,141724.0,4024
06/21/2026,201,Prospecting - Broad,712.37,86025.0,1592
06/22/2026,201,Prospecting - Broad,861.4,138925.0,3061
06/23/2026,201,Prospecting - Broad,605.09,69323.0,2333
06/24/2026,201,Prospecting - Broad,790.71,144469.0,1580
06/25/2026,201,Prospecting - Broad,789.19,151243.0,5969
06/26/2026,201,Prospecting - Broad,599.67,101456.0,2788
06/27/2026,201,Prospecting - Broad,693.27,118222.0,2689
06/28/2026,201,Prospecting - Broad,850.42,139597.0,5332
06/29/2026,201,Prospecting - Broad,863.35,120737.0,3733
06/30/2026,201,Prospecting - Broad,866.01,96141.0,2508
07/01/2026,201,Prospecting - Broad,738.52,108247.0,1122
07/02/2026,201,Prospecting - Broad,584.79,95489.0,2107
07/03/2026,201,Prospecting - Broad,521.23,76358.0,2005
07/04/2026,201,Prospecting - Broad,764.16,151479.0,1847
07/05/2026,201,Prospecting - Broad,813.05,133005.0,1943
07/06/2026,201,Prospecting - Broad,862.12,101017.0,2279
07/07/2026,201,Prospecting - Broad,803.24,157560.0,4412
07/08/2026,201,Prospecting - Broad,858.72,146523.0,1724
07/09/2026,201,Prospecting - Broad,881.49,165848.0,1708
07/10/2026,201,Prospecting - Broad,660.66,108315.0,1324
07/11/2026,201,Prospecting - Broad,557.66,70024.0,1839
07/12/2026,201,Prospecting - Broad,877.24,93555.0,2169
07/13/2026,201,Prospecting - Broad,753.15,149045.0,2444
07/14/2026,201,Prospecting - Broad,723.78,88125.0,2964
07/15/2026,201,Prospecting - Broad,524.79,95356.0,2337
07/16/2026,201,Prospecting - Broad,821.39,138068.0,2107
07/17/2026,201,Prospecting - Broad,893.69,113803.0,2044
07/18/2026,201,Prospecting - Broad,632.34,115523.0,3980
07/19/2026,201,Prospecting - Broad,818.33,89628.0,1462
07/20/2024,202,Retargeting - Cart Abandoners,1011.52,182015.0,5069
07/21/2024,202,Retargeting - Cart Abandoners,944.48,162585.0,5758
07/22/2024,202,Retargeting - Cart Abandoners,1126.77,188086.0,4481
07/23/2024,202,Retargeting - Cart Abandoners,904.51,163515.0,5347
07/24/2024,202,Retargeting - Cart Abandoners,944.33,143838.0,2991
07/25/2024,202,Retargeting - Cart Abandoners,865.66,142338.0,2699
07/26/2024,202,Retargeting - Cart Abandoners,774.66,133617.0,3405
07/27/2024,202,Retargeting - Cart Abandoners,1186.18,196136.0,3810
07/28/2024,202,Retargeting - Cart Abandoners,861.76,92741.0,1373
07/29/2024,202,Retargeting - Cart Abandoners,1283.08,202132.0,7565
07/30/2024,202,Retargeting - Cart Abandoners,1081.91,120203.0,2368
07/31/2024,202,Retargeting - Cart Abandoners,873.36,144583.0,2885
08/01/2024,202,Retargeting - Cart Abandoners,1065.47,145250.0,4850
08/02/2024,202,Retargeting - Cart Abandoners,1105.04,202388.0,4008
08/03/2024,202,Retargeting - Cart Abandoners,956.7,148629.0,4496
08/04/2024,202,Retargeting - Cart Abandoners,957.92,97604.0,3839
08/05/2024,202,Retargeting - Cart Abandoners,841.8,132451.0,1925
08/06/2024,202,Retargeting - Cart Abandoners,802.52,143954.0,3811
08/07/2024,202,Retargeting - Cart Abandoners,1191.31,205659.0,3256
08/08/2024,202,Retargeting - Cart Abandoners,714.56,140300.0,4743
08/09/2024,202,Retargeting - Cart Abandoners,818.92,156532.0,5160
08/10/2024,202,Retargeting - Cart Abandoners,784.9,150701.0,1959
08/11/2024,202,Retargeting - Cart Abandoners,968.43,134140.0,4007
08/12/2024,202,Retargeting - Cart Abandoners,1166.27,198186.0,4036
08/13/2024,202,Retargeting - Cart Abandoners,1149.36,184050.0,5172
08/14/2024,202,Retargeting - Cart Abandoners,960.88,168494.0,3344
08/15/2024,202,Retargeting - Cart Abandoners,1148.55,122353.0,2924
08/16/2024,202,Retargeting - Cart Abandoners,952.58,101667.0,3380
08/17/2024,202,Retargeting - Cart Abandoners,956.6,164216.0,4170
08/18/2024,202,Retargeting - Cart Abandoners,1093.67,211603.0,4583
08/19/2024,202,Retargeting - Cart Abandoners,1017.66,178618.0,5436
08/20/2024,202,Retargeting - Cart Abandoners,1262.58,132871.0,2636
08/21/2024,202,Retargeting - Cart Abandoners,883.65,141244.0,2156
08/22/2024,202,Retargeting - Cart Abandoners,695.58,86617.0,1464
08/23/2024,202,Retargeting - Cart Abandoners,1224.19,231619.0,4297
08/24/2024,202,Retargeting - Cart Abandoners,921.18,98203.0,2099
08/25/2024,202,Retargeting - Cart Abandoners,1081.43,205570.0,5454
08/26/2024,202,Retargeting - Cart Abandoners,1289.82,131450.0,4287
08/27/2024,202,Retargeting - Cart Abandoners,824.93,145112.0,2855
08/28/2024,202,Retargeting - Cart Abandoners,1032.7,135420.0,4367
08/29/2024,202,Retargeting - Cart Abandoners,1071.58,176853.0,4601
08/30/2024,202,Retargeting - Cart Abandoners,1126.75,145120.0,3043
08/31/2024,202,Retargeting - Cart Abandoners,887.48,132504.0,3300
09/01/2024,202,Retargeting - Cart Abandoners,1280.3,166540.0,6548
09/02/2024,202,Retargeting - Cart Abandoners,1208.26,,3873
09/03/2024,202,Retargeting - Cart Abandoners,1036.35,203485.0,5646
09/04/2024,202,Retargeting - Cart Abandoners,1173.0,200166.0,7944
09/05/2024,202,Retargeting - Cart Abandoners,1004.3,150068.0,3270
09/06/2024,202,Retargeting - Cart Abandoners,860.29,86815.0,3400
09/07/2024,202,Retargeting - Cart Abandoners,951.52,123603.0,3795
09/08/2024,202,Retargeting - Cart Abandoners,1124.65,152394.0,5770
09/09/2024,202,Retargeting - Cart Abandoners,1147.66,212975.0,4056
09/10/2024,202,Retargeting - Cart Abandoners,875.59,161229.0,2514
09/11/2024,202,Retargeting - Cart Abandoners,799.63,81518.0,1213
09/12/2024,202,Retargeting - Cart Abandoners,1225.2,185724.0,2758
09/13/2024,202,Retargeting - Cart Abandoners,1223.09,176029.0,5341
09/14/2024,202,Retargeting - Cart Abandoners,796.0,101204.0,2456
09/15/2024,202,Retargeting - Cart Abandoners,987.64,128595.0,3261
09/16/2024,202,Retargeting - Cart Abandoners,979.84,136586.0,2172
09/17/2024,202,Retargeting - Cart Abandoners,802.4,92705.0,3298
09/18/2024,202,Retargeting - Cart Abandoners,997.33,181176.0,6771
09/19/2024,202,Retargeting - Cart Abandoners,916.72,131120.0,3859
09/20/2024,202,Retargeting - Cart Abandoners,708.43,104939.0,3889
09/21/2024,202,Retargeting - Cart Abandoners,774.07,88854.0,3233
09/22/2024,202,Retargeting - Cart Abandoners,1079.27,181657.0,6371
09/23/2024,202,Retargeting - Cart Abandoners,1239.41,185284.0,7037
09/24/2024,202,Retargeting - Cart Abandoners,1056.75,141043.0,2453
09/25/2024,202,Retargeting - Cart Abandoners,906.26,103539.0,3187
09/26/2024,202,Retargeting - Cart Abandoners,1090.44,171105.0,2519
09/27/2024,202,Retargeting - Cart Abandoners,974.37,167922.0,2697
09/28/2024,202,Retargeting - Cart Abandoners,816.38,140740.0,5489
09/29/2024,202,Retargeting - Cart Abandoners,1249.84,194997.0,3206
09/30/2024,202,Retargeting - Cart Abandoners,904.01,133071.0,1337
10/01/2024,202,Retargeting - Cart Abandoners,1105.84,203488.0,5355
10/02/2024,202,Retargeting - Cart Abandoners,820.57,113938.0,1903
10/03/2024,202,Retargeting - Cart Abandoners,1018.1,125903.0,4681
10/04/2024,202,Retargeting - Cart Abandoners,1256.71,223241.0,4004
10/05/2024,202,Retargeting - Cart Abandoners,811.75,128816.0,1770
10/06/2024,202,Retargeting - Cart Abandoners,757.97,135937.0,5407
10/07/2024,202,Retargeting - Cart Abandoners,1237.74,191475.0,2001
10/08/2024,202,Retargeting - Cart Abandoners,1289.93,228104.0,2372
10/09/2024,202,Retargeting - Cart Abandoners,1007.13,112938.0,2021
10/10/2024,202,Retargeting - Cart Abandoners,1266.76,223042.0,5367
10/11/2024,202,Retargeting - Cart Abandoners,842.7,92612.0,1486
10/12/2024,202,Retargeting - Cart Abandoners,1274.54,231288.0,4814
10/13/2024,202,Retargeting - Cart Abandoners,1135.92,167048.0,5863
10/14/2024,202,Retargeting - Cart Abandoners,1194.53,156110.0,2210
10/15/2024,202,Retargeting - Cart Abandoners,870.21,130413.0,1372
10/16/2024,202,Retargeting - Cart Abandoners,943.71,101765.0,2268
10/17/2024,202,Retargeting - Cart Abandoners,844.13,114528.0,4214
10/18/2024,202,Retargeting - Cart Abandoners,696.46,106715.0,2653
10/19/2024,202,Retargeting - Cart Abandoners,865.13,156990.0,5456
10/20/2024,202,Retargeting - Cart Abandoners,762.08,114636.0,4392
10/21/2024,202,Retargeting - Cart Abandoners,1195.63,121307.0,2781
10/22/2024,202,Retargeting - Cart Abandoners,1157.63,124082.0,2007
10/23/2024,202,Retargeting - Cart Abandoners,1288.07,229702.0,8951
10/24/2024,202,Retargeting - Cart Abandoners,1149.26,153698.0,3497
10/25/2024,202,Retargeting - Cart Abandoners,695.64,106145.0,3193
10/26/2024,202,Retargeting - Cart Abandoners,861.27,155064.0,5175
10/27/2024,202,Retargeting - Cart Abandoners,1158.99,209864.0,6340
10/28/2024,202,Retargeting - Cart Abandoners,995.86,150300.0,5972
10/29/2024,202,Retargeting - Cart Abandoners,1072.83,122354.0,3431
10/30/2024,202,Retargeting - Cart Abandoners,1187.07,127779.0,4564
10/31/2024,202,Retargeting - Cart Abandoners,1199.11,214464.0,4174
11/01/2024,202,Retargeting - Cart Abandoners,1389.4,,7890
11/02/2024,202,Retargeting - Cart Abandoners,1657.36,184100.0,6495
11/03/2024,202,Retargeting - Cart Abandoners,1832.04,242453.0,8926
11/04/2024,202,Retargeting - Cart Abandoners,1263.88,166064.0,3074
11/05/2024,202,Retargeting - Cart Abandoners,1078.24,173160.0,1851
11/06/2024,202,Retargeting - Cart Abandoners,1513.63,281508.0,9981
11/07/2024,202,Retargeting - Cart Abandoners,1524.15,286305.0,11157
11/08/2024,202,Retargeting - Cart Abandoners,1251.79,229406.0,5321
11/09/2024,202,Retargeting - Cart Abandoners,1851.26,245966.0,5595
11/10/2024,202,Retargeting - Cart Abandoners,1083.92,,4379
11/11/2024,202,Retargeting - Cart Abandoners,1748.56,296299.0,9193
11/12/2024,202,Retargeting - Cart Abandoners,1922.82,253929.0,8626
11/13/2024,202,Retargeting - Cart Abandoners,1061.17,168335.0,4741
11/14/2024,202,Retargeting - Cart Abandoners,1254.78,188785.0,6720
11/15/2024,202,Retargeting - Cart Abandoners,1575.85,258154.0,9281
11/16/2024,202,Retargeting - Cart Abandoners,1687.37,201865.0,4201
11/17/2024,202,Retargeting - Cart Abandoners,1837.08,220798.0,4246
11/18/2024,202,Retargeting - Cart Abandoners,1472.59,149293.0,2343
11/19/2024,202,Retargeting - Cart Abandoners,1624.13,282658.0,10065
11/20/2024,202,Retargeting - Cart Abandoners,1467.56,,4105
11/21/2024,202,Retargeting - Cart Abandoners,1548.95,192939.0,3411
11/22/2024,202,Retargeting - Cart Abandoners,1722.22,337075.0,9852
11/23/2024,202,Retargeting - Cart Abandoners,1393.18,256563.0,8153
11/24/2024,202,Retargeting - Cart Abandoners,1538.55,300545.0,3284
11/25/2024,202,Retargeting - Cart Abandoners,1760.87,210499.0,8148
11/26/2024,202,Retargeting - Cart Abandoners,1324.43,187616.0,2382
11/27/2024,202,Retargeting - Cart Abandoners,1135.82,213287.0,3079
11/28/2024,202,Retargeting - Cart Abandoners,1765.3,179806.0,6549
11/29/2024,202,Retargeting - Cart Abandoners,1691.64,223912.0,6126
11/30/2024,202,Retargeting - Cart Abandoners,1369.1,271993.0,6129
12/01/2024,202,Retargeting - Cart Abandoners,1524.73,187523.0,3245
12/02/2024,202,Retargeting - Cart Abandoners,1342.92,219852.0,4736
12/03/2024,202,Retargeting - Cart Abandoners,1168.41,202485.0,3185
12/04/2024,202,Retargeting - Cart Abandoners,1889.34,340474.0,11686
12/05/2024,202,Retargeting - Cart Abandoners,1675.09,186583.0,4958
12/06/2024,202,Retargeting - Cart Abandoners,1048.81,137382.0,3263
12/07/2024,202,Retargeting - Cart Abandoners,1067.69,132763.0,2365
12/08/2024,202,Retargeting - Cart Abandoners,1378.07,157906.0,5364
12/09/2024,202,Retargeting - Cart Abandoners,1317.82,139497.0,1529
12/10/2024,202,Retargeting - Cart Abandoners,1594.3,223080.0,4356
12/11/2024,202,Retargeting - Cart Abandoners,1870.41,209631.0,2523
12/12/2024,202,Retargeting - Cart Abandoners,1047.39,105426.0,3001
12/13/2024,202,Retargeting - Cart Abandoners,1648.35,212182.0,5555
12/14/2024,202,Retargeting - Cart Abandoners,1579.02,161355.0,1891
12/15/2024,202,Retargeting - Cart Abandoners,1720.96,245580.0,9399
12/16/2024,202,Retargeting - Cart Abandoners,1899.27,323934.0,6086
12/17/2024,202,Retargeting - Cart Abandoners,1130.47,203106.0,4175
12/18/2024,202,Retargeting - Cart Abandoners,1820.57,270655.0,6050
12/19/2024,202,Retargeting - Cart Abandoners,1189.38,142734.0,5103
12/20/2024,202,Retargeting - Cart Abandoners,1366.25,152602.0,4711
12/21/2024,202,Retargeting - Cart Abandoners,1049.7,208101.0,5160
12/22/2024,202,Retargeting - Cart Abandoners,1494.18,272630.0,6588
12/23/2024,202,Retargeting - Cart Abandoners,1182.45,176350.0,3233
12/24/2024,202,Retargeting - Cart Abandoners,1603.3,255631.0,7236
12/25/2024,202,Retargeting - Cart Abandoners,1312.03,187964.0,4535
12/26/2024,202,Retargeting - Cart Abandoners,1719.42,291047.0,7513
12/27/2024,202,Retargeting - Cart Abandoners,1526.61,283478.0,4826
12/28/2024,202,Retargeting - Cart Abandoners,1294.26,143848.0,3235
12/29/2024,202,Retargeting - Cart Abandoners,1386.14,245636.0,4157
12/30/2024,202,Retargeting - Cart Abandoners,1835.3,286474.0,10379
12/31/2024,202,Retargeting - Cart Abandoners,1626.99,185513.0,5032
01/01/2025,202,Retargeting - Cart Abandoners,1061.82,124924.0,3128
01/02/2025,202,Retargeting - Cart Abandoners,798.5,104008.0,1106
01/03/2025,202,Retargeting - Cart Abandoners,660.22,117906.0,2506
01/04/2025,202,Retargeting - Cart Abandoners,815.64,103828.0,3092
01/05/2025,202,Retargeting - Cart Abandoners,805.71,140556.0,4614
01/06/2025,202,Retargeting - Cart Abandoners,704.77,138642.0,2323
01/07/2025,202,Retargeting - Cart Abandoners,845.53,146656.0,3377
01/08/2025,202,Retargeting - Cart Abandoners,596.41,83138.0,2023
01/09/2025,202,Retargeting - Cart Abandoners,1030.32,169061.0,6482
01/10/2025,202,Retargeting - Cart Abandoners,972.23,145071.0,3047
01/11/2025,202,Retargeting - Cart Abandoners,666.94,118768.0,4093
01/12/2025,202,Retargeting - Cart Abandoners,705.06,126094.0,3219
01/13/2025,202,Retargeting - Cart Abandoners,846.8,128977.0,1366
01/14/2025,202,Retargeting - Cart Abandoners,703.95,126536.0,3092
01/15/2025,202,Retargeting - Cart Abandoners,956.95,136005.0,4842
01/16/2025,202,Retargeting - Cart Abandoners,1070.26,141862.0,4990
01/17/2025,202,Retargeting - Cart Abandoners,915.31,123633.0,1640
01/18/2025,202,Retargeting - Cart Abandoners,1046.88,166046.0,2353
01/19/2025,202,Retargeting - Cart Abandoners,1055.87,174840.0,6216
01/20/2025,202,Retargeting - Cart Abandoners,1095.34,214841.0,2515
01/21/2025,202,Retargeting - Cart Abandoners,716.4,97905.0,3331
01/22/2025,202,Retargeting - Cart Abandoners,942.08,148117.0,4694
01/23/2025,202,Retargeting - Cart Abandoners,741.1,97748.0,1447
01/24/2025,202,Retargeting - Cart Abandoners,815.36,144712.0,5263
01/25/2025,202,Retargeting - Cart Abandoners,1056.37,166314.0,2035
01/26/2025,202,Retargeting - Cart Abandoners,781.8,84041.0,856
01/27/2025,202,Retargeting - Cart Abandoners,741.12,125660.0,4673
01/28/2025,202,Retargeting - Cart Abandoners,740.42,142466.0,5064
01/29/2025,202,Retargeting - Cart Abandoners,832.89,150992.0,2513
01/30/2025,202,Retargeting - Cart Abandoners,768.8,146210.0,4483
01/31/2025,202,Retargeting - Cart Abandoners,1047.13,207131.0,3399
02/01/2025,202,Retargeting - Cart Abandoners,849.97,155178.0,6132
02/02/2025,202,Retargeting - Cart Abandoners,781.97,122169.0,4312
02/03/2025,202,Retargeting - Cart Abandoners,915.85,176325.0,6340
02/04/2025,202,Retargeting - Cart Abandoners,661.03,126630.0,4625
02/05/2025,202,Retargeting - Cart Abandoners,954.16,135559.0,3526
02/06/2025,202,Retargeting - Cart Abandoners,813.22,138737.0,2646
02/07/2025,202,Retargeting - Cart Abandoners,994.24,130085.0,3141
02/08/2025,202,Retargeting - Cart Abandoners,1025.73,193048.0,6402
02/09/2025,202,Retargeting - Cart Abandoners,782.09,111713.0,3223
02/10/2025,202,Retargeting - Cart Abandoners,661.59,121124.0,1596
02/11/2025,202,Retargeting - Cart Abandoners,967.93,188048.0,7226
02/12/2025,202,Retargeting - Cart Abandoners,670.79,92709.0,3161
02/13/2025,202,Retargeting - Cart Abandoners,953.97,111217.0,4396
02/14/2025,202,Retargeting - Cart Abandoners,946.09,170303.0,6491
02/15/2025,202,Retargeting - Cart Abandoners,883.7,130829.0,3923
02/16/2025,202,Retargeting - Cart Abandoners,684.42,88343.0,2889
02/17/2025,202,Retargeting - Cart Abandoners,653.71,82968.0,2153
02/18/2025,202,Retargeting - Cart Abandoners,618.21,87348.0,2882
02/19/2025,202,Retargeting - Cart Abandoners,769.4,114308.0,1584
02/20/2025,202,Retargeting - Cart Abandoners,983.14,119465.0,2138
02/21/2025,202,Retargeting - Cart Abandoners,971.11,99265.0,2633
02/22/2025,202,Retargeting - Cart Abandoners,828.71,136315.0,2132
02/23/2025,202,Retargeting - Cart Abandoners,717.8,77113.0,3008
02/24/2025,202,Retargeting - Cart Abandoners,1021.31,177387.0,6443
02/25/2025,202,Retargeting - Cart Abandoners,1014.17,197828.0,3118
02/26/2025,202,Retargeting - Cart Abandoners,734.81,138491.0,1957
02/27/2025,202,Retargeting - Cart Abandoners,662.8,100956.0,1236
02/28/2025,202,Retargeting - Cart Abandoners,726.93,144932.0,5534
03/01/2025,202,Retargeting - Cart Abandoners,1253.97,213293.0,8064
03/02/2025,202,Retargeting - Cart Abandoners,1268.25,166476.0,2020
03/03/2025,202,Retargeting - Cart Abandoners,752.62,83946.0,3008
03/04/2025,202,Retargeting - Cart Abandoners,1213.81,126620.0,4965
03/05/2025,202,Retargeting - Cart Abandoners,800.77,131566.0,2001
03/06/2025,202,Retargeting - Cart Abandoners,1087.88,154551.0,5941
03/07/2025,202,Retargeting - Cart Abandoners,1070.46,193550.0,2146
03/08/2025,202,Retargeting - Cart Abandoners,778.72,129495.0,3254
03/09/2025,202,Retargeting - Cart Abandoners,1000.93,186605.0,1917
03/10/2025,202,Retargeting - Cart Abandoners,1180.0,124906.0,3155
03/11/2025,202,Retargeting - Cart Abandoners,1113.88,150949.0,2755
03/12/2025,202,Retargeting - Cart Abandoners,1053.15,129177.0,4925
03/13/2025,202,Retargeting - Cart Abandoners,1188.7,188068.0,6205
03/14/2025,202,Retargeting - Cart Abandoners,1191.5,147906.0,1895
03/15/2025,202,Retargeting - Cart Abandoners,941.06,180689.0,4385
03/16/2025,202,Retargeting - Cart Abandoners,1226.97,191447.0,6784
03/17/2025,202,Retargeting - Cart Abandoners,803.99,146071.0,1741
03/18/2025,202,Retargeting - Cart Abandoners,708.05,109159.0,2264
03/19/2025,202,Retargeting - Cart Abandoners,1254.46,205417.0,4071
03/20/2025,202,Retargeting - Cart Abandoners,1158.72,,8401
03/21/2025,202,Retargeting - Cart Abandoners,1000.61,132226.0,5063
03/22/2025,202,Retargeting - Cart Abandoners,1202.62,169500.0,6659
03/23/2025,202,Retargeting - Cart Abandoners,785.81,143128.0,2180
03/24/2025,202,Retargeting - Cart Abandoners,1100.06,118648.0,3740
03/25/2025,202,Retargeting - Cart Abandoners,1221.52,136993.0,2985
03/26/2025,202,Retargeting - Cart Abandoners,1239.09,177858.0,6753
03/27/2025,202,Retargeting - Cart Abandoners,702.32,92170.0,2514
03/28/2025,202,Retargeting - Cart Abandoners,825.35,160265.0,3492
03/29/2025,202,Retargeting - Cart Abandoners,1223.18,127103.0,3595
03/30/2025,202,Retargeting - Cart Abandoners,838.37,93921.0,1802
03/31/2025,202,Retargeting - Cart Abandoners,1282.69,204686.0,5721
04/01/2025,202,Retargeting - Cart Abandoners,771.92,114179.0,3949
04/02/2025,202,Retargeting - Cart Abandoners,983.07,188002.0,2624
04/03/2025,202,Retargeting - Cart Abandoners,1031.83,125663.0,2321
04/04/2025,202,Retargeting - Cart Abandoners,930.06,123756.0,2125
04/05/2025,202,Retargeting - Cart Abandoners,877.24,172958.0,5042
04/06/2025,202,Retargeting - Cart Abandoners,697.66,73352.0,899
04/07/2025,202,Retargeting - Cart Abandoners,1208.53,237164.0,4959
04/08/2025,202,Retargeting - Cart Abandoners,1225.15,,1606
04/09/2025,202,Retargeting - Cart Abandoners,1052.4,133976.0,3386
04/10/2025,202,Retargeting - Cart Abandoners,1122.9,169131.0,2679
04/11/2025,202,Retargeting - Cart Abandoners,1109.13,217474.0,2423
04/12/2025,202,Retargeting - Cart Abandoners,1193.44,200506.0,7674
04/13/2025,202,Retargeting - Cart Abandoners,970.76,189828.0,6094
04/14/2025,202,Retargeting - Cart Abandoners,812.8,82604.0,1712
04/15/2025,202,Retargeting - Cart Abandoners,1131.41,145845.0,5471
04/16/2025,202,Retargeting - Cart Abandoners,744.63,96382.0,2741
04/17/2025,202,Retargeting - Cart Abandoners,1002.35,104033.0,3466
04/18/2025,202,Retargeting - Cart Abandoners,1117.65,168339.0,3523
04/19/2025,202,Retargeting - Cart Abandoners,891.48,134799.0,2746
04/20/2025,202,Retargeting - Cart Abandoners,842.57,102290.0,2901
04/21/2025,202,Retargeting - Cart Abandoners,1168.09,129673.0,1575
04/22/2025,202,Retargeting - Cart Abandoners,857.97,133491.0,1912
04/23/2025,202,Retargeting - Cart Abandoners,894.08,139578.0,5092
04/24/2025,202,Retargeting - Cart Abandoners,1045.78,184895.0,5759
04/25/2025,202,Retargeting - Cart Abandoners,1134.35,169368.0,4857
04/26/2025,202,Retargeting - Cart Abandoners,739.79,129268.0,2397
04/27/2025,202,Retargeting - Cart Abandoners,837.63,97301.0,2043
04/28/2025,202,Retargeting - Cart Abandoners,1157.95,220527.0,5891
04/29/2025,202,Retargeting - Cart Abandoners,1165.65,117098.0,2715
04/30/2025,202,Retargeting - Cart Abandoners,1133.05,195156.0,7223
05/01/2025,202,Retargeting - Cart Abandoners,1287.35,143227.0,4952
05/02/2025,202,Retargeting - Cart Abandoners,1282.93,206192.0,3442
05/03/2025,202,Retargeting - Cart Abandoners,1234.53,143330.0,4734
05/04/2025,202,Retargeting - Cart Abandoners,1181.63,132626.0,4813
05/05/2025,202,Retargeting - Cart Abandoners,1285.12,244574.0,6607
05/06/2025,202,Retargeting - Cart Abandoners,722.76,141459.0,5100
05/07/2025,202,Retargeting - Cart Abandoners,1238.56,148999.0,2438
05/08/2025,202,Retargeting - Cart Abandoners,1126.12,186467.0,2652
05/09/2025,202,Retargeting - Cart Abandoners,972.31,138038.0,1744
05/10/2025,202,Retargeting - Cart Abandoners,1271.75,134419.0,4791
05/11/2025,202,Retargeting - Cart Abandoners,1121.9,161682.0,1954
05/12/2025,202,Retargeting - Cart Abandoners,988.03,197566.0,5628
05/13/2025,202,Retargeting - Cart Abandoners,914.73,105773.0,1625
05/14/2025,202,Retargeting - Cart Abandoners,983.37,104938.0,2975
05/15/2025,202,Retargeting - Cart Abandoners,840.51,159541.0,2846
05/16/2025,202,Retargeting - Cart Abandoners,1228.57,223742.0,5150
05/17/2025,202,Retargeting - Cart Abandoners,931.57,126303.0,4554
05/18/2025,202,Retargeting - Cart Abandoners,1067.2,211308.0,6439
05/19/2025,202,Retargeting - Cart Abandoners,916.1,,5300
05/20/2025,202,Retargeting - Cart Abandoners,1135.87,211323.0,3187
05/21/2025,202,Retargeting - Cart Abandoners,1026.92,199741.0,5529
05/22/2025,202,Retargeting - Cart Abandoners,1049.11,106557.0,3867
05/23/2025,202,Retargeting - Cart Abandoners,1040.37,188852.0,3022
05/24/2025,202,Retargeting - Cart Abandoners,695.68,109429.0,3451
05/25/2025,202,Retargeting - Cart Abandoners,1166.45,167759.0,2991
05/26/2025,202,Retargeting - Cart Abandoners,1187.6,169535.0,4374
05/27/2025,202,Retargeting - Cart Abandoners,1256.85,134420.0,4173
05/28/2025,202,Retargeting - Cart Abandoners,1030.01,181058.0,5318
05/29/2025,202,Retargeting - Cart Abandoners,992.61,190595.0,5894
05/30/2025,202,Retargeting - Cart Abandoners,714.0,113554.0,3873
05/31/2025,202,Retargeting - Cart Abandoners,1082.65,123341.0,3392
06/01/2025,202,Retargeting - Cart Abandoners,1053.29,122443.0,1504
06/02/2025,202,Retargeting - Cart Abandoners,725.74,120289.0,1605
06/03/2025,202,Retargeting - Cart Abandoners,1158.62,193591.0,6065
06/04/2025,202,Retargeting - Cart Abandoners,1198.79,215428.0,6410
06/05/2025,202,Retargeting - Cart Abandoners,1100.0,142679.0,1505
06/06/2025,202,Retargeting - Cart Abandoners,1246.37,214600.0,8366
06/07/2025,202,Retargeting - Cart Abandoners,768.21,135108.0,5381
06/08/2025,202,Retargeting - Cart Abandoners,1240.33,177472.0,1958
06/09/2025,202,Retargeting - Cart Abandoners,1210.49,133670.0,3567
06/10/2025,202,Retargeting - Cart Abandoners,1040.43,105991.0,2936
06/11/2025,202,Retargeting - Cart Abandoners,837.31,117324.0,3564
06/12/2025,202,Retargeting - Cart Abandoners,1088.25,201382.0,6276
06/13/2025,202,Retargeting - Cart Abandoners,718.91,88105.0,1322
06/14/2025,202,Retargeting - Cart Abandoners,915.29,135943.0,4176
06/15/2025,202,Retargeting - Cart Abandoners,979.41,146095.0,5753
06/16/2025,202,Retargeting - Cart Abandoners,1080.11,193227.0,7638
06/17/2025,202,Retargeting - Cart Abandoners,711.05,112629.0,2204
06/18/2025,202,Retargeting - Cart Abandoners,724.92,99889.0,1385
06/19/2025,202,Retargeting - Cart Abandoners,1026.81,173668.0,2351
06/20/2025,202,Retargeting - Cart Abandoners,910.89,144678.0,1631
06/21/2025,202,Retargeting - Cart Abandoners,1068.36,108118.0,2480
06/22/2025,202,Retargeting - Cart Abandoners,1286.65,251309.0,3814
06/23/2025,202,Retargeting - Cart Abandoners,984.84,172439.0,6241
06/24/2025,202,Retargeting - Cart Abandoners,966.47,104964.0,3380
06/25/2025,202,Retargeting - Cart Abandoners,1273.87,237936.0,6839
06/26/2025,202,Retargeting - Cart Abandoners,829.31,162895.0,4655
06/27/2025,202,Retargeting - Cart Abandoners,841.58,101235.0,3292
06/28/2025,202,Retargeting - Cart Abandoners,928.11,178006.0,2885
06/29/2025,202,Retargeting - Cart Abandoners,1094.02,210364.0,5536
06/30/2025,202,Retargeting - Cart Abandoners,707.88,99116.0,1060
07/01/2025,202,Retargeting - Cart Abandoners,864.24,133402.0,4315
07/02/2025,202,Retargeting - Cart Abandoners,1276.54,183250.0,3859
07/03/2025,202,Retargeting - Cart Abandoners,934.12,110444.0,4175
07/04/2025,202,Retargeting - Cart Abandoners,1228.1,203260.0,2518
07/05/2025,202,Retargeting - Cart Abandoners,945.94,140201.0,5289
07/06/2025,202,Retargeting - Cart Abandoners,706.72,114751.0,2083
07/07/2025,202,Retargeting - Cart Abandoners,913.91,92171.0,1489
07/08/2025,202,Retargeting - Cart Abandoners,1036.24,155013.0,2051
07/09/2025,202,Retargeting - Cart Abandoners,936.87,167387.0,2534
07/10/2025,202,Retargeting - Cart Abandoners,956.24,180213.0,2855
07/11/2025,202,Retargeting - Cart Abandoners,820.54,122328.0,3401
07/12/2025,202,Retargeting - Cart Abandoners,900.92,113854.0,3292
07/13/2025,202,Retargeting - Cart Abandoners,926.08,171109.0,2958
07/14/2025,202,Retargeting - Cart Abandoners,1178.72,214725.0,3723
07/15/2025,202,Retargeting - Cart Abandoners,1129.89,126283.0,2528
07/16/2025,202,Retargeting - Cart Abandoners,1040.19,181867.0,5852
07/17/2025,202,Retargeting - Cart Abandoners,860.1,153102.0,4153
07/18/2025,202,Retargeting - Cart Abandoners,737.13,127992.0,4669
07/19/2025,202,Retargeting - Cart Abandoners,1258.81,157109.0,5490
07/20/2025,202,Retargeting - Cart Abandoners,1215.39,215105.0,6759
07/21/2025,202,Retargeting - Cart Abandoners,1186.37,182715.0,6248
07/22/2025,202,Retargeting - Cart Abandoners,1157.4,161676.0,3739
07/23/2025,202,Retargeting - Cart Abandoners,1057.22,106064.0,4035
07/24/2025,202,Retargeting - Cart Abandoners,1136.32,191970.0,2505
07/25/2025,202,Retargeting - Cart Abandoners,853.83,102499.0,2363
07/26/2025,202,Retargeting - Cart Abandoners,769.35,104079.0,2393
07/27/2025,202,Retargeting - Cart Abandoners,961.79,177663.0,5875
07/28/2025,202,Retargeting - Cart Abandoners,757.29,131087.0,4890
07/29/2025,202,Retargeting - Cart Abandoners,1000.37,186650.0,2334
07/30/2025,202,Retargeting - Cart Abandoners,908.15,152814.0,3044
07/31/2025,202,Retargeting - Cart Abandoners,919.55,,4995
08/01/2025,202,Retargeting - Cart Abandoners,802.39,111888.0,2675
08/02/2025,202,Retargeting - Cart Abandoners,1236.47,125688.0,4202
08/03/2025,202,Retargeting - Cart Abandoners,841.26,146172.0,2842
08/04/2025,202,Retargeting - Cart Abandoners,954.64,130594.0,1616
08/05/2025,202,Retargeting - Cart Abandoners,834.31,120003.0,4144
08/06/2025,202,Retargeting - Cart Abandoners,842.23,123498.0,1541
08/07/2025,202,Retargeting - Cart Abandoners,1208.39,181583.0,3103
08/08/2025,202,Retargeting - Cart Abandoners,716.29,80120.0,1343
08/09/2025,202,Retargeting - Cart Abandoners,708.04,135189.0,4811
08/10/2025,202,Retargeting - Cart Abandoners,1229.55,208054.0,6659
08/11/2025,202,Retargeting - Cart Abandoners,761.25,143522.0,1631
08/12/2025,202,Retargeting - Cart Abandoners,960.31,96628.0,2283
08/13/2025,202,Retargeting - Cart Abandoners,1122.41,115882.0,2897
08/14/2025,202,Retargeting - Cart Abandoners,1280.67,198784.0,3086
08/15/2025,202,Retargeting - Cart Abandoners,846.94,152959.0,2161
08/16/2025,202,Retargeting - Cart Abandoners,942.92,159993.0,4163
08/17/2025,202,Retargeting - Cart Abandoners,1086.4,203942.0,3957
08/18/2025,202,Retargeting - Cart Abandoners,919.05,149913.0,3230
08/19/2025,202,Retargeting - Cart Abandoners,768.02,112540.0,1447
08/20/2025,202,Retargeting - Cart Abandoners,895.66,152224.0,2057
08/21/2025,202,Retargeting - Cart Abandoners,1205.97,160450.0,3482
08/22/2025,202,Retargeting - Cart Abandoners,861.24,170851.0,2481
08/23/2025,202,Retargeting - Cart Abandoners,1271.29,225434.0,5313
08/24/2025,202,Retargeting - Cart Abandoners,1113.84,215334.0,7528
08/25/2025,202,Retargeting - Cart Abandoners,1017.27,145665.0,4543
08/26/2025,202,Retargeting - Cart Abandoners,851.84,159128.0,2208
08/27/2025,202,Retargeting - Cart Abandoners,987.13,167109.0,4592
08/28/2025,202,Retargeting - Cart Abandoners,832.51,166306.0,6527
08/29/2025,202,Retargeting - Cart Abandoners,971.37,150452.0,5329
08/30/2025,202,Retargeting - Cart Abandoners,763.57,151218.0,3476
08/31/2025,202,Retargeting - Cart Abandoners,778.26,137646.0,4134
09/01/2025,202,Retargeting - Cart Abandoners,1180.13,132666.0,1593
09/02/2025,202,Retargeting - Cart Abandoners,1161.26,229422.0,2826
09/03/2025,202,Retargeting - Cart Abandoners,813.83,139147.0,1611
09/04/2025,202,Retargeting - Cart Abandoners,990.52,155106.0,1888
09/05/2025,202,Retargeting - Cart Abandoners,1150.2,190426.0,6038
09/06/2025,202,Retargeting - Cart Abandoners,1168.33,133577.0,3846
09/07/2025,202,Retargeting - Cart Abandoners,1255.16,146706.0,4993
09/08/2025,202,Retargeting - Cart Abandoners,1261.81,224155.0,3282
09/09/2025,202,Retargeting - Cart Abandoners,823.92,101387.0,1037
09/10/2025,202,Retargeting - Cart Abandoners,758.4,146506.0,3906
09/11/2025,202,Retargeting - Cart Abandoners,749.91,143564.0,1964
09/12/2025,202,Retargeting - Cart Abandoners,862.29,99319.0,1489
09/13/2025,202,Retargeting - Cart Abandoners,898.93,107394.0,3403
09/14/2025,202,Retargeting - Cart Abandoners,784.23,143960.0,2374
09/15/2025,202,Retargeting - Cart Abandoners,1082.05,158544.0,2229
09/16/2025,202,Retargeting - Cart Abandoners,839.64,129352.0,3098
09/17/2025,202,Retargeting - Cart Abandoners,793.6,82267.0,1960
09/18/2025,202,Retargeting - Cart Abandoners,1132.83,210372.0,7652
09/19/2025,202,Retargeting - Cart Abandoners,1007.64,195413.0,7381
09/20/2025,202,Retargeting - Cart Abandoners,1000.21,100957.0,1255
09/21/2025,202,Retargeting - Cart Abandoners,755.82,120346.0,3979
09/22/2025,202,Retargeting - Cart Abandoners,722.22,77113.0,2903
09/23/2025,202,Retargeting - Cart Abandoners,1088.16,178437.0,6818
09/24/2025,202,Retargeting - Cart Abandoners,1090.37,142548.0,4219
09/25/2025,202,Retargeting - Cart Abandoners,1059.13,181740.0,4853
09/26/2025,202,Retargeting - Cart Abandoners,964.68,177985.0,2358
09/27/2025,202,Retargeting - Cart Abandoners,1113.89,198045.0,6827
09/28/2025,202,Retargeting - Cart Abandoners,831.13,148552.0,4475
09/29/2025,202,Retargeting - Cart Abandoners,877.2,145808.0,1638
09/30/2025,202,Retargeting - Cart Abandoners,724.26,116336.0,3854
10/01/2025,202,Retargeting - Cart Abandoners,863.7,92879.0,1795
10/02/2025,202,Retargeting - Cart Abandoners,1084.02,,3573
10/03/2025,202,Retargeting - Cart Abandoners,965.69,178303.0,4296
10/04/2025,202,Retargeting - Cart Abandoners,705.22,135073.0,3708
10/05/2025,202,Retargeting - Cart Abandoners,1126.89,187158.0,6217
10/06/2025,202,Retargeting - Cart Abandoners,1283.32,147555.0,2320
10/07/2025,202,Retargeting - Cart Abandoners,808.05,95188.0,1549
10/08/2025,202,Retargeting - Cart Abandoners,978.6,113555.0,3991
10/09/2025,202,Retargeting - Cart Abandoners,1037.82,204279.0,2996
10/10/2025,202,Retargeting - Cart Abandoners,930.44,143004.0,3022
10/11/2025,202,Retargeting - Cart Abandoners,1166.79,187193.0,2322
10/12/2025,202,Retargeting - Cart Abandoners,1050.95,148075.0,4626
10/13/2025,202,Retargeting - Cart Abandoners,997.33,149997.0,5426
10/14/2025,202,Retargeting - Cart Abandoners,745.56,105879.0,3126
10/15/2025,202,Retargeting - Cart Abandoners,1215.63,141922.0,2745
10/16/2025,202,Retargeting - Cart Abandoners,1061.54,164738.0,4355
10/17/2025,202,Retargeting - Cart Abandoners,1077.56,150013.0,5940
10/18/2025,202,Retargeting - Cart Abandoners,1163.02,207721.0,7531
10/19/2025,202,Retargeting - Cart Abandoners,984.05,158102.0,2758
10/20/2025,202,Retargeting - Cart Abandoners,1046.3,177671.0,5977
10/21/2025,202,Retargeting - Cart Abandoners,766.42,140282.0,1756
10/22/2025,202,Retargeting - Cart Abandoners,812.44,87266.0,3080
10/23/2025,202,Retargeting - Cart Abandoners,1240.22,156514.0,4762
10/24/2025,202,Retargeting - Cart Abandoners,895.6,109577.0,3131
10/25/2025,202,Retargeting - Cart Abandoners,1019.66,179895.0,2827
10/26/2025,202,Retargeting - Cart Abandoners,874.22,106190.0,2594
10/27/2025,202,Retargeting - Cart Abandoners,912.43,102915.0,3434
10/28/2025,202,Retargeting - Cart Abandoners,1101.92,174114.0,6721
10/29/2025,202,Retargeting - Cart Abandoners,1230.14,154314.0,5560
10/30/2025,202,Retargeting - Cart Abandoners,794.51,80923.0,1861
10/31/2025,202,Retargeting - Cart Abandoners,889.35,89673.0,2072
11/01/2025,202,Retargeting - Cart Abandoners,1472.28,183049.0,5217
11/02/2025,202,Retargeting - Cart Abandoners,1753.8,181740.0,4413
11/03/2025,202,Retargeting - Cart Abandoners,1160.03,199849.0,4672
11/04/2025,202,Retargeting - Cart Abandoners,1371.06,182432.0,2923
11/05/2025,202,Retargeting - Cart Abandoners,1365.18,258590.0,3837
11/06/2025,202,Retargeting - Cart Abandoners,1290.14,197604.0,4390
11/07/2025,202,Retargeting - Cart Abandoners,1161.48,168353.0,4530
11/08/2025,202,Retargeting - Cart Abandoners,1695.08,310341.0,4741
11/09/2025,202,Retargeting - Cart Abandoners,1284.16,174481.0,2015
11/10/2025,202,Retargeting - Cart Abandoners,1416.42,213399.0,4633
11/11/2025,202,Retargeting - Cart Abandoners,1729.98,323083.0,5640
11/12/2025,202,Retargeting - Cart Abandoners,1094.84,202916.0,6507
11/13/2025,202,Retargeting - Cart Abandoners,1733.74,205944.0,4330
11/14/2025,202,Retargeting - Cart Abandoners,1295.2,206609.0,5550
11/15/2025,202,Retargeting - Cart Abandoners,1101.4,115390.0,1615
11/16/2025,202,Retargeting - Cart Abandoners,1273.13,235495.0,2803
11/17/2025,202,Retargeting - Cart Abandoners,1782.24,353768.0,6053
11/18/2025,202,Retargeting - Cart Abandoners,1643.68,316606.0,8379
11/19/2025,202,Retargeting - Cart Abandoners,1546.31,306864.0,5881
11/20/2025,202,Retargeting - Cart Abandoners,1344.42,201817.0,5960
11/21/2025,202,Retargeting - Cart Abandoners,1305.45,212601.0,5387
11/22/2025,202,Retargeting - Cart Abandoners,1800.35,235068.0,3771
11/23/2025,202,Retargeting - Cart Abandoners,1468.77,215416.0,7902
11/24/2025,202,Retargeting - Cart Abandoners,1427.69,157804.0,2250
11/25/2025,202,Retargeting - Cart Abandoners,1623.64,215865.0,2810
11/26/2025,202,Retargeting - Cart Abandoners,1124.85,215391.0,4367
11/27/2025,202,Retargeting - Cart Abandoners,1557.6,193971.0,2550
11/28/2025,202,Retargeting - Cart Abandoners,1582.95,170824.0,4102
11/29/2025,202,Retargeting - Cart Abandoners,1519.33,153510.0,4336
11/30/2025,202,Retargeting - Cart Abandoners,1892.93,338457.0,8637
12/01/2025,202,Retargeting - Cart Abandoners,1076.14,180912.0,6283
12/02/2025,202,Retargeting - Cart Abandoners,1564.14,230385.0,4546
12/03/2025,202,Retargeting - Cart Abandoners,1574.75,243891.0,6619
12/04/2025,202,Retargeting - Cart Abandoners,1104.94,130844.0,4877
12/05/2025,202,Retargeting - Cart Abandoners,1693.25,179869.0,3919
12/06/2025,202,Retargeting - Cart Abandoners,1731.65,191705.0,5990
12/07/2025,202,Retargeting - Cart Abandoners,1931.52,239272.0,4769
12/08/2025,202,Retargeting - Cart Abandoners,1502.57,277884.0,8663
12/09/2025,202,Retargeting - Cart Abandoners,1140.46,202094.0,7702
12/10/2025,202,Retargeting - Cart Abandoners,1477.89,240471.0,7070
12/11/2025,202,Retargeting - Cart Abandoners,1891.04,296519.0,7568
12/12/2025,202,Retargeting - Cart Abandoners,1212.9,163101.0,2214
12/13/2025,202,Retargeting - Cart Abandoners,1234.73,197719.0,5587
12/14/2025,202,Retargeting - Cart Abandoners,1085.64,140513.0,1752
12/15/2025,202,Retargeting - Cart Abandoners,1919.04,312078.0,11957
12/16/2025,202,Retargeting - Cart Abandoners,1124.53,176002.0,6374
12/17/2025,202,Retargeting - Cart Abandoners,1774.43,200175.0,3129
12/18/2025,202,Retargeting - Cart Abandoners,1287.12,,6994
12/19/2025,202,Retargeting - Cart Abandoners,1226.49,158315.0,5400
12/20/2025,202,Retargeting - Cart Abandoners,1256.57,197264.0,6872
12/21/2025,202,Retargeting - Cart Abandoners,1279.2,212210.0,6820
12/22/2025,202,Retargeting - Cart Abandoners,1049.46,150939.0,2423
12/23/2025,202,Retargeting - Cart Abandoners,1699.78,292290.0,5694
12/24/2025,202,Retargeting - Cart Abandoners,1555.37,199755.0,5773
12/25/2025,202,Retargeting - Cart Abandoners,1273.2,245713.0,6463
12/26/2025,202,Retargeting - Cart Abandoners,1333.76,202822.0,4904
12/27/2025,202,Retargeting - Cart Abandoners,1445.64,211489.0,8063
12/28/2025,202,Retargeting - Cart Abandoners,1382.37,,1676
12/29/2025,202,Retargeting - Cart Abandoners,1669.9,197809.0,2629
12/30/2025,202,Retargeting - Cart Abandoners,1361.75,211139.0,7067
12/31/2025,202,Retargeting - Cart Abandoners,1812.36,315737.0,12157
01/01/2026,202,Retargeting - Cart Abandoners,1014.43,145299.0,3848
01/02/2026,202,Retargeting - Cart Abandoners,702.32,82063.0,1057
01/03/2026,202,Retargeting - Cart Abandoners,653.03,102136.0,1597
01/04/2026,202,Retargeting - Cart Abandoners,964.97,,4674
01/05/2026,202,Retargeting - Cart Abandoners,693.63,131431.0,2214
01/06/2026,202,Retargeting - Cart Abandoners,960.3,146411.0,5336
01/07/2026,202,Retargeting - Cart Abandoners,658.73,112033.0,4290
01/08/2026,202,Retargeting - Cart Abandoners,810.88,136967.0,1807
01/09/2026,202,Retargeting - Cart Abandoners,641.37,116711.0,4444
01/10/2026,202,Retargeting - Cart Abandoners,610.77,106247.0,1891
01/11/2026,202,Retargeting - Cart Abandoners,646.58,95634.0,3734
01/12/2026,202,Retargeting - Cart Abandoners,854.48,129388.0,4816
01/13/2026,202,Retargeting - Cart Abandoners,1074.18,210269.0,2845
01/14/2026,202,Retargeting - Cart Abandoners,838.88,157889.0,6179
01/15/2026,202,Retargeting - Cart Abandoners,921.25,128822.0,5003
01/16/2026,202,Retargeting - Cart Abandoners,914.97,137102.0,5385
01/17/2026,202,Retargeting - Cart Abandoners,851.02,156861.0,6138
01/18/2026,202,Retargeting - Cart Abandoners,825.59,112960.0,1701
01/19/2026,202,Retargeting - Cart Abandoners,789.1,114321.0,2937
01/20/2026,202,Retargeting - Cart Abandoners,921.33,147702.0,4241
01/21/2026,202,Retargeting - Cart Abandoners,642.94,93422.0,3453
01/22/2026,202,Retargeting - Cart Abandoners,632.05,93484.0,3428
01/23/2026,202,Retargeting - Cart Abandoners,946.18,143569.0,2194
01/24/2026,202,Retargeting - Cart Abandoners,994.66,156253.0,2506
01/25/2026,202,Retargeting - Cart Abandoners,675.05,81727.0,1141
01/26/2026,202,Retargeting - Cart Abandoners,962.23,190998.0,4783
01/27/2026,202,Retargeting - Cart Abandoners,664.01,91911.0,3243
01/28/2026,202,Retargeting - Cart Abandoners,666.62,69967.0,1920
01/29/2026,202,Retargeting - Cart Abandoners,767.31,110353.0,4122
01/30/2026,202,Retargeting - Cart Abandoners,796.04,109089.0,3613
01/31/2026,202,Retargeting - Cart Abandoners,673.77,85976.0,1770
02/01/2026,202,Retargeting - Cart Abandoners,662.42,125269.0,2277
02/02/2026,202,Retargeting - Cart Abandoners,866.19,128742.0,1558
02/03/2026,202,Retargeting - Cart Abandoners,665.9,103600.0,2924
02/04/2026,202,Retargeting - Cart Abandoners,710.23,94243.0,1935
02/05/2026,202,Retargeting - Cart Abandoners,781.18,89738.0,3406
02/06/2026,202,Retargeting - Cart Abandoners,703.71,140739.0,4495
02/07/2026,202,Retargeting - Cart Abandoners,1031.52,166855.0,2356
02/08/2026,202,Retargeting - Cart Abandoners,1076.35,133742.0,3753
02/09/2026,202,Retargeting - Cart Abandoners,687.95,92378.0,3351
02/10/2026,202,Retargeting - Cart Abandoners,976.61,165308.0,1848
02/11/2026,202,Retargeting - Cart Abandoners,952.82,143473.0,5341
02/12/2026,202,Retargeting - Cart Abandoners,1017.09,180408.0,2387
02/13/2026,202,Retargeting - Cart Abandoners,985.25,169735.0,2414
02/14/2026,202,Retargeting - Cart Abandoners,827.7,101751.0,1124
02/15/2026,202,Retargeting - Cart Abandoners,600.51,115680.0,1454
02/16/2026,202,Retargeting - Cart Abandoners,863.0,104675.0,2530
02/17/2026,202,Retargeting - Cart Abandoners,836.14,109168.0,2702
02/18/2026,202,Retargeting - Cart Abandoners,665.7,79965.0,1550
02/19/2026,202,Retargeting - Cart Abandoners,607.33,95188.0,1999
02/20/2026,202,Retargeting - Cart Abandoners,1071.55,125258.0,4011
02/21/2026,202,Retargeting - Cart Abandoners,1068.97,157802.0,3198
02/22/2026,202,Retargeting - Cart Abandoners,621.23,83319.0,1247
02/23/2026,202,Retargeting - Cart Abandoners,684.9,77537.0,2988
02/24/2026,202,Retargeting - Cart Abandoners,1062.55,137237.0,2306
02/25/2026,202,Retargeting - Cart Abandoners,621.13,80032.0,1595
02/26/2026,202,Retargeting - Cart Abandoners,814.55,101358.0,1197
02/27/2026,202,Retargeting - Cart Abandoners,931.79,154811.0,5799
02/28/2026,202,Retargeting - Cart Abandoners,609.65,70531.0,1085
03/01/2026,202,Retargeting - Cart Abandoners,950.84,170822.0,3818
03/02/2026,202,Retargeting - Cart Abandoners,1007.09,167915.0,5962
03/03/2026,202,Retargeting - Cart Abandoners,1024.23,105024.0,2629
03/04/2026,202,Retargeting - Cart Abandoners,1241.12,127758.0,3766
03/05/2026,202,Retargeting - Cart Abandoners,1135.33,189664.0,6215
03/06/2026,202,Retargeting - Cart Abandoners,1127.96,125021.0,1417
03/07/2026,202,Retargeting - Cart Abandoners,1228.39,173663.0,6454
03/08/2026,202,Retargeting - Cart Abandoners,736.46,130000.0,3414
03/09/2026,202,Retargeting - Cart Abandoners,784.89,144308.0,1459
03/10/2026,202,Retargeting - Cart Abandoners,879.77,168900.0,5829
03/11/2026,202,Retargeting - Cart Abandoners,1258.88,156176.0,1619
03/12/2026,202,Retargeting - Cart Abandoners,1115.99,155126.0,6063
03/13/2026,202,Retargeting - Cart Abandoners,854.91,167022.0,4865
03/14/2026,202,Retargeting - Cart Abandoners,1173.5,221554.0,7038
03/15/2026,202,Retargeting - Cart Abandoners,1005.05,101542.0,2631
03/16/2026,202,Retargeting - Cart Abandoners,768.65,101510.0,3612
03/17/2026,202,Retargeting - Cart Abandoners,725.99,103675.0,1915
03/18/2026,202,Retargeting - Cart Abandoners,1122.81,189895.0,6398
03/19/2026,202,Retargeting - Cart Abandoners,752.32,140107.0,5314
03/20/2026,202,Retargeting - Cart Abandoners,853.35,87222.0,1198
03/21/2026,202,Retargeting - Cart Abandoners,1033.73,121777.0,2603
03/22/2026,202,Retargeting - Cart Abandoners,1122.99,216207.0,8536
03/23/2026,202,Retargeting - Cart Abandoners,715.6,108745.0,2655
03/24/2026,202,Retargeting - Cart Abandoners,1252.35,142558.0,2865
03/25/2026,202,Retargeting - Cart Abandoners,1140.13,145227.0,3527
03/26/2026,202,Retargeting - Cart Abandoners,944.28,101653.0,3567
03/27/2026,202,Retargeting - Cart Abandoners,1048.51,198106.0,2781
03/28/2026,202,Retargeting - Cart Abandoners,1120.63,147429.0,4742
03/29/2026,202,Retargeting - Cart Abandoners,1145.29,122698.0,3804
03/30/2026,202,Retargeting - Cart Abandoners,1232.75,191547.0,3374
03/31/2026,202,Retargeting - Cart Abandoners,1083.93,124997.0,4801
04/01/2026,202,Retargeting - Cart Abandoners,835.38,166902.0,6183
04/02/2026,202,Retargeting - Cart Abandoners,736.7,121764.0,1793
04/03/2026,202,Retargeting - Cart Abandoners,1253.94,244252.0,5987
04/04/2026,202,Retargeting - Cart Abandoners,791.49,148137.0,2857
04/05/2026,202,Retargeting - Cart Abandoners,1068.53,197793.0,4604
04/06/2026,202,Retargeting - Cart Abandoners,1124.11,191843.0,6477
04/07/2026,202,Retargeting - Cart Abandoners,767.48,113595.0,2239
04/08/2026,202,Retargeting - Cart Abandoners,855.91,125661.0,4375
04/09/2026,202,Retargeting - Cart Abandoners,859.73,108589.0,3988
04/10/2026,202,Retargeting - Cart Abandoners,773.54,79429.0,2122
04/11/2026,202,Retargeting - Cart Abandoners,1235.6,188310.0,2648
04/12/2026,202,Retargeting - Cart Abandoners,837.24,126594.0,4383
04/13/2026,202,Retargeting - Cart Abandoners,1184.36,133856.0,1883
04/14/2026,202,Retargeting - Cart Abandoners,818.3,147573.0,3485
04/15/2026,202,Retargeting - Cart Abandoners,1026.46,125703.0,2412
04/16/2026,202,Retargeting - Cart Abandoners,1125.86,141374.0,1857
04/17/2026,202,Retargeting - Cart Abandoners,796.41,114815.0,3608
04/18/2026,202,Retargeting - Cart Abandoners,1166.09,200306.0,7289
04/19/2026,202,Retargeting - Cart Abandoners,1239.57,247350.0,7419
04/20/2026,202,Retargeting - Cart Abandoners,890.08,173386.0,6146
04/21/2026,202,Retargeting - Cart Abandoners,741.8,121497.0,3021
04/22/2026,202,Retargeting - Cart Abandoners,948.78,106973.0,4066
04/23/2026,202,Retargeting - Cart Abandoners,997.31,102927.0,1071
04/24/2026,202,Retargeting - Cart Abandoners,933.84,180467.0,2883
04/25/2026,202,Retargeting - Cart Abandoners,730.1,83764.0,2357
04/26/2026,202,Retargeting - Cart Abandoners,903.12,145514.0,3076
04/27/2026,202,Retargeting - Cart Abandoners,996.95,153950.0,5736
04/28/2026,202,Retargeting - Cart Abandoners,931.45,117580.0,1988
04/29/2026,202,Retargeting - Cart Abandoners,1100.67,128414.0,3828
04/30/2026,202,Retargeting - Cart Abandoners,1191.78,163444.0,1698
05/01/2026,202,Retargeting - Cart Abandoners,834.88,162381.0,5910
05/02/2026,202,Retargeting - Cart Abandoners,919.58,101479.0,3123
05/03/2026,202,Retargeting - Cart Abandoners,974.96,113100.0,1823
05/04/2026,202,Retargeting - Cart Abandoners,1239.46,213942.0,3624
05/05/2026,202,Retargeting - Cart Abandoners,1176.7,167857.0,3929
05/06/2026,202,Retargeting - Cart Abandoners,985.67,186784.0,5736
05/07/2026,202,Retargeting - Cart Abandoners,703.75,133344.0,5251
05/08/2026,202,Retargeting - Cart Abandoners,801.86,91649.0,2471
05/09/2026,202,Retargeting - Cart Abandoners,864.29,118447.0,1752
05/10/2026,202,Retargeting - Cart Abandoners,999.11,123596.0,2551
05/11/2026,202,Retargeting - Cart Abandoners,1007.01,116132.0,3435
05/12/2026,202,Retargeting - Cart Abandoners,908.76,93456.0,2709
05/13/2026,202,Retargeting - Cart Abandoners,696.08,130153.0,3509
05/14/2026,202,Retargeting - Cart Abandoners,1261.03,135807.0,4842
05/15/2026,202,Retargeting - Cart Abandoners,797.97,142582.0,4493
05/16/2026,202,Retargeting - Cart Abandoners,1121.02,112458.0,3617
05/17/2026,202,Retargeting - Cart Abandoners,865.9,117555.0,1724
05/18/2026,202,Retargeting - Cart Abandoners,1072.98,134851.0,3543
05/19/2026,202,Retargeting - Cart Abandoners,744.97,137932.0,1636
05/20/2026,202,Retargeting - Cart Abandoners,715.16,117745.0,1384
05/21/2026,202,Retargeting - Cart Abandoners,1252.8,231269.0,3381
05/22/2026,202,Retargeting - Cart Abandoners,1174.76,162684.0,2740
05/23/2026,202,Retargeting - Cart Abandoners,886.61,136250.0,1669
05/24/2026,202,Retargeting - Cart Abandoners,1255.45,181828.0,6615
05/25/2026,202,Retargeting - Cart Abandoners,1287.33,161921.0,4040
05/26/2026,202,Retargeting - Cart Abandoners,1069.48,167564.0,5524
05/27/2026,202,Retargeting - Cart Abandoners,1232.44,137703.0,3311
05/28/2026,202,Retargeting - Cart Abandoners,1222.83,178243.0,5690
05/29/2026,202,Retargeting - Cart Abandoners,741.04,80922.0,827
05/30/2026,202,Retargeting - Cart Abandoners,902.16,123179.0,4321
05/31/2026,202,Retargeting - Cart Abandoners,833.14,115759.0,4291
06/01/2026,202,Retargeting - Cart Abandoners,763.64,138017.0,3018
06/02/2026,202,Retargeting - Cart Abandoners,1070.55,137636.0,4875
06/03/2026,202,Retargeting - Cart Abandoners,1202.65,151823.0,4275
06/04/2026,202,Retargeting - Cart Abandoners,807.13,140649.0,4060
06/05/2026,202,Retargeting - Cart Abandoners,961.3,118785.0,2187
06/06/2026,202,Retargeting - Cart Abandoners,958.03,160785.0,4479
06/07/2026,202,Retargeting - Cart Abandoners,743.89,80462.0,1931
06/08/2026,202,Retargeting - Cart Abandoners,968.81,148553.0,5733
06/09/2026,202,Retargeting - Cart Abandoners,1197.58,172004.0,6731
06/10/2026,202,Retargeting - Cart Abandoners,1035.86,104447.0,4073
06/11/2026,202,Retargeting - Cart Abandoners,976.71,167635.0,5397
06/12/2026,202,Retargeting - Cart Abandoners,1264.78,198165.0,4215
06/13/2026,202,Retargeting - Cart Abandoners,916.68,126970.0,4384
06/14/2026,202,Retargeting - Cart Abandoners,921.72,174894.0,4357
06/15/2026,202,Retargeting - Cart Abandoners,1139.58,227124.0,5366
06/16/2026,202,Retargeting - Cart Abandoners,915.1,155574.0,2308
06/17/2026,202,Retargeting - Cart Abandoners,907.39,102926.0,3691
06/18/2026,202,Retargeting - Cart Abandoners,1150.44,137615.0,2377
06/19/2026,202,Retargeting - Cart Abandoners,1027.4,167523.0,1726
06/20/2026,202,Retargeting - Cart Abandoners,854.23,158246.0,6150
06/21/2026,202,Retargeting - Cart Abandoners,1238.51,124326.0,2625
06/22/2026,202,Retargeting - Cart Abandoners,996.21,197048.0,3747
06/23/2026,202,Retargeting - Cart Abandoners,804.84,148328.0,4290
06/24/2026,202,Retargeting - Cart Abandoners,770.42,88551.0,1295
06/25/2026,202,Retargeting - Cart Abandoners,857.19,90526.0,1097
06/26/2026,202,Retargeting - Cart Abandoners,1104.3,181992.0,4034
06/27/2026,202,Retargeting - Cart Abandoners,1166.07,167744.0,3927
06/28/2026,202,Retargeting - Cart Abandoners,1206.18,169004.0,2169
06/29/2026,202,Retargeting - Cart Abandoners,1215.05,138469.0,5247
06/30/2026,202,Retargeting - Cart Abandoners,1223.77,204317.0,2654
07/01/2026,202,Retargeting - Cart Abandoners,883.12,104092.0,2483
07/02/2026,202,Retargeting - Cart Abandoners,974.78,136774.0,5246
07/03/2026,202,Retargeting - Cart Abandoners,837.1,93683.0,3033
07/04/2026,202,Retargeting - Cart Abandoners,1246.27,237463.0,6747
07/05/2026,202,Retargeting - Cart Abandoners,869.15,106769.0,2912
07/06/2026,202,Retargeting - Cart Abandoners,755.21,107880.0,3979
07/07/2026,202,Retargeting - Cart Abandoners,766.34,90130.0,3264
07/08/2026,202,Retargeting - Cart Abandoners,1219.4,179863.0,3653
07/09/2026,202,Retargeting - Cart Abandoners,856.76,103587.0,2386
07/10/2026,202,Retargeting - Cart Abandoners,870.16,100115.0,2970
07/11/2026,202,Retargeting - Cart Abandoners,1069.37,131133.0,3680
07/12/2026,202,Retargeting - Cart Abandoners,1009.31,142055.0,4430
07/13/2026,202,Retargeting - Cart Abandoners,911.99,167103.0,4047
07/14/2026,202,Retargeting - Cart Abandoners,1168.84,231810.0,3877
07/15/2026,202,Retargeting - Cart Abandoners,771.5,113615.0,4135
07/16/2026,202,Retargeting - Cart Abandoners,948.07,175845.0,5419
07/17/2026,202,Retargeting - Cart Abandoners,874.41,109398.0,3599
07/18/2026,202,Retargeting - Cart Abandoners,699.11,87026.0,3448
07/19/2026,202,Retargeting - Cart Abandoners,1266.83,222880.0,2500
07/20/2024,203,Lookalike - Top Customers,674.71,123469.0,3693
07/21/2024,203,Lookalike - Top Customers,1096.1,117937.0,3336
07/22/2024,203,Lookalike - Top Customers,759.73,82821.0,1202
07/23/2024,203,Lookalike - Top Customers,734.61,140235.0,4328
07/24/2024,203,Lookalike - Top Customers,1049.01,193151.0,6150
07/25/2024,203,Lookalike - Top Customers,773.19,89327.0,2621
07/26/2024,203,Lookalike - Top Customers,832.11,109389.0,2535
07/27/2024,203,Lookalike - Top Customers,1018.49,167361.0,5296
07/28/2024,203,Lookalike - Top Customers,1198.53,218318.0,3597
07/29/2024,203,Lookalike - Top Customers,983.98,154924.0,1630
07/30/2024,203,Lookalike - Top Customers,1032.81,113733.0,2058
07/31/2024,203,Lookalike - Top Customers,1206.59,167313.0,6094
08/01/2024,203,Lookalike - Top Customers,888.15,122451.0,1243
08/02/2024,203,Lookalike - Top Customers,1046.78,182220.0,5445
08/03/2024,203,Lookalike - Top Customers,990.91,151582.0,3268
08/04/2024,203,Lookalike - Top Customers,805.15,121806.0,2109
08/05/2024,203,Lookalike - Top Customers,962.1,186694.0,4351
08/06/2024,203,Lookalike - Top Customers,769.26,132219.0,4652
08/07/2024,203,Lookalike - Top Customers,802.64,82877.0,1422
08/08/2024,203,Lookalike - Top Customers,736.27,137273.0,5310
08/09/2024,203,Lookalike - Top Customers,934.24,164037.0,4275
08/10/2024,203,Lookalike - Top Customers,939.39,141798.0,4034
08/11/2024,203,Lookalike - Top Customers,1021.11,137545.0,2284
08/12/2024,203,Lookalike - Top Customers,840.57,131057.0,1538
08/13/2024,203,Lookalike - Top Customers,698.95,107768.0,3776
08/14/2024,203,Lookalike - Top Customers,1164.41,217749.0,8056
08/15/2024,203,Lookalike - Top Customers,1058.5,119105.0,4215
08/16/2024,203,Lookalike - Top Customers,750.55,98082.0,3905
08/17/2024,203,Lookalike - Top Customers,851.21,139029.0,3657
08/18/2024,203,Lookalike - Top Customers,1088.29,144697.0,3359
08/19/2024,203,Lookalike - Top Customers,743.69,105368.0,4141
08/20/2024,203,Lookalike - Top Customers,1135.97,178650.0,6444
08/21/2024,203,Lookalike - Top Customers,916.33,112408.0,3921
08/22/2024,203,Lookalike - Top Customers,1038.48,168939.0,3931
08/23/2024,203,Lookalike - Top Customers,970.48,112707.0,4223
08/24/2024,203,Lookalike - Top Customers,1022.88,111620.0,4380
08/25/2024,203,Lookalike - Top Customers,1077.46,191566.0,4264
08/26/2024,203,Lookalike - Top Customers,853.17,126228.0,3040
08/27/2024,203,Lookalike - Top Customers,895.2,100164.0,3475
08/28/2024,203,Lookalike - Top Customers,1109.33,138320.0,4180
08/29/2024,203,Lookalike - Top Customers,770.59,124619.0,4832
08/30/2024,203,Lookalike - Top Customers,1011.52,140565.0,1651
08/31/2024,203,Lookalike - Top Customers,1217.82,188255.0,5555
09/01/2024,203,Lookalike - Top Customers,1122.08,206871.0,7891
09/02/2024,203,Lookalike - Top Customers,720.76,111024.0,2442
09/03/2024,203,Lookalike - Top Customers,694.55,84144.0,1671
09/04/2024,203,Lookalike - Top Customers,815.48,115598.0,2878
09/05/2024,203,Lookalike - Top Customers,1132.38,117920.0,3867
09/06/2024,203,Lookalike - Top Customers,1097.38,209675.0,2972
09/07/2024,203,Lookalike - Top Customers,1133.0,176874.0,2331
09/08/2024,203,Lookalike - Top Customers,693.08,131729.0,2714
09/09/2024,203,Lookalike - Top Customers,686.42,75323.0,982
09/10/2024,203,Lookalike - Top Customers,834.64,89295.0,1097
09/11/2024,203,Lookalike - Top Customers,793.32,115529.0,2086
09/12/2024,203,Lookalike - Top Customers,1058.12,146174.0,4928
09/13/2024,203,Lookalike - Top Customers,818.87,101011.0,3989
09/14/2024,203,Lookalike - Top Customers,952.4,100140.0,1811
09/15/2024,203,Lookalike - Top Customers,952.05,147714.0,3041
09/16/2024,203,Lookalike - Top Customers,891.53,172010.0,2826
09/17/2024,203,Lookalike - Top Customers,759.43,87343.0,2722
09/18/2024,203,Lookalike - Top Customers,1217.37,204605.0,5674
09/19/2024,203,Lookalike - Top Customers,785.42,112859.0,1253
09/20/2024,203,Lookalike - Top Customers,864.42,95460.0,3316
09/21/2024,203,Lookalike - Top Customers,965.22,162380.0,4284
09/22/2024,203,Lookalike - Top Customers,811.49,105403.0,2461
09/23/2024,203,Lookalike - Top Customers,945.63,126916.0,4247
09/24/2024,203,Lookalike - Top Customers,887.35,108959.0,3604
09/25/2024,203,Lookalike - Top Customers,1002.33,194510.0,5871
09/26/2024,203,Lookalike - Top Customers,1114.97,192512.0,5666
09/27/2024,203,Lookalike - Top Customers,1129.21,173124.0,6725
09/28/2024,203,Lookalike - Top Customers,688.28,125017.0,2083
09/29/2024,203,Lookalike - Top Customers,1181.18,174662.0,4430
09/30/2024,203,Lookalike - Top Customers,1001.82,189643.0,6685
10/01/2024,203,Lookalike - Top Customers,1012.1,177214.0,5632
10/02/2024,203,Lookalike - Top Customers,726.38,124555.0,1955
10/03/2024,203,Lookalike - Top Customers,872.24,139292.0,3929
10/04/2024,203,Lookalike - Top Customers,1025.3,158658.0,2641
10/05/2024,203,Lookalike - Top Customers,1162.23,223544.0,7101
10/06/2024,203,Lookalike - Top Customers,748.37,84496.0,1860
10/07/2024,203,Lookalike - Top Customers,1212.85,224715.0,3753
10/08/2024,203,Lookalike - Top Customers,766.12,127347.0,3133
10/09/2024,203,Lookalike - Top Customers,976.22,136315.0,1374
10/10/2024,203,Lookalike - Top Customers,1114.77,113797.0,1857
10/11/2024,203,Lookalike - Top Customers,773.82,102995.0,1437
10/12/2024,203,Lookalike - Top Customers,891.09,138867.0,2603
10/13/2024,203,Lookalike - Top Customers,942.65,170311.0,2967
10/14/2024,203,Lookalike - Top Customers,1004.39,134054.0,2943
10/15/2024,203,Lookalike - Top Customers,705.7,79228.0,1316
10/16/2024,203,Lookalike - Top Customers,906.41,107985.0,1473
10/17/2024,203,Lookalike - Top Customers,872.39,115075.0,1286
10/18/2024,203,Lookalike - Top Customers,1101.4,208381.0,6766
10/19/2024,203,Lookalike - Top Customers,815.82,112953.0,1715
10/20/2024,203,Lookalike - Top Customers,674.26,82541.0,1003
10/21/2024,203,Lookalike - Top Customers,968.63,160182.0,1887
10/22/2024,203,Lookalike - Top Customers,676.59,105073.0,1593
10/23/2024,203,Lookalike - Top Customers,812.82,97894.0,3064
10/24/2024,203,Lookalike - Top Customers,952.16,179785.0,4450
10/25/2024,203,Lookalike - Top Customers,864.4,112274.0,3455
10/26/2024,203,Lookalike - Top Customers,729.09,103599.0,3406
10/27/2024,203,Lookalike - Top Customers,807.56,120868.0,1480
10/28/2024,203,Lookalike - Top Customers,1102.0,140240.0,4608
10/29/2024,203,Lookalike - Top Customers,951.69,121458.0,4235
10/30/2024,203,Lookalike - Top Customers,1116.59,125640.0,3246
10/31/2024,203,Lookalike - Top Customers,866.62,128709.0,4017
11/01/2024,203,Lookalike - Top Customers,1036.08,172971.0,3506
11/02/2024,203,Lookalike - Top Customers,1108.45,160434.0,3855
11/03/2024,203,Lookalike - Top Customers,1235.54,229574.0,3626
11/04/2024,203,Lookalike - Top Customers,1768.73,254930.0,8755
11/05/2024,203,Lookalike - Top Customers,1575.55,279125.0,5641
11/06/2024,203,Lookalike - Top Customers,1442.82,186737.0,4008
11/07/2024,203,Lookalike - Top Customers,1342.87,229782.0,9072
11/08/2024,203,Lookalike - Top Customers,1592.59,201844.0,4537
11/09/2024,203,Lookalike - Top Customers,1565.08,178878.0,4050
11/10/2024,203,Lookalike - Top Customers,1803.31,333090.0,4141
11/11/2024,203,Lookalike - Top Customers,1258.08,140535.0,3845
11/12/2024,203,Lookalike - Top Customers,1494.23,172980.0,2754
11/13/2024,203,Lookalike - Top Customers,1295.04,225043.0,7325
11/14/2024,203,Lookalike - Top Customers,1388.44,259618.0,9341
11/15/2024,203,Lookalike - Top Customers,1791.45,290930.0,7676
11/16/2024,203,Lookalike - Top Customers,1180.53,138965.0,4171
11/17/2024,203,Lookalike - Top Customers,1825.66,306757.0,5943
11/18/2024,203,Lookalike - Top Customers,1738.69,184074.0,2095
11/19/2024,203,Lookalike - Top Customers,1769.1,284984.0,11109
11/20/2024,203,Lookalike - Top Customers,1282.38,195022.0,6228
11/21/2024,203,Lookalike - Top Customers,1014.3,183065.0,6407
11/22/2024,203,Lookalike - Top Customers,1453.22,242296.0,8424
11/23/2024,203,Lookalike - Top Customers,1361.17,238403.0,3293
11/24/2024,203,Lookalike - Top Customers,1696.58,324068.0,11604
11/25/2024,203,Lookalike - Top Customers,1634.89,319897.0,5950
11/26/2024,203,Lookalike - Top Customers,1570.22,210967.0,4269
11/27/2024,203,Lookalike - Top Customers,1772.74,263040.0,5315
11/28/2024,203,Lookalike - Top Customers,1332.16,242823.0,9404
11/29/2024,203,Lookalike - Top Customers,1638.58,290908.0,8786
11/30/2024,203,Lookalike - Top Customers,1103.58,162187.0,3913
12/01/2024,203,Lookalike - Top Customers,1109.66,203609.0,3180
12/02/2024,203,Lookalike - Top Customers,1194.72,211658.0,4493
12/03/2024,203,Lookalike - Top Customers,1289.85,180037.0,2285
12/04/2024,203,Lookalike - Top Customers,1739.44,271330.0,2893
12/05/2024,203,Lookalike - Top Customers,1429.1,145426.0,4049
12/06/2024,203,Lookalike - Top Customers,1001.3,130497.0,2175
12/07/2024,203,Lookalike - Top Customers,1796.37,250543.0,7495
12/08/2024,203,Lookalike - Top Customers,1177.2,143914.0,5529
12/09/2024,203,Lookalike - Top Customers,1185.45,132086.0,2838
12/10/2024,203,Lookalike - Top Customers,1159.6,217651.0,7766
12/11/2024,203,Lookalike - Top Customers,1613.64,307152.0,9240
12/12/2024,203,Lookalike - Top Customers,1029.0,170968.0,6790
12/13/2024,203,Lookalike - Top Customers,1521.73,264873.0,10151
12/14/2024,203,Lookalike - Top Customers,1636.67,256683.0,2793
12/15/2024,203,Lookalike - Top Customers,1254.48,160736.0,5836
12/16/2024,203,Lookalike - Top Customers,1701.73,210232.0,2916
12/17/2024,203,Lookalike - Top Customers,1691.78,239905.0,9507
12/18/2024,203,Lookalike - Top Customers,1600.24,226826.0,8495
12/19/2024,203,Lookalike - Top Customers,1752.37,311454.0,12355
12/20/2024,203,Lookalike - Top Customers,1084.54,180971.0,2073
12/21/2024,203,Lookalike - Top Customers,1055.41,149242.0,4510
12/22/2024,203,Lookalike - Top Customers,1081.9,209844.0,4818
12/23/2024,203,Lookalike - Top Customers,1201.97,227254.0,2698
12/24/2024,203,Lookalike - Top Customers,1752.99,302987.0,5644
12/25/2024,203,Lookalike - Top Customers,1129.47,132759.0,4600
12/26/2024,203,Lookalike - Top Customers,1212.11,204958.0,7204
12/27/2024,203,Lookalike - Top Customers,1468.46,163783.0,2358
12/28/2024,203,Lookalike - Top Customers,1164.11,120241.0,1954
12/29/2024,203,Lookalike - Top Customers,1064.65,182190.0,2756
12/30/2024,203,Lookalike - Top Customers,1157.18,154652.0,4868
12/31/2024,203,Lookalike - Top Customers,1434.54,158512.0,1858
01/01/2025,203,Lookalike - Top Customers,931.27,125940.0,1481
01/02/2025,203,Lookalike - Top Customers,666.24,83952.0,1136
01/03/2025,203,Lookalike - Top Customers,921.47,147857.0,2599
01/04/2025,203,Lookalike - Top Customers,953.48,150889.0,2080
01/05/2025,203,Lookalike - Top Customers,640.56,94366.0,1738
01/06/2025,203,Lookalike - Top Customers,570.28,76321.0,2209
01/07/2025,203,Lookalike - Top Customers,779.46,154752.0,3287
01/08/2025,203,Lookalike - Top Customers,912.51,117131.0,4166
01/09/2025,203,Lookalike - Top Customers,746.63,131209.0,2562
01/10/2025,203,Lookalike - Top Customers,886.92,102709.0,1445
01/11/2025,203,Lookalike - Top Customers,957.29,184913.0,7249
01/12/2025,203,Lookalike - Top Customers,1004.77,116974.0,3825
01/13/2025,203,Lookalike - Top Customers,713.39,140995.0,4449
01/14/2025,203,Lookalike - Top Customers,704.87,82111.0,2119
01/15/2025,203,Lookalike - Top Customers,885.82,94518.0,1269
01/16/2025,203,Lookalike - Top Customers,946.85,116469.0,2920
01/17/2025,203,Lookalike - Top Customers,595.68,78219.0,2304
01/18/2025,203,Lookalike - Top Customers,734.33,126370.0,1505
01/19/2025,203,Lookalike - Top Customers,962.32,124614.0,3785
01/20/2025,203,Lookalike - Top Customers,728.14,94755.0,1311
01/21/2025,203,Lookalike - Top Customers,593.2,72413.0,1223
01/22/2025,203,Lookalike - Top Customers,792.77,120427.0,1423
01/23/2025,203,Lookalike - Top Customers,983.28,104200.0,3849
01/24/2025,203,Lookalike - Top Customers,917.82,149453.0,1918
01/25/2025,203,Lookalike - Top Customers,809.96,84690.0,3291
01/26/2025,203,Lookalike - Top Customers,616.15,85406.0,1136
01/27/2025,203,Lookalike - Top Customers,911.61,97566.0,1961
01/28/2025,203,Lookalike - Top Customers,708.86,108581.0,3160
01/29/2025,203,Lookalike - Top Customers,974.42,134803.0,3863
01/30/2025,203,Lookalike - Top Customers,693.19,72160.0,2701
01/31/2025,203,Lookalike - Top Customers,867.04,129251.0,4642
02/01/2025,203,Lookalike - Top Customers,922.94,169098.0,3656
02/02/2025,203,Lookalike - Top Customers,674.62,113977.0,1977
02/03/2025,203,Lookalike - Top Customers,672.48,111084.0,3861
02/04/2025,203,Lookalike - Top Customers,752.71,107493.0,2048
02/05/2025,203,Lookalike - Top Customers,798.64,119333.0,4174
02/06/2025,203,Lookalike - Top Customers,745.35,119086.0,3098
02/07/2025,203,Lookalike - Top Customers,1015.35,115228.0,4407
02/08/2025,203,Lookalike - Top Customers,591.76,79393.0,1829
02/09/2025,203,Lookalike - Top Customers,617.12,112811.0,2118
02/10/2025,203,Lookalike - Top Customers,573.2,93457.0,967
02/11/2025,203,Lookalike - Top Customers,1008.91,164053.0,6031
02/12/2025,203,Lookalike - Top Customers,720.73,143478.0,1936
02/13/2025,203,Lookalike - Top Customers,572.61,102206.0,1451
02/14/2025,203,Lookalike - Top Customers,735.75,90130.0,2521
02/15/2025,203,Lookalike - Top Customers,932.89,154409.0,2468
02/16/2025,203,Lookalike - Top Customers,876.0,135041.0,3136
02/17/2025,203,Lookalike - Top Customers,939.39,118536.0,2463
02/18/2025,203,Lookalike - Top Customers,870.26,110079.0,1874
02/19/2025,203,Lookalike - Top Customers,920.03,135531.0,3656
02/20/2025,203,Lookalike - Top Customers,988.43,135959.0,3162
02/21/2025,203,Lookalike - Top Customers,709.56,120461.0,2014
02/22/2025,203,Lookalike - Top Customers,1028.0,121461.0,3452
02/23/2025,203,Lookalike - Top Customers,665.28,81656.0,819
02/24/2025,203,Lookalike - Top Customers,802.08,,2013
02/25/2025,203,Lookalike - Top Customers,704.88,88899.0,3151
02/26/2025,203,Lookalike - Top Customers,848.17,163268.0,3670
02/27/2025,203,Lookalike - Top Customers,803.33,142916.0,3381
02/28/2025,203,Lookalike - Top Customers,884.53,100488.0,2374
03/01/2025,203,Lookalike - Top Customers,898.37,158230.0,2739
03/02/2025,203,Lookalike - Top Customers,1191.75,232079.0,3400
03/03/2025,203,Lookalike - Top Customers,724.87,137346.0,1921
03/04/2025,203,Lookalike - Top Customers,1085.24,208030.0,2684
03/05/2025,203,Lookalike - Top Customers,890.24,155819.0,4110
03/06/2025,203,Lookalike - Top Customers,718.84,101740.0,2447
03/07/2025,203,Lookalike - Top Customers,1168.61,146687.0,5541
03/08/2025,203,Lookalike - Top Customers,687.95,117785.0,3281
03/09/2025,203,Lookalike - Top Customers,1052.25,129206.0,1898
03/10/2025,203,Lookalike - Top Customers,771.79,78288.0,1373
03/11/2025,203,Lookalike - Top Customers,908.07,105073.0,4020
03/12/2025,203,Lookalike - Top Customers,953.16,126407.0,1909
03/13/2025,203,Lookalike - Top Customers,947.61,115262.0,3909
03/14/2025,203,Lookalike - Top Customers,768.63,93060.0,3382
03/15/2025,203,Lookalike - Top Customers,827.7,87532.0,1458
03/16/2025,203,Lookalike - Top Customers,923.5,104522.0,2310
03/17/2025,203,Lookalike - Top Customers,783.66,107772.0,2220
03/18/2025,203,Lookalike - Top Customers,791.56,103227.0,3462
03/19/2025,203,Lookalike - Top Customers,697.38,70437.0,1879
03/20/2025,203,Lookalike - Top Customers,657.24,89773.0,1410
03/21/2025,203,Lookalike - Top Customers,804.38,143468.0,4760
03/22/2025,203,Lookalike - Top Customers,989.87,195507.0,3398
03/23/2025,203,Lookalike - Top Customers,722.17,131725.0,4593
03/24/2025,203,Lookalike - Top Customers,833.84,163668.0,1840
03/25/2025,203,Lookalike - Top Customers,1107.6,208471.0,6730
03/26/2025,203,Lookalike - Top Customers,950.2,130559.0,1688
03/27/2025,203,Lookalike - Top Customers,737.8,137144.0,3804
03/28/2025,203,Lookalike - Top Customers,1145.48,213793.0,6276
03/29/2025,203,Lookalike - Top Customers,990.38,103576.0,3535
03/30/2025,203,Lookalike - Top Customers,903.48,,2546
03/31/2025,203,Lookalike - Top Customers,813.45,104074.0,2170
04/01/2025,203,Lookalike - Top Customers,1109.72,112851.0,4405
04/02/2025,203,Lookalike - Top Customers,924.42,123743.0,2219
04/03/2025,203,Lookalike - Top Customers,851.01,136531.0,3856
04/04/2025,203,Lookalike - Top Customers,1171.55,229192.0,2395
04/05/2025,203,Lookalike - Top Customers,768.08,127520.0,3087
04/06/2025,203,Lookalike - Top Customers,658.61,89005.0,3346
04/07/2025,203,Lookalike - Top Customers,943.74,108919.0,3042
04/08/2025,203,Lookalike - Top Customers,834.31,113186.0,2828
04/09/2025,203,Lookalike - Top Customers,1053.94,138844.0,2560
04/10/2025,203,Lookalike - Top Customers,881.56,175102.0,5066
04/11/2025,203,Lookalike - Top Customers,833.75,154726.0,2881
04/12/2025,203,Lookalike - Top Customers,774.27,79132.0,870
04/13/2025,203,Lookalike - Top Customers,962.36,123809.0,1414
04/14/2025,203,Lookalike - Top Customers,915.23,101573.0,3950
04/15/2025,203,Lookalike - Top Customers,926.13,177126.0,4236
04/16/2025,203,Lookalike - Top Customers,735.87,123503.0,2124
04/17/2025,203,Lookalike - Top Customers,1026.17,132643.0,4613
04/18/2025,203,Lookalike - Top Customers,924.18,96123.0,1935
04/19/2025,203,Lookalike - Top Customers,1159.61,211036.0,7532
04/20/2025,203,Lookalike - Top Customers,926.39,168296.0,2379
04/21/2025,203,Lookalike - Top Customers,788.85,145252.0,4322
04/22/2025,203,Lookalike - Top Customers,951.49,163523.0,2811
04/23/2025,203,Lookalike - Top Customers,1082.35,119698.0,4669
04/24/2025,203,Lookalike - Top Customers,850.73,154173.0,2712
04/25/2025,203,Lookalike - Top Customers,1047.34,140115.0,5516
04/26/2025,203,Lookalike - Top Customers,770.95,87241.0,1781
04/27/2025,203,Lookalike - Top Customers,661.66,97410.0,3583
04/28/2025,203,Lookalike - Top Customers,656.66,120352.0,3363
04/29/2025,203,Lookalike - Top Customers,1143.72,126427.0,1757
04/30/2025,203,Lookalike - Top Customers,772.17,108768.0,2071
05/01/2025,203,Lookalike - Top Customers,793.28,122151.0,3716
05/02/2025,203,Lookalike - Top Customers,685.73,105570.0,1398
05/03/2025,203,Lookalike - Top Customers,1016.12,178686.0,6863
05/04/2025,203,Lookalike - Top Customers,708.99,108430.0,3188
05/05/2025,203,Lookalike - Top Customers,730.71,99984.0,2196
05/06/2025,203,Lookalike - Top Customers,672.74,119023.0,3944
05/07/2025,203,Lookalike - Top Customers,1090.7,136549.0,3217
05/08/2025,203,Lookalike - Top Customers,706.66,72728.0,838
05/09/2025,203,Lookalike - Top Customers,788.39,125443.0,3784
05/10/2025,203,Lookalike - Top Customers,1143.21,172032.0,4560
05/11/2025,203,Lookalike - Top Customers,712.66,108431.0,1648
05/12/2025,203,Lookalike - Top Customers,1209.12,225837.0,4744
05/13/2025,203,Lookalike - Top Customers,847.18,130555.0,4718
05/14/2025,203,Lookalike - Top Customers,713.58,123929.0,1581
05/15/2025,203,Lookalike - Top Customers,971.06,183441.0,5783
05/16/2025,203,Lookalike - Top Customers,1187.42,204856.0,5545
05/17/2025,203,Lookalike - Top Customers,686.13,74230.0,2654
05/18/2025,203,Lookalike - Top Customers,960.8,151846.0,5981
05/19/2025,203,Lookalike - Top Customers,888.06,151997.0,3616
05/20/2025,203,Lookalike - Top Customers,1162.02,227834.0,5653
05/21/2025,203,Lookalike - Top Customers,728.46,92642.0,1089
05/22/2025,203,Lookalike - Top Customers,1195.0,226680.0,4217
05/23/2025,203,Lookalike - Top Customers,1135.11,221458.0,3812
05/24/2025,203,Lookalike - Top Customers,1097.93,200953.0,7309
05/25/2025,203,Lookalike - Top Customers,878.45,164463.0,5056
05/26/2025,203,Lookalike - Top Customers,1030.75,180722.0,7221
05/27/2025,203,Lookalike - Top Customers,1044.92,132798.0,5280
05/28/2025,203,Lookalike - Top Customers,807.72,139038.0,5261
05/29/2025,203,Lookalike - Top Customers,911.65,93997.0,1539
05/30/2025,203,Lookalike - Top Customers,1079.13,127934.0,3703
05/31/2025,203,Lookalike - Top Customers,981.42,175951.0,1965
06/01/2025,203,Lookalike - Top Customers,991.72,130459.0,3646
06/02/2025,203,Lookalike - Top Customers,1063.41,185649.0,5946
06/03/2025,203,Lookalike - Top Customers,978.97,141553.0,5142
06/04/2025,203,Lookalike - Top Customers,717.42,93626.0,3511
06/05/2025,203,Lookalike - Top Customers,900.1,177295.0,2996
06/06/2025,203,Lookalike - Top Customers,1074.94,147986.0,4081
06/07/2025,203,Lookalike - Top Customers,702.21,113255.0,2474
06/08/2025,203,Lookalike - Top Customers,796.42,115931.0,1968
06/09/2025,203,Lookalike - Top Customers,683.6,89436.0,1834
06/10/2025,203,Lookalike - Top Customers,906.69,113493.0,2144
06/11/2025,203,Lookalike - Top Customers,730.66,93666.0,1254
06/12/2025,203,Lookalike - Top Customers,1178.66,126160.0,1918
06/13/2025,203,Lookalike - Top Customers,859.97,154534.0,5261
06/14/2025,203,Lookalike - Top Customers,1218.15,142296.0,2805
06/15/2025,203,Lookalike - Top Customers,1169.3,188077.0,6298
06/16/2025,203,Lookalike - Top Customers,955.05,190254.0,4447
06/17/2025,203,Lookalike - Top Customers,895.83,140129.0,2948
06/18/2025,203,Lookalike - Top Customers,870.53,124792.0,2131
06/19/2025,203,Lookalike - Top Customers,695.87,91579.0,2115
06/20/2025,203,Lookalike - Top Customers,979.75,128414.0,2424
06/21/2025,203,Lookalike - Top Customers,1080.37,166472.0,5129
06/22/2025,203,Lookalike - Top Customers,919.24,177585.0,5302
06/23/2025,203,Lookalike - Top Customers,924.71,125880.0,2773
06/24/2025,203,Lookalike - Top Customers,1024.47,194709.0,5498
06/25/2025,203,Lookalike - Top Customers,700.65,126575.0,4853
06/26/2025,203,Lookalike - Top Customers,699.14,100340.0,1136
06/27/2025,203,Lookalike - Top Customers,1150.77,211664.0,8464
06/28/2025,203,Lookalike - Top Customers,747.8,146697.0,1832
06/29/2025,203,Lookalike - Top Customers,1004.66,185910.0,7329
06/30/2025,203,Lookalike - Top Customers,1179.72,187076.0,3533
07/01/2025,203,Lookalike - Top Customers,796.07,118692.0,3453
07/02/2025,203,Lookalike - Top Customers,1059.23,206593.0,7548
07/03/2025,203,Lookalike - Top Customers,718.66,114097.0,1751
07/04/2025,203,Lookalike - Top Customers,1146.44,146776.0,4490
07/05/2025,203,Lookalike - Top Customers,1122.38,151186.0,2214
07/06/2025,203,Lookalike - Top Customers,773.96,107031.0,1950
07/07/2025,203,Lookalike - Top Customers,1200.29,209968.0,3235
07/08/2025,203,Lookalike - Top Customers,902.0,161915.0,2411
07/09/2025,203,Lookalike - Top Customers,767.17,146051.0,4036
07/10/2025,203,Lookalike - Top Customers,729.17,85427.0,1814
07/11/2025,203,Lookalike - Top Customers,840.3,121941.0,1498
07/12/2025,203,Lookalike - Top Customers,981.12,139970.0,4574
07/13/2025,203,Lookalike - Top Customers,817.34,112325.0,1423
07/14/2025,203,Lookalike - Top Customers,835.38,116078.0,2548
07/15/2025,203,Lookalike - Top Customers,762.99,121342.0,3435
07/16/2025,203,Lookalike - Top Customers,676.57,109677.0,1105
07/17/2025,203,Lookalike - Top Customers,667.04,87233.0,2606
07/18/2025,203,Lookalike - Top Customers,1122.09,149288.0,5203
07/19/2025,203,Lookalike - Top Customers,1101.39,156415.0,3830
07/20/2025,203,Lookalike - Top Customers,763.09,90814.0,918
07/21/2025,203,Lookalike - Top Customers,906.54,132869.0,4970
07/22/2025,203,Lookalike - Top Customers,790.31,121575.0,3126
07/23/2025,203,Lookalike - Top Customers,1125.19,181696.0,2212
07/24/2025,203,Lookalike - Top Customers,1208.26,154869.0,3903
07/25/2025,203,Lookalike - Top Customers,1132.5,180050.0,5074
07/26/2025,203,Lookalike - Top Customers,1046.68,196713.0,2251
07/27/2025,203,Lookalike - Top Customers,851.15,140574.0,1919
07/28/2025,203,Lookalike - Top Customers,1193.58,177272.0,6779
07/29/2025,203,Lookalike - Top Customers,1085.46,189180.0,6496
07/30/2025,203,Lookalike - Top Customers,666.21,66854.0,672
07/31/2025,203,Lookalike - Top Customers,718.79,111334.0,1395
08/01/2025,203,Lookalike - Top Customers,1038.11,207584.0,8172
08/02/2025,203,Lookalike - Top Customers,916.09,105292.0,3855
08/03/2025,203,Lookalike - Top Customers,927.84,171124.0,6611
08/04/2025,203,Lookalike - Top Customers,1143.87,223946.0,4224
08/05/2025,203,Lookalike - Top Customers,1177.77,134769.0,2256
08/06/2025,203,Lookalike - Top Customers,714.32,130959.0,4864
08/07/2025,203,Lookalike - Top Customers,1157.18,140503.0,2736
08/08/2025,203,Lookalike - Top Customers,876.91,124108.0,1661
08/09/2025,203,Lookalike - Top Customers,658.21,111163.0,3082
08/10/2025,203,Lookalike - Top Customers,811.97,89732.0,2166
08/11/2025,203,Lookalike - Top Customers,1063.48,208254.0,4226
08/12/2025,203,Lookalike - Top Customers,658.14,109451.0,2099
08/13/2025,203,Lookalike - Top Customers,777.19,101712.0,1625
08/14/2025,203,Lookalike - Top Customers,807.17,,3394
08/15/2025,203,Lookalike - Top Customers,1020.64,172202.0,2586
08/16/2025,203,Lookalike - Top Customers,828.83,107770.0,2588
08/17/2025,203,Lookalike - Top Customers,1133.88,113797.0,1558
08/18/2025,203,Lookalike - Top Customers,1202.81,227996.0,4175
08/19/2025,203,Lookalike - Top Customers,676.9,121402.0,1845
08/20/2025,203,Lookalike - Top Customers,1114.54,159787.0,3122
08/21/2025,203,Lookalike - Top Customers,1174.86,151199.0,2587
08/22/2025,203,Lookalike - Top Customers,729.77,145939.0,4606
08/23/2025,203,Lookalike - Top Customers,1071.35,119893.0,4340
08/24/2025,203,Lookalike - Top Customers,1164.08,194338.0,2655
08/25/2025,203,Lookalike - Top Customers,733.99,116331.0,4033
08/26/2025,203,Lookalike - Top Customers,846.44,145048.0,5151
08/27/2025,203,Lookalike - Top Customers,1117.12,120573.0,4109
08/28/2025,203,Lookalike - Top Customers,777.71,117411.0,3803
08/29/2025,203,Lookalike - Top Customers,1013.71,184109.0,4832
08/30/2025,203,Lookalike - Top Customers,892.25,140984.0,2773
08/31/2025,203,Lookalike - Top Customers,997.26,117093.0,3235
09/01/2025,203,Lookalike - Top Customers,1007.57,183177.0,4830
09/02/2025,203,Lookalike - Top Customers,884.18,175629.0,3708
09/03/2025,203,Lookalike - Top Customers,706.67,124461.0,4648
09/04/2025,203,Lookalike - Top Customers,1006.69,193226.0,4484
09/05/2025,203,Lookalike - Top Customers,725.35,117740.0,4240
09/06/2025,203,Lookalike - Top Customers,675.83,128606.0,4721
09/07/2025,203,Lookalike - Top Customers,1168.72,228785.0,8627
09/08/2025,203,Lookalike - Top Customers,775.54,143792.0,3121
09/09/2025,203,Lookalike - Top Customers,952.61,162685.0,4392
09/10/2025,203,Lookalike - Top Customers,670.3,113830.0,3126
09/11/2025,203,Lookalike - Top Customers,1078.25,159925.0,4431
09/12/2025,203,Lookalike - Top Customers,1202.93,183432.0,6484
09/13/2025,203,Lookalike - Top Customers,1120.56,150324.0,4392
09/14/2025,203,Lookalike - Top Customers,1086.2,196189.0,2736
09/15/2025,203,Lookalike - Top Customers,1095.5,171582.0,4259
09/16/2025,203,Lookalike - Top Customers,1021.28,115943.0,1895
09/17/2025,203,Lookalike - Top Customers,1017.32,109633.0,3318
09/18/2025,203,Lookalike - Top Customers,1060.42,139010.0,3803
09/19/2025,203,Lookalike - Top Customers,751.79,118218.0,1708
09/20/2025,203,Lookalike - Top Customers,776.48,103761.0,2996
09/21/2025,203,Lookalike - Top Customers,831.36,130826.0,3179
09/22/2025,203,Lookalike - Top Customers,728.2,72823.0,1138
09/23/2025,203,Lookalike - Top Customers,1036.06,206517.0,3942
09/24/2025,203,Lookalike - Top Customers,726.51,79999.0,2090
09/25/2025,203,Lookalike - Top Customers,1113.3,126798.0,2788
09/26/2025,203,Lookalike - Top Customers,758.95,92600.0,2502
09/27/2025,203,Lookalike - Top Customers,799.73,148985.0,2078
09/28/2025,203,Lookalike - Top Customers,707.63,79882.0,2834
09/29/2025,203,Lookalike - Top Customers,1096.27,137124.0,3922
09/30/2025,203,Lookalike - Top Customers,819.97,100311.0,2956
10/01/2025,203,Lookalike - Top Customers,941.71,,4808
10/02/2025,203,Lookalike - Top Customers,1122.0,180432.0,4780
10/03/2025,203,Lookalike - Top Customers,778.73,86757.0,2552
10/04/2025,203,Lookalike - Top Customers,862.01,137899.0,3699
10/05/2025,203,Lookalike - Top Customers,806.17,132211.0,3743
10/06/2025,203,Lookalike - Top Customers,1173.0,191944.0,7177
10/07/2025,203,Lookalike - Top Customers,906.16,147044.0,4904
10/08/2025,203,Lookalike - Top Customers,929.89,135065.0,5057
10/09/2025,203,Lookalike - Top Customers,919.65,124590.0,3814
10/10/2025,203,Lookalike - Top Customers,1211.36,200956.0,4846
10/11/2025,203,Lookalike - Top Customers,945.51,137253.0,3386
10/12/2025,203,Lookalike - Top Customers,810.61,124312.0,3417
10/13/2025,203,Lookalike - Top Customers,894.87,130838.0,3491
10/14/2025,203,Lookalike - Top Customers,783.25,145352.0,3602
10/15/2025,203,Lookalike - Top Customers,697.8,115246.0,3645
10/16/2025,203,Lookalike - Top Customers,1045.14,184659.0,4055
10/17/2025,203,Lookalike - Top Customers,716.05,128547.0,3994
10/18/2025,203,Lookalike - Top Customers,857.93,141758.0,1485
10/19/2025,203,Lookalike - Top Customers,1103.95,131657.0,2026
10/20/2025,203,Lookalike - Top Customers,1188.76,184836.0,6620
10/21/2025,203,Lookalike - Top Customers,839.2,102013.0,2002
10/22/2025,203,Lookalike - Top Customers,904.68,179252.0,7012
10/23/2025,203,Lookalike - Top Customers,1112.25,169028.0,4424
10/24/2025,203,Lookalike - Top Customers,955.57,155218.0,3497
10/25/2025,203,Lookalike - Top Customers,1100.9,175718.0,2474
10/26/2025,203,Lookalike - Top Customers,869.61,90136.0,1402
10/27/2025,203,Lookalike - Top Customers,697.38,,1310
10/28/2025,203,Lookalike - Top Customers,909.88,148846.0,1544
10/29/2025,203,Lookalike - Top Customers,1052.28,146960.0,5864
10/30/2025,203,Lookalike - Top Customers,1107.79,187956.0,2361
10/31/2025,203,Lookalike - Top Customers,1049.22,175877.0,3992
11/01/2025,203,Lookalike - Top Customers,1511.2,202294.0,3233
11/02/2025,203,Lookalike - Top Customers,1321.76,244354.0,3420
11/03/2025,203,Lookalike - Top Customers,1620.52,286171.0,7502
11/04/2025,203,Lookalike - Top Customers,1821.19,194830.0,6081
11/05/2025,203,Lookalike - Top Customers,1826.98,292889.0,3401
11/06/2025,203,Lookalike - Top Customers,1121.74,177182.0,4435
11/07/2025,203,Lookalike - Top Customers,1467.85,249079.0,3288
11/08/2025,203,Lookalike - Top Customers,1609.67,180934.0,5214
11/09/2025,203,Lookalike - Top Customers,1675.53,289570.0,10743
11/10/2025,203,Lookalike - Top Customers,1538.02,165824.0,1670
11/11/2025,203,Lookalike - Top Customers,1232.05,135186.0,2647
11/12/2025,203,Lookalike - Top Customers,1160.5,201026.0,2863
11/13/2025,203,Lookalike - Top Customers,1224.97,140770.0,3524
11/14/2025,203,Lookalike - Top Customers,1808.81,260271.0,7265
11/15/2025,203,Lookalike - Top Customers,1535.12,296011.0,11512
11/16/2025,203,Lookalike - Top Customers,1459.47,175999.0,5925
11/17/2025,203,Lookalike - Top Customers,1694.39,226652.0,2559
11/18/2025,203,Lookalike - Top Customers,1782.21,347519.0,10064
11/19/2025,203,Lookalike - Top Customers,1818.72,249959.0,9627
11/20/2025,203,Lookalike - Top Customers,1273.15,150080.0,3607
11/21/2025,203,Lookalike - Top Customers,1101.11,115568.0,3893
11/22/2025,203,Lookalike - Top Customers,1688.0,205875.0,4485
11/23/2025,203,Lookalike - Top Customers,1532.85,259159.0,10061
11/24/2025,203,Lookalike - Top Customers,1436.85,259887.0,3079
11/25/2025,203,Lookalike - Top Customers,1341.87,205056.0,3619
11/26/2025,203,Lookalike - Top Customers,1104.6,112825.0,1979
11/27/2025,203,Lookalike - Top Customers,1028.06,185512.0,2096
11/28/2025,203,Lookalike - Top Customers,1613.87,319515.0,4024
11/29/2025,203,Lookalike - Top Customers,1175.11,166727.0,5963
11/30/2025,203,Lookalike - Top Customers,1038.51,139302.0,1671
12/01/2025,203,Lookalike - Top Customers,1496.24,290595.0,3930
12/02/2025,203,Lookalike - Top Customers,1108.7,113327.0,2928
12/03/2025,203,Lookalike - Top Customers,1153.17,190999.0,2653
12/04/2025,203,Lookalike - Top Customers,1516.05,162924.0,3105
12/05/2025,203,Lookalike - Top Customers,1374.24,161733.0,4520
12/06/2025,203,Lookalike - Top Customers,1377.47,251681.0,5616
12/07/2025,203,Lookalike - Top Customers,1142.38,123406.0,4453
12/08/2025,203,Lookalike - Top Customers,1464.68,228041.0,4240
12/09/2025,203,Lookalike - Top Customers,1526.44,160783.0,5930
12/10/2025,203,Lookalike - Top Customers,1282.37,179050.0,5632
12/11/2025,203,Lookalike - Top Customers,1390.73,142281.0,3639
12/12/2025,203,Lookalike - Top Customers,1754.32,308735.0,6825
12/13/2025,203,Lookalike - Top Customers,1063.12,128450.0,1661
12/14/2025,203,Lookalike - Top Customers,1036.96,205407.0,7244
12/15/2025,203,Lookalike - Top Customers,1236.77,227610.0,4524
12/16/2025,203,Lookalike - Top Customers,1660.71,248542.0,3006
12/17/2025,203,Lookalike - Top Customers,1683.89,275894.0,8318
12/18/2025,203,Lookalike - Top Customers,1516.96,243584.0,4393
12/19/2025,203,Lookalike - Top Customers,1373.84,222336.0,7434
12/20/2025,203,Lookalike - Top Customers,1802.85,228154.0,3018
12/21/2025,203,Lookalike - Top Customers,1387.35,226206.0,3398
12/22/2025,203,Lookalike - Top Customers,1432.78,241435.0,6375
12/23/2025,203,Lookalike - Top Customers,1222.78,165284.0,4513
12/24/2025,203,Lookalike - Top Customers,1555.23,190897.0,2836
12/25/2025,203,Lookalike - Top Customers,1709.77,220800.0,8426
12/26/2025,203,Lookalike - Top Customers,1383.94,198127.0,6045
12/27/2025,203,Lookalike - Top Customers,1052.15,169345.0,2397
12/28/2025,203,Lookalike - Top Customers,1301.22,258759.0,9329
12/29/2025,203,Lookalike - Top Customers,1129.48,156470.0,3344
12/30/2025,203,Lookalike - Top Customers,1381.88,233128.0,7878
12/31/2025,203,Lookalike - Top Customers,1148.02,213689.0,2873
01/01/2026,203,Lookalike - Top Customers,785.96,114032.0,2799
01/02/2026,203,Lookalike - Top Customers,810.3,101642.0,4027
01/03/2026,203,Lookalike - Top Customers,1026.41,151823.0,1884
01/04/2026,203,Lookalike - Top Customers,627.92,81474.0,2077
01/05/2026,203,Lookalike - Top Customers,889.62,164835.0,1984
01/06/2026,203,Lookalike - Top Customers,606.95,93755.0,1224
01/07/2026,203,Lookalike - Top Customers,916.75,146870.0,4242
01/08/2026,203,Lookalike - Top Customers,954.46,146457.0,2476
01/09/2026,203,Lookalike - Top Customers,982.13,152321.0,2228
01/10/2026,203,Lookalike - Top Customers,823.91,118678.0,3870
01/11/2026,203,Lookalike - Top Customers,705.49,87234.0,3251
01/12/2026,203,Lookalike - Top Customers,927.18,142573.0,3662
01/13/2026,203,Lookalike - Top Customers,588.79,108574.0,3696
01/14/2026,203,Lookalike - Top Customers,860.66,163196.0,2791
01/15/2026,203,Lookalike - Top Customers,591.03,74559.0,2291
01/16/2026,203,Lookalike - Top Customers,736.28,117493.0,3109
01/17/2026,203,Lookalike - Top Customers,720.66,109163.0,3969
01/18/2026,203,Lookalike - Top Customers,900.67,132018.0,3963
01/19/2026,203,Lookalike - Top Customers,629.05,80306.0,2833
01/20/2026,203,Lookalike - Top Customers,771.89,78917.0,834
01/21/2026,203,Lookalike - Top Customers,783.74,109868.0,1415
01/22/2026,203,Lookalike - Top Customers,666.82,96976.0,2632
01/23/2026,203,Lookalike - Top Customers,964.37,125760.0,2439
01/24/2026,203,Lookalike - Top Customers,881.04,117547.0,2397
01/25/2026,203,Lookalike - Top Customers,962.1,118256.0,2962
01/26/2026,203,Lookalike - Top Customers,947.61,139610.0,2489
01/27/2026,203,Lookalike - Top Customers,907.35,149454.0,5745
01/28/2026,203,Lookalike - Top Customers,949.59,130579.0,4315
01/29/2026,203,Lookalike - Top Customers,871.52,147476.0,3757
01/30/2026,203,Lookalike - Top Customers,993.91,102109.0,2169
01/31/2026,203,Lookalike - Top Customers,764.29,139931.0,2339
02/01/2026,203,Lookalike - Top Customers,601.74,111674.0,2417
02/02/2026,203,Lookalike - Top Customers,956.79,175621.0,6440
02/03/2026,203,Lookalike - Top Customers,999.68,158575.0,1864
02/04/2026,203,Lookalike - Top Customers,602.13,103347.0,1945
02/05/2026,203,Lookalike - Top Customers,824.18,129014.0,2095
02/06/2026,203,Lookalike - Top Customers,836.02,92192.0,1224
02/07/2026,203,Lookalike - Top Customers,730.39,135625.0,2560
02/08/2026,203,Lookalike - Top Customers,866.68,153139.0,3432
02/09/2026,203,Lookalike - Top Customers,1023.04,110668.0,3596
02/10/2026,203,Lookalike - Top Customers,625.17,63846.0,1779
02/11/2026,203,Lookalike - Top Customers,781.18,117165.0,1688
02/12/2026,203,Lookalike - Top Customers,692.71,92126.0,3042
02/13/2026,203,Lookalike - Top Customers,985.56,124589.0,4468
02/14/2026,203,Lookalike - Top Customers,621.83,91876.0,1506
02/15/2026,203,Lookalike - Top Customers,660.39,125406.0,2886
02/16/2026,203,Lookalike - Top Customers,579.44,61745.0,965
02/17/2026,203,Lookalike - Top Customers,718.24,139422.0,5180
02/18/2026,203,Lookalike - Top Customers,604.49,105450.0,1216
02/19/2026,203,Lookalike - Top Customers,812.06,161185.0,1860
02/20/2026,203,Lookalike - Top Customers,727.57,94277.0,1182
02/21/2026,203,Lookalike - Top Customers,939.69,98078.0,1063
02/22/2026,203,Lookalike - Top Customers,729.33,144246.0,5601
02/23/2026,203,Lookalike - Top Customers,604.21,75588.0,1738
02/24/2026,203,Lookalike - Top Customers,751.45,90764.0,3188
02/25/2026,203,Lookalike - Top Customers,645.05,66178.0,1903
02/26/2026,203,Lookalike - Top Customers,868.56,138130.0,1760
02/27/2026,203,Lookalike - Top Customers,562.18,107958.0,1975
02/28/2026,203,Lookalike - Top Customers,767.48,102542.0,2805
03/01/2026,203,Lookalike - Top Customers,1067.65,179199.0,6180
03/02/2026,203,Lookalike - Top Customers,1038.78,172557.0,3997
03/03/2026,203,Lookalike - Top Customers,769.37,89705.0,2863
03/04/2026,203,Lookalike - Top Customers,1110.2,162769.0,6286
03/05/2026,203,Lookalike - Top Customers,930.4,137435.0,5139
03/06/2026,203,Lookalike - Top Customers,940.0,101277.0,3165
03/07/2026,203,Lookalike - Top Customers,955.32,155190.0,5769
03/08/2026,203,Lookalike - Top Customers,1184.61,214668.0,8180
03/09/2026,203,Lookalike - Top Customers,665.97,106602.0,2804
03/10/2026,203,Lookalike - Top Customers,741.21,100615.0,1881
03/11/2026,203,Lookalike - Top Customers,1121.01,128437.0,2815
03/12/2026,203,Lookalike - Top Customers,857.63,148269.0,5456
03/13/2026,203,Lookalike - Top Customers,670.05,125147.0,4039
03/14/2026,203,Lookalike - Top Customers,742.06,106376.0,1470
03/15/2026,203,Lookalike - Top Customers,821.63,95009.0,3714
03/16/2026,203,Lookalike - Top Customers,858.82,155221.0,5724
03/17/2026,203,Lookalike - Top Customers,1162.82,180136.0,5558
03/18/2026,203,Lookalike - Top Customers,933.04,105166.0,2835
03/19/2026,203,Lookalike - Top Customers,718.03,122397.0,2302
03/20/2026,203,Lookalike - Top Customers,920.33,93541.0,3023
03/21/2026,203,Lookalike - Top Customers,1099.77,179222.0,5442
03/22/2026,203,Lookalike - Top Customers,1126.47,217790.0,3994
03/23/2026,203,Lookalike - Top Customers,1030.95,187374.0,7182
03/24/2026,203,Lookalike - Top Customers,1203.54,149448.0,1867
03/25/2026,203,Lookalike - Top Customers,966.92,164598.0,3462
03/26/2026,203,Lookalike - Top Customers,1186.69,180109.0,6591
03/27/2026,203,Lookalike - Top Customers,956.05,133685.0,2869
03/28/2026,203,Lookalike - Top Customers,841.18,125264.0,3454
03/29/2026,203,Lookalike - Top Customers,894.71,131299.0,5222
03/30/2026,203,Lookalike - Top Customers,715.96,85528.0,1313
03/31/2026,203,Lookalike - Top Customers,1195.75,223529.0,5191
04/01/2026,203,Lookalike - Top Customers,912.25,141557.0,2746
04/02/2026,203,Lookalike - Top Customers,1181.22,205328.0,4922
04/03/2026,203,Lookalike - Top Customers,978.73,152080.0,4348
04/04/2026,203,Lookalike - Top Customers,1137.37,219822.0,3855
04/05/2026,203,Lookalike - Top Customers,759.33,86775.0,2576
04/06/2026,203,Lookalike - Top Customers,1184.08,230661.0,2578
04/07/2026,203,Lookalike - Top Customers,1050.87,133664.0,1782
04/08/2026,203,Lookalike - Top Customers,714.88,94970.0,1471
04/09/2026,203,Lookalike - Top Customers,931.26,139631.0,2461
04/10/2026,203,Lookalike - Top Customers,875.43,133057.0,1653
04/11/2026,203,Lookalike - Top Customers,1135.99,188623.0,2829
04/12/2026,203,Lookalike - Top Customers,1200.0,207302.0,8131
04/13/2026,203,Lookalike - Top Customers,988.53,165204.0,4900
04/14/2026,203,Lookalike - Top Customers,1102.08,136358.0,3501
04/15/2026,203,Lookalike - Top Customers,1047.47,114753.0,2867
04/16/2026,203,Lookalike - Top Customers,931.32,138929.0,1579
04/17/2026,203,Lookalike - Top Customers,679.61,102435.0,1825
04/18/2026,203,Lookalike - Top Customers,865.14,125481.0,4662
04/19/2026,203,Lookalike - Top Customers,813.73,117763.0,2533
04/20/2026,203,Lookalike - Top Customers,1184.41,157830.0,4433
04/21/2026,203,Lookalike - Top Customers,668.41,81782.0,2954
04/22/2026,203,Lookalike - Top Customers,692.79,127026.0,3504
04/23/2026,203,Lookalike - Top Customers,674.96,106037.0,2303
04/24/2026,203,Lookalike - Top Customers,684.73,85503.0,2868
04/25/2026,203,Lookalike - Top Customers,839.3,110754.0,3348
04/26/2026,203,Lookalike - Top Customers,1055.41,176303.0,6567
04/27/2026,203,Lookalike - Top Customers,713.38,86089.0,1500
04/28/2026,203,Lookalike - Top Customers,1021.44,122249.0,3857
04/29/2026,203,Lookalike - Top Customers,1039.65,189807.0,7526
04/30/2026,203,Lookalike - Top Customers,1164.38,205192.0,4795
05/01/2026,203,Lookalike - Top Customers,732.12,81123.0,1501
05/02/2026,203,Lookalike - Top Customers,782.83,139647.0,4487
05/03/2026,203,Lookalike - Top Customers,1126.86,144387.0,5628
05/04/2026,203,Lookalike - Top Customers,930.99,182870.0,4150
05/05/2026,203,Lookalike - Top Customers,1083.21,154304.0,2231
05/06/2026,203,Lookalike - Top Customers,1076.58,182259.0,5129
05/07/2026,203,Lookalike - Top Customers,683.72,87009.0,2955
05/08/2026,203,Lookalike - Top Customers,898.05,96269.0,3104
05/09/2026,203,Lookalike - Top Customers,979.31,168539.0,6219
05/10/2026,203,Lookalike - Top Customers,1184.37,188335.0,6961
05/11/2026,203,Lookalike - Top Customers,890.28,117606.0,3481
05/12/2026,203,Lookalike - Top Customers,1068.06,165842.0,3542
05/13/2026,203,Lookalike - Top Customers,690.91,,2748
05/14/2026,203,Lookalike - Top Customers,1025.22,137177.0,2990
05/15/2026,203,Lookalike - Top Customers,700.02,117666.0,2703
05/16/2026,203,Lookalike - Top Customers,1184.44,141113.0,4684
05/17/2026,203,Lookalike - Top Customers,1099.1,133193.0,4107
05/18/2026,203,Lookalike - Top Customers,1106.08,117969.0,1912
05/19/2026,203,Lookalike - Top Customers,1054.62,205029.0,5746
05/20/2026,203,Lookalike - Top Customers,755.87,148113.0,2684
05/21/2026,203,Lookalike - Top Customers,994.34,191177.0,2922
05/22/2026,203,Lookalike - Top Customers,1010.53,185615.0,4848
05/23/2026,203,Lookalike - Top Customers,1109.62,133900.0,1738
05/24/2026,203,Lookalike - Top Customers,710.22,103015.0,3763
05/25/2026,203,Lookalike - Top Customers,842.13,130931.0,2240
05/26/2026,203,Lookalike - Top Customers,969.52,140358.0,1707
05/27/2026,203,Lookalike - Top Customers,1161.6,188240.0,2400
05/28/2026,203,Lookalike - Top Customers,821.25,156298.0,3275
05/29/2026,203,Lookalike - Top Customers,716.47,,2938
05/30/2026,203,Lookalike - Top Customers,1060.98,200307.0,5805
05/31/2026,203,Lookalike - Top Customers,747.08,91274.0,2126
06/01/2026,203,Lookalike - Top Customers,777.57,108606.0,3651
06/02/2026,203,Lookalike - Top Customers,1123.6,112459.0,4307
06/03/2026,203,Lookalike - Top Customers,1105.8,187567.0,3001
06/04/2026,203,Lookalike - Top Customers,669.59,89907.0,1258
06/05/2026,203,Lookalike - Top Customers,912.54,142473.0,2612
06/06/2026,203,Lookalike - Top Customers,770.79,143418.0,2262
06/07/2026,203,Lookalike - Top Customers,1131.44,225239.0,3743
06/08/2026,203,Lookalike - Top Customers,859.83,89861.0,2188
06/09/2026,203,Lookalike - Top Customers,800.22,119542.0,3712
06/10/2026,203,Lookalike - Top Customers,991.22,178316.0,3430
06/11/2026,203,Lookalike - Top Customers,1211.69,136905.0,3189
06/12/2026,203,Lookalike - Top Customers,1132.17,142019.0,1565
06/13/2026,203,Lookalike - Top Customers,736.72,138972.0,4850
06/14/2026,203,Lookalike - Top Customers,1038.61,136388.0,5422
06/15/2026,203,Lookalike - Top Customers,797.28,92867.0,3389
06/16/2026,203,Lookalike - Top Customers,1022.12,191608.0,4203
06/17/2026,203,Lookalike - Top Customers,1035.84,123073.0,1818
06/18/2026,203,Lookalike - Top Customers,1038.29,161913.0,4425
06/19/2026,203,Lookalike - Top Customers,1184.62,180536.0,6034
06/20/2026,203,Lookalike - Top Customers,821.65,131853.0,1513
06/21/2026,203,Lookalike - Top Customers,1214.8,127300.0,4461
06/22/2026,203,Lookalike - Top Customers,780.66,129981.0,4078
06/23/2026,203,Lookalike - Top Customers,787.19,150337.0,5051
06/24/2026,203,Lookalike - Top Customers,937.91,154834.0,4561
06/25/2026,203,Lookalike - Top Customers,1100.17,189373.0,4687
06/26/2026,203,Lookalike - Top Customers,963.89,123512.0,2610
06/27/2026,203,Lookalike - Top Customers,923.71,112214.0,3031
06/28/2026,203,Lookalike - Top Customers,1208.66,188316.0,5419
06/29/2026,203,Lookalike - Top Customers,993.71,175397.0,5989
06/30/2026,203,Lookalike - Top Customers,1187.66,129819.0,5141
07/01/2026,203,Lookalike - Top Customers,686.27,129121.0,3696
07/02/2026,203,Lookalike - Top Customers,696.95,107924.0,2544
07/03/2026,203,Lookalike - Top Customers,1174.89,153157.0,1776
07/04/2026,203,Lookalike - Top Customers,935.79,156805.0,1683
07/05/2026,203,Lookalike - Top Customers,1134.51,223360.0,4074
07/06/2026,203,Lookalike - Top Customers,954.86,138424.0,5098
07/07/2026,203,Lookalike - Top Customers,969.49,188130.0,4272
07/08/2026,203,Lookalike - Top Customers,1195.6,126517.0,4488
07/09/2026,203,Lookalike - Top Customers,768.82,104551.0,1756
07/10/2026,203,Lookalike - Top Customers,1208.57,129863.0,3320
07/11/2026,203,Lookalike - Top Customers,818.56,104222.0,2795
07/12/2026,203,Lookalike - Top Customers,1014.42,127451.0,4363
07/13/2026,203,Lookalike - Top Customers,1156.66,201344.0,4299
07/14/2026,203,Lookalike - Top Customers,1037.09,163547.0,4281
07/15/2026,203,Lookalike - Top Customers,989.91,131854.0,4489
07/16/2026,203,Lookalike - Top Customers,1114.37,210038.0,3210
07/17/2026,203,Lookalike - Top Customers,972.4,115542.0,3374
07/18/2026,203,Lookalike - Top Customers,803.15,93372.0,2743
07/19/2026,203,Lookalike - Top Customers,945.86,143177.0,5678
07/20/2024,204,Prospecting - Interests,911.7,157968.0,5234
07/21/2024,204,Prospecting - Interests,1063.18,163257.0,2928
07/22/2024,204,Prospecting - Interests,852.34,164058.0,2771
07/23/2024,204,Prospecting - Interests,1266.34,219622.0,6122
07/24/2024,204,Prospecting - Interests,1039.02,110435.0,2364
07/25/2024,204,Prospecting - Interests,1109.94,141433.0,2427
07/26/2024,204,Prospecting - Interests,760.18,116057.0,2614
07/27/2024,204,Prospecting - Interests,939.64,172818.0,6784
07/28/2024,204,Prospecting - Interests,1054.11,148341.0,3425
07/29/2024,204,Prospecting - Interests,1002.23,106370.0,2834
07/30/2024,204,Prospecting - Interests,1163.95,182004.0,5586
07/31/2024,204,Prospecting - Interests,1204.52,183140.0,3068
08/01/2024,204,Prospecting - Interests,929.28,107951.0,3827
08/02/2024,204,Prospecting - Interests,1272.84,144417.0,4882
08/03/2024,204,Prospecting - Interests,1010.62,171721.0,5809
08/04/2024,204,Prospecting - Interests,1211.66,183833.0,5675
08/05/2024,204,Prospecting - Interests,766.24,151106.0,2638
08/06/2024,204,Prospecting - Interests,1275.01,219067.0,3159
08/07/2024,204,Prospecting - Interests,1260.55,128287.0,2504
08/08/2024,204,Prospecting - Interests,840.03,161273.0,4040
08/09/2024,204,Prospecting - Interests,1046.41,124374.0,4924
08/10/2024,204,Prospecting - Interests,860.62,86179.0,2940
08/11/2024,204,Prospecting - Interests,1166.27,149621.0,1965
08/12/2024,204,Prospecting - Interests,740.75,80710.0,3138
08/13/2024,204,Prospecting - Interests,836.71,146565.0,3608
08/14/2024,204,Prospecting - Interests,934.27,167233.0,5083
08/15/2024,204,Prospecting - Interests,871.18,133530.0,3295
08/16/2024,204,Prospecting - Interests,951.4,165615.0,4483
08/17/2024,204,Prospecting - Interests,1160.92,199801.0,5340
08/18/2024,204,Prospecting - Interests,1099.51,111646.0,4326
08/19/2024,204,Prospecting - Interests,1009.0,122402.0,2696
08/20/2024,204,Prospecting - Interests,1057.91,176503.0,2818
08/21/2024,204,Prospecting - Interests,876.54,160116.0,5952
08/22/2024,204,Prospecting - Interests,874.0,97959.0,1669
08/23/2024,204,Prospecting - Interests,1169.38,145548.0,2439
08/24/2024,204,Prospecting - Interests,1129.11,131264.0,1412
08/25/2024,204,Prospecting - Interests,757.24,128913.0,3368
08/26/2024,204,Prospecting - Interests,1166.83,184505.0,6555
08/27/2024,204,Prospecting - Interests,1052.71,149368.0,2089
08/28/2024,204,Prospecting - Interests,983.0,137297.0,2917
08/29/2024,204,Prospecting - Interests,984.91,150954.0,5501
08/30/2024,204,Prospecting - Interests,1176.11,190773.0,5665
08/31/2024,204,Prospecting - Interests,706.07,130203.0,4904
09/01/2024,204,Prospecting - Interests,1026.58,137201.0,1752
09/02/2024,204,Prospecting - Interests,719.58,136327.0,2584
09/03/2024,204,Prospecting - Interests,1116.46,195576.0,7465
09/04/2024,204,Prospecting - Interests,983.93,110103.0,4128
09/05/2024,204,Prospecting - Interests,989.72,108781.0,3739
09/06/2024,204,Prospecting - Interests,1118.21,131627.0,3609
09/07/2024,204,Prospecting - Interests,1222.7,192629.0,4091
09/08/2024,204,Prospecting - Interests,1168.21,159798.0,6205
09/09/2024,204,Prospecting - Interests,700.23,130724.0,3272
09/10/2024,204,Prospecting - Interests,777.99,101757.0,3999
09/11/2024,204,Prospecting - Interests,827.23,104835.0,1554
09/12/2024,204,Prospecting - Interests,717.32,79627.0,1649
09/13/2024,204,Prospecting - Interests,1259.4,128898.0,2080
09/14/2024,204,Prospecting - Interests,1040.33,159156.0,3127
09/15/2024,204,Prospecting - Interests,1221.12,145176.0,3774
09/16/2024,204,Prospecting - Interests,1263.06,164394.0,5806
09/17/2024,204,Prospecting - Interests,1135.69,180865.0,4694
09/18/2024,204,Prospecting - Interests,887.33,160888.0,2467
09/19/2024,204,Prospecting - Interests,737.5,81911.0,2728
09/20/2024,204,Prospecting - Interests,821.88,146267.0,3781
09/21/2024,204,Prospecting - Interests,704.6,,1475
09/22/2024,204,Prospecting - Interests,1158.63,,1997
09/23/2024,204,Prospecting - Interests,867.03,128504.0,3419
09/24/2024,204,Prospecting - Interests,893.54,141152.0,5031
09/25/2024,204,Prospecting - Interests,1248.82,211605.0,7071
09/26/2024,204,Prospecting - Interests,909.17,111680.0,2700
09/27/2024,204,Prospecting - Interests,754.02,101921.0,1801
09/28/2024,204,Prospecting - Interests,1262.51,247866.0,4011
09/29/2024,204,Prospecting - Interests,702.32,104678.0,3630
09/30/2024,204,Prospecting - Interests,1258.12,247920.0,2690
10/01/2024,204,Prospecting - Interests,771.62,141879.0,1790
10/02/2024,204,Prospecting - Interests,841.88,145524.0,4066
10/03/2024,204,Prospecting - Interests,1274.0,192132.0,6698
10/04/2024,204,Prospecting - Interests,919.96,133024.0,2017
10/05/2024,204,Prospecting - Interests,1259.13,227323.0,7576
10/06/2024,204,Prospecting - Interests,971.85,102763.0,2816
10/07/2024,204,Prospecting - Interests,943.01,134527.0,4211
10/08/2024,204,Prospecting - Interests,1066.0,107297.0,1901
10/09/2024,204,Prospecting - Interests,1191.37,150764.0,2302
10/10/2024,204,Prospecting - Interests,741.56,108273.0,3214
10/11/2024,204,Prospecting - Interests,1254.78,176872.0,2523
10/12/2024,204,Prospecting - Interests,1085.23,134515.0,5191
10/13/2024,204,Prospecting - Interests,1180.16,141122.0,3203
10/14/2024,204,Prospecting - Interests,876.43,166236.0,3395
10/15/2024,204,Prospecting - Interests,908.78,101316.0,2403
10/16/2024,204,Prospecting - Interests,694.59,126395.0,2942
10/17/2024,204,Prospecting - Interests,1244.73,233130.0,7486
10/18/2024,204,Prospecting - Interests,1225.7,197417.0,6633
10/19/2024,204,Prospecting - Interests,1214.16,180643.0,4395
10/20/2024,204,Prospecting - Interests,1090.16,130376.0,3700
10/21/2024,204,Prospecting - Interests,875.73,157317.0,5301
10/22/2024,204,Prospecting - Interests,737.31,142340.0,5559
10/23/2024,204,Prospecting - Interests,997.25,125756.0,4001
10/24/2024,204,Prospecting - Interests,871.15,137682.0,4283
10/25/2024,204,Prospecting - Interests,985.31,189772.0,6822
10/26/2024,204,Prospecting - Interests,813.99,109774.0,1401
10/27/2024,204,Prospecting - Interests,922.76,143112.0,3092
10/28/2024,204,Prospecting - Interests,1192.22,162507.0,2754
10/29/2024,204,Prospecting - Interests,723.25,74934.0,822
10/30/2024,204,Prospecting - Interests,710.08,100883.0,1566
10/31/2024,204,Prospecting - Interests,795.08,123662.0,1250
11/01/2024,204,Prospecting - Interests,1621.6,323338.0,7744
11/02/2024,204,Prospecting - Interests,1288.31,151007.0,5324
11/03/2024,204,Prospecting - Interests,1467.99,241394.0,7485
11/04/2024,204,Prospecting - Interests,1176.55,176448.0,6386
11/05/2024,204,Prospecting - Interests,1476.58,263771.0,3527
11/06/2024,204,Prospecting - Interests,1040.31,121902.0,3193
11/07/2024,204,Prospecting - Interests,1301.65,149897.0,5448
11/08/2024,204,Prospecting - Interests,1746.0,227307.0,8959
11/09/2024,204,Prospecting - Interests,1293.86,249281.0,6085
11/10/2024,204,Prospecting - Interests,1396.24,248967.0,8236
11/11/2024,204,Prospecting - Interests,1482.78,290406.0,8557
11/12/2024,204,Prospecting - Interests,1335.32,182405.0,5198
11/13/2024,204,Prospecting - Interests,1797.94,211148.0,2715
11/14/2024,204,Prospecting - Interests,1905.93,350857.0,9809
11/15/2024,204,Prospecting - Interests,1913.0,295891.0,9330
11/16/2024,204,Prospecting - Interests,1137.22,211709.0,7177
11/17/2024,204,Prospecting - Interests,1876.27,300933.0,10688
11/18/2024,204,Prospecting - Interests,1242.7,142313.0,3658
11/19/2024,204,Prospecting - Interests,1813.35,216664.0,3146
11/20/2024,204,Prospecting - Interests,1851.15,331813.0,6321
11/21/2024,204,Prospecting - Interests,1420.88,274281.0,5409
11/22/2024,204,Prospecting - Interests,1825.95,351539.0,7490
11/23/2024,204,Prospecting - Interests,1648.5,173770.0,6628
11/24/2024,204,Prospecting - Interests,1605.05,224767.0,3348
11/25/2024,204,Prospecting - Interests,1799.85,256631.0,7379
11/26/2024,204,Prospecting - Interests,1636.03,286503.0,6689
11/27/2024,204,Prospecting - Interests,1345.32,221154.0,5959
11/28/2024,204,Prospecting - Interests,1856.59,258919.0,6004
11/29/2024,204,Prospecting - Interests,1351.17,147533.0,4430
11/30/2024,204,Prospecting - Interests,1639.02,236060.0,7290
12/01/2024,204,Prospecting - Interests,1319.22,221355.0,7206
12/02/2024,204,Prospecting - Interests,1850.92,232134.0,7596
12/03/2024,204,Prospecting - Interests,1576.37,211399.0,2590
12/04/2024,204,Prospecting - Interests,1900.2,273861.0,9636
12/05/2024,204,Prospecting - Interests,1890.57,373040.0,6217
12/06/2024,204,Prospecting - Interests,1270.72,192441.0,6828
12/07/2024,204,Prospecting - Interests,1739.41,223750.0,4907
12/08/2024,204,Prospecting - Interests,1154.33,188974.0,2450
12/09/2024,204,Prospecting - Interests,1547.83,244264.0,6747
12/10/2024,204,Prospecting - Interests,1149.16,126556.0,3672
12/11/2024,204,Prospecting - Interests,1181.02,187484.0,2720
12/12/2024,204,Prospecting - Interests,1253.65,249574.0,4228
12/13/2024,204,Prospecting - Interests,1636.89,227298.0,7756
12/14/2024,204,Prospecting - Interests,1590.07,228891.0,6016
12/15/2024,204,Prospecting - Interests,1805.84,321120.0,11528
12/16/2024,204,Prospecting - Interests,1807.14,227307.0,4594
12/17/2024,204,Prospecting - Interests,1516.43,240427.0,6735
12/18/2024,204,Prospecting - Interests,1415.14,209437.0,2586
12/19/2024,204,Prospecting - Interests,1550.89,224463.0,4628
12/20/2024,204,Prospecting - Interests,1678.41,261737.0,10235
12/21/2024,204,Prospecting - Interests,1434.81,274357.0,9468
12/22/2024,204,Prospecting - Interests,1381.39,271404.0,9173
12/23/2024,204,Prospecting - Interests,1680.32,194666.0,6123
12/24/2024,204,Prospecting - Interests,1876.61,292682.0,7509
12/25/2024,204,Prospecting - Interests,1668.92,306102.0,7488
12/26/2024,204,Prospecting - Interests,1389.04,244060.0,3465
12/27/2024,204,Prospecting - Interests,1051.75,125459.0,2335
12/28/2024,204,Prospecting - Interests,1396.63,193297.0,6811
12/29/2024,204,Prospecting - Interests,1635.07,282661.0,5844
12/30/2024,204,Prospecting - Interests,1170.28,148832.0,1611
12/31/2024,204,Prospecting - Interests,1407.84,281166.0,8546
01/01/2025,204,Prospecting - Interests,869.23,163840.0,2107
01/02/2025,204,Prospecting - Interests,619.49,111021.0,3096
01/03/2025,204,Prospecting - Interests,1050.22,179921.0,1869
01/04/2025,204,Prospecting - Interests,787.13,111178.0,3159
01/05/2025,204,Prospecting - Interests,704.33,89107.0,1183
01/06/2025,204,Prospecting - Interests,1047.13,132092.0,5006
01/07/2025,204,Prospecting - Interests,716.11,77549.0,2922
01/08/2025,204,Prospecting - Interests,1083.09,147844.0,4231
01/09/2025,204,Prospecting - Interests,703.15,,3434
01/10/2025,204,Prospecting - Interests,787.5,136833.0,5060
01/11/2025,204,Prospecting - Interests,842.91,108842.0,3701
01/12/2025,204,Prospecting - Interests,975.02,164603.0,1719
01/13/2025,204,Prospecting - Interests,699.16,89335.0,1055
01/14/2025,204,Prospecting - Interests,906.35,105265.0,2989
01/15/2025,204,Prospecting - Interests,805.39,121447.0,2566
01/16/2025,204,Prospecting - Interests,839.6,166794.0,2666
01/17/2025,204,Prospecting - Interests,693.74,108043.0,2212
01/18/2025,204,Prospecting - Interests,1001.19,161659.0,5108
01/19/2025,204,Prospecting - Interests,1039.32,143854.0,5358
01/20/2025,204,Prospecting - Interests,594.3,62871.0,827
01/21/2025,204,Prospecting - Interests,796.12,140946.0,1830
01/22/2025,204,Prospecting - Interests,886.94,138239.0,3411
01/23/2025,204,Prospecting - Interests,1035.08,200585.0,3735
01/24/2025,204,Prospecting - Interests,1084.85,166905.0,6339
01/25/2025,204,Prospecting - Interests,957.27,121101.0,1220
01/26/2025,204,Prospecting - Interests,716.6,135868.0,2713
01/27/2025,204,Prospecting - Interests,856.09,167108.0,5702
01/28/2025,204,Prospecting - Interests,1062.27,185709.0,4806
01/29/2025,204,Prospecting - Interests,927.24,113181.0,3254
01/30/2025,204,Prospecting - Interests,1062.32,123795.0,1969
01/31/2025,204,Prospecting - Interests,613.02,113751.0,2222
02/01/2025,204,Prospecting - Interests,775.42,93180.0,2346
02/02/2025,204,Prospecting - Interests,979.64,162979.0,5625
02/03/2025,204,Prospecting - Interests,637.01,84195.0,2515
02/04/2025,204,Prospecting - Interests,845.44,105462.0,2849
02/05/2025,204,Prospecting - Interests,649.03,81523.0,2998
02/06/2025,204,Prospecting - Interests,645.0,84527.0,1632
02/07/2025,204,Prospecting - Interests,962.07,140726.0,2618
02/08/2025,204,Prospecting - Interests,950.06,138837.0,2209
02/09/2025,204,Prospecting - Interests,822.99,139885.0,4018
02/10/2025,204,Prospecting - Interests,867.97,151212.0,4773
02/11/2025,204,Prospecting - Interests,591.97,69602.0,1769
02/12/2025,204,Prospecting - Interests,819.49,102918.0,1741
02/13/2025,204,Prospecting - Interests,986.26,122862.0,2674
02/14/2025,204,Prospecting - Interests,933.82,165742.0,1721
02/15/2025,204,Prospecting - Interests,642.95,,2926
02/16/2025,204,Prospecting - Interests,609.91,85090.0,1309
02/17/2025,204,Prospecting - Interests,848.04,105925.0,3130
02/18/2025,204,Prospecting - Interests,1023.17,162072.0,6150
02/19/2025,204,Prospecting - Interests,852.68,165750.0,4283
02/20/2025,204,Prospecting - Interests,883.82,105925.0,2959
02/21/2025,204,Prospecting - Interests,590.76,95161.0,1641
02/22/2025,204,Prospecting - Interests,629.24,97762.0,3364
02/23/2025,204,Prospecting - Interests,646.05,73656.0,937
02/24/2025,204,Prospecting - Interests,966.42,143231.0,4295
02/25/2025,204,Prospecting - Interests,879.25,155055.0,1978
02/26/2025,204,Prospecting - Interests,605.04,116925.0,4139
02/27/2025,204,Prospecting - Interests,836.03,127337.0,2797
02/28/2025,204,Prospecting - Interests,1060.41,161016.0,4067
03/01/2025,204,Prospecting - Interests,1143.95,167739.0,4421
03/02/2025,204,Prospecting - Interests,856.64,144319.0,3741
03/03/2025,204,Prospecting - Interests,1124.58,219451.0,3658
03/04/2025,204,Prospecting - Interests,1158.3,191681.0,6712
03/05/2025,204,Prospecting - Interests,1223.4,197258.0,3074
03/06/2025,204,Prospecting - Interests,877.97,126546.0,4941
03/07/2025,204,Prospecting - Interests,1092.48,160547.0,1925
03/08/2025,204,Prospecting - Interests,1230.91,154502.0,2221
03/09/2025,204,Prospecting - Interests,873.35,164615.0,3180
03/10/2025,204,Prospecting - Interests,700.26,94165.0,2947
03/11/2025,204,Prospecting - Interests,862.91,169130.0,2045
03/12/2025,204,Prospecting - Interests,1243.11,206681.0,8238
03/13/2025,204,Prospecting - Interests,896.88,153572.0,4808
03/14/2025,204,Prospecting - Interests,864.95,149613.0,5849
03/15/2025,204,Prospecting - Interests,852.35,107986.0,2750
03/16/2025,204,Prospecting - Interests,734.74,117513.0,2984
03/17/2025,204,Prospecting - Interests,1252.25,192173.0,2549
03/18/2025,204,Prospecting - Interests,1013.78,116731.0,3477
03/19/2025,204,Prospecting - Interests,829.51,85102.0,1259
03/20/2025,204,Prospecting - Interests,1097.37,135411.0,1406
03/21/2025,204,Prospecting - Interests,832.31,124289.0,4715
03/22/2025,204,Prospecting - Interests,953.4,167127.0,5624
03/23/2025,204,Prospecting - Interests,744.43,81152.0,1750
03/24/2025,204,Prospecting - Interests,1135.35,179099.0,5834
03/25/2025,204,Prospecting - Interests,1237.32,196140.0,6997
03/26/2025,204,Prospecting - Interests,1263.4,175965.0,4792
03/27/2025,204,Prospecting - Interests,973.35,118246.0,3185
03/28/2025,204,Prospecting - Interests,1205.6,204274.0,6370
03/29/2025,204,Prospecting - Interests,942.8,129882.0,4120
03/30/2025,204,Prospecting - Interests,822.43,124924.0,1611
03/31/2025,204,Prospecting - Interests,786.1,92490.0,2356
04/01/2025,204,Prospecting - Interests,1228.48,191078.0,7344
04/02/2025,204,Prospecting - Interests,903.1,109294.0,2903
04/03/2025,204,Prospecting - Interests,1117.59,189459.0,2757
04/04/2025,204,Prospecting - Interests,887.84,158270.0,5655
04/05/2025,204,Prospecting - Interests,1048.97,108278.0,1384
04/06/2025,204,Prospecting - Interests,1185.27,219858.0,8314
04/07/2025,204,Prospecting - Interests,907.01,160433.0,6125
04/08/2025,204,Prospecting - Interests,1174.57,152097.0,5324
04/09/2025,204,Prospecting - Interests,756.91,117018.0,4030
04/10/2025,204,Prospecting - Interests,1213.9,222423.0,3493
04/11/2025,204,Prospecting - Interests,1078.98,113736.0,2876
04/12/2025,204,Prospecting - Interests,1009.15,174060.0,5483
04/13/2025,204,Prospecting - Interests,836.99,128802.0,5101
04/14/2025,204,Prospecting - Interests,1273.77,219765.0,8756
04/15/2025,204,Prospecting - Interests,808.92,142651.0,2156
04/16/2025,204,Prospecting - Interests,760.75,83617.0,2539
04/17/2025,204,Prospecting - Interests,1042.71,134262.0,5033
04/18/2025,204,Prospecting - Interests,1149.82,144080.0,5545
04/19/2025,204,Prospecting - Interests,726.03,107141.0,3358
04/20/2025,204,Prospecting - Interests,954.38,102189.0,2778
04/21/2025,204,Prospecting - Interests,968.99,132120.0,3250
04/22/2025,204,Prospecting - Interests,1070.12,128237.0,1302
04/23/2025,204,Prospecting - Interests,824.63,92945.0,1804
04/24/2025,204,Prospecting - Interests,897.19,114771.0,3539
04/25/2025,204,Prospecting - Interests,1202.19,215556.0,4963
04/26/2025,204,Prospecting - Interests,1057.72,128950.0,3771
04/27/2025,204,Prospecting - Interests,851.49,91545.0,1543
04/28/2025,204,Prospecting - Interests,1242.26,187286.0,4563
04/29/2025,204,Prospecting - Interests,1006.21,192440.0,6390
04/30/2025,204,Prospecting - Interests,833.54,93461.0,2364
05/01/2025,204,Prospecting - Interests,1129.02,197856.0,6986
05/02/2025,204,Prospecting - Interests,1138.53,202280.0,2251
05/03/2025,204,Prospecting - Interests,1115.97,,4026
05/04/2025,204,Prospecting - Interests,1148.82,138219.0,1501
05/05/2025,204,Prospecting - Interests,784.31,151669.0,3617
05/06/2025,204,Prospecting - Interests,1262.26,248977.0,4416
05/07/2025,204,Prospecting - Interests,1182.25,176027.0,5095
05/08/2025,204,Prospecting - Interests,711.71,131209.0,4615
05/09/2025,204,Prospecting - Interests,692.54,86578.0,3298
05/10/2025,204,Prospecting - Interests,1065.11,203510.0,7612
05/11/2025,204,Prospecting - Interests,864.17,155124.0,3661
05/12/2025,204,Prospecting - Interests,1058.03,128335.0,1680
05/13/2025,204,Prospecting - Interests,922.11,168394.0,1718
05/14/2025,204,Prospecting - Interests,1120.18,177498.0,5790
05/15/2025,204,Prospecting - Interests,1187.04,237305.0,7667
05/16/2025,204,Prospecting - Interests,793.45,111053.0,1113
05/17/2025,204,Prospecting - Interests,950.33,127773.0,3056
05/18/2025,204,Prospecting - Interests,1084.42,151202.0,3472
05/19/2025,204,Prospecting - Interests,969.46,163389.0,6010
05/20/2025,204,Prospecting - Interests,785.64,111230.0,1599
05/21/2025,204,Prospecting - Interests,810.6,104237.0,1887
05/22/2025,204,Prospecting - Interests,924.62,152387.0,5398
05/23/2025,204,Prospecting - Interests,924.83,179908.0,6912
05/24/2025,204,Prospecting - Interests,763.77,106664.0,3464
05/25/2025,204,Prospecting - Interests,811.57,89457.0,1993
05/26/2025,204,Prospecting - Interests,920.81,95225.0,2823
05/27/2025,204,Prospecting - Interests,1141.56,187376.0,5086
05/28/2025,204,Prospecting - Interests,942.06,137323.0,3182
05/29/2025,204,Prospecting - Interests,1007.86,185381.0,5977
05/30/2025,204,Prospecting - Interests,1255.08,234597.0,8156
05/31/2025,204,Prospecting - Interests,918.22,178099.0,3528
06/01/2025,204,Prospecting - Interests,1262.04,213573.0,4904
06/02/2025,204,Prospecting - Interests,834.02,143008.0,3735
06/03/2025,204,Prospecting - Interests,898.47,,4608
06/04/2025,204,Prospecting - Interests,834.81,145452.0,2186
06/05/2025,204,Prospecting - Interests,1147.75,135469.0,3964
06/06/2025,204,Prospecting - Interests,1073.69,136374.0,2534
06/07/2025,204,Prospecting - Interests,922.39,149745.0,5841
06/08/2025,204,Prospecting - Interests,1059.73,153341.0,4438
06/09/2025,204,Prospecting - Interests,700.54,139318.0,3978
06/10/2025,204,Prospecting - Interests,1180.55,222554.0,4480
06/11/2025,204,Prospecting - Interests,1044.11,135075.0,2138
06/12/2025,204,Prospecting - Interests,1002.25,139050.0,5270
06/13/2025,204,Prospecting - Interests,1097.62,117038.0,1366
06/14/2025,204,Prospecting - Interests,1201.59,147205.0,2279
06/15/2025,204,Prospecting - Interests,978.17,164143.0,4090
06/16/2025,204,Prospecting - Interests,846.82,162569.0,4155
06/17/2025,204,Prospecting - Interests,1059.96,202676.0,5885
06/18/2025,204,Prospecting - Interests,743.77,,2636
06/19/2025,204,Prospecting - Interests,922.01,109802.0,3406
06/20/2025,204,Prospecting - Interests,1160.84,226418.0,2617
06/21/2025,204,Prospecting - Interests,702.94,90542.0,2294
06/22/2025,204,Prospecting - Interests,1120.89,220764.0,7659
06/23/2025,204,Prospecting - Interests,1221.8,152054.0,1559
06/24/2025,204,Prospecting - Interests,905.55,161038.0,6234
06/25/2025,204,Prospecting - Interests,1057.7,196191.0,6945
06/26/2025,204,Prospecting - Interests,864.2,127574.0,2058
06/27/2025,204,Prospecting - Interests,1010.27,142257.0,3881
06/28/2025,204,Prospecting - Interests,1120.56,160862.0,5956
06/29/2025,204,Prospecting - Interests,923.65,128680.0,1638
06/30/2025,204,Prospecting - Interests,946.25,169702.0,3327
07/01/2025,204,Prospecting - Interests,1202.02,219050.0,4324
07/02/2025,204,Prospecting - Interests,706.0,110569.0,1973
07/03/2025,204,Prospecting - Interests,813.2,111857.0,4090
07/04/2025,204,Prospecting - Interests,1270.79,253040.0,3284
07/05/2025,204,Prospecting - Interests,1189.47,174231.0,6434
07/06/2025,204,Prospecting - Interests,1178.08,159301.0,5085
07/07/2025,204,Prospecting - Interests,1218.79,229604.0,2390
07/08/2025,204,Prospecting - Interests,913.49,111631.0,1604
07/09/2025,204,Prospecting - Interests,1179.94,194204.0,2345
07/10/2025,204,Prospecting - Interests,1034.59,141974.0,4958
07/11/2025,204,Prospecting - Interests,822.27,133526.0,4583
07/12/2025,204,Prospecting - Interests,883.33,133191.0,4870
07/13/2025,204,Prospecting - Interests,820.21,142134.0,3670
07/14/2025,204,Prospecting - Interests,1088.69,171569.0,5854
07/15/2025,204,Prospecting - Interests,1188.78,226205.0,8350
07/16/2025,204,Prospecting - Interests,1189.31,236172.0,5588
07/17/2025,204,Prospecting - Interests,788.95,97505.0,1558
07/18/2025,204,Prospecting - Interests,760.07,93085.0,977
07/19/2025,204,Prospecting - Interests,821.61,126731.0,2385
07/20/2025,204,Prospecting - Interests,945.33,95622.0,3129
07/21/2025,204,Prospecting - Interests,1043.61,114832.0,2088
07/22/2025,204,Prospecting - Interests,877.27,123744.0,1304
07/23/2025,204,Prospecting - Interests,1065.91,171721.0,4354
07/24/2025,204,Prospecting - Interests,946.61,118735.0,2373
07/25/2025,204,Prospecting - Interests,1045.14,165510.0,2615
07/26/2025,204,Prospecting - Interests,793.9,141881.0,3234
07/27/2025,204,Prospecting - Interests,743.09,77205.0,1724
07/28/2025,204,Prospecting - Interests,1138.29,133084.0,2508
07/29/2025,204,Prospecting - Interests,901.79,114918.0,3619
07/30/2025,204,Prospecting - Interests,730.93,125809.0,4005
07/31/2025,204,Prospecting - Interests,1202.94,202494.0,7071
08/01/2025,204,Prospecting - Interests,995.95,,4178
08/02/2025,204,Prospecting - Interests,1019.08,124791.0,2729
08/03/2025,204,Prospecting - Interests,1265.23,247808.0,8596
08/04/2025,204,Prospecting - Interests,1057.0,173172.0,2208
08/05/2025,204,Prospecting - Interests,944.17,150766.0,2774
08/06/2025,204,Prospecting - Interests,1272.82,250905.0,4292
08/07/2025,204,Prospecting - Interests,1155.18,212035.0,6279
08/08/2025,204,Prospecting - Interests,1185.16,189772.0,3065
08/09/2025,204,Prospecting - Interests,726.79,102381.0,3190
08/10/2025,204,Prospecting - Interests,955.02,129710.0,3920
08/11/2025,204,Prospecting - Interests,1258.36,147098.0,3540
08/12/2025,204,Prospecting - Interests,1126.74,163705.0,1922
08/13/2025,204,Prospecting - Interests,836.59,135986.0,3564
08/14/2025,204,Prospecting - Interests,1158.11,123744.0,4718
08/15/2025,204,Prospecting - Interests,786.49,117008.0,1453
08/16/2025,204,Prospecting - Interests,1148.53,124680.0,2291
08/17/2025,204,Prospecting - Interests,1029.24,114279.0,4053
08/18/2025,204,Prospecting - Interests,1029.74,151072.0,3549
08/19/2025,204,Prospecting - Interests,791.2,79807.0,1168
08/20/2025,204,Prospecting - Interests,1103.16,155282.0,2056
08/21/2025,204,Prospecting - Interests,1134.7,206428.0,5647
08/22/2025,204,Prospecting - Interests,1096.86,142837.0,5243
08/23/2025,204,Prospecting - Interests,1091.35,175847.0,6580
08/24/2025,204,Prospecting - Interests,878.14,168029.0,6039
08/25/2025,204,Prospecting - Interests,945.65,127293.0,1387
08/26/2025,204,Prospecting - Interests,1017.16,168293.0,2026
08/27/2025,204,Prospecting - Interests,1170.39,126014.0,1447
08/28/2025,204,Prospecting - Interests,1062.74,162272.0,2837
08/29/2025,204,Prospecting - Interests,824.18,94163.0,1801
08/30/2025,204,Prospecting - Interests,1137.96,114813.0,1502
08/31/2025,204,Prospecting - Interests,759.48,120123.0,4243
09/01/2025,204,Prospecting - Interests,909.5,99784.0,1744
09/02/2025,204,Prospecting - Interests,1188.25,157222.0,4288
09/03/2025,204,Prospecting - Interests,754.11,87125.0,1295
09/04/2025,204,Prospecting - Interests,1165.1,173927.0,5323
09/05/2025,204,Prospecting - Interests,1198.09,216621.0,5350
09/06/2025,204,Prospecting - Interests,787.64,145293.0,3247
09/07/2025,204,Prospecting - Interests,896.68,123009.0,2832
09/08/2025,204,Prospecting - Interests,1065.65,177910.0,6660
09/09/2025,204,Prospecting - Interests,888.5,117112.0,2045
09/10/2025,204,Prospecting - Interests,781.27,119597.0,4752
09/11/2025,204,Prospecting - Interests,1053.56,157018.0,3843
09/12/2025,204,Prospecting - Interests,1048.19,184374.0,5816
09/13/2025,204,Prospecting - Interests,710.47,77936.0,2848
09/14/2025,204,Prospecting - Interests,1028.47,145666.0,3284
09/15/2025,204,Prospecting - Interests,1066.14,118181.0,4239
09/16/2025,204,Prospecting - Interests,1119.48,182800.0,4688
09/17/2025,204,Prospecting - Interests,742.76,,4299
09/18/2025,204,Prospecting - Interests,852.16,133302.0,4525
09/19/2025,204,Prospecting - Interests,1089.35,188402.0,3151
09/20/2025,204,Prospecting - Interests,1004.22,100464.0,3931
09/21/2025,204,Prospecting - Interests,692.43,94226.0,2933
09/22/2025,204,Prospecting - Interests,942.83,159912.0,1906
09/23/2025,204,Prospecting - Interests,922.12,108993.0,2614
09/24/2025,204,Prospecting - Interests,1268.05,176963.0,1942
09/25/2025,204,Prospecting - Interests,1084.36,161239.0,6443
09/26/2025,204,Prospecting - Interests,1042.62,204580.0,4103
09/27/2025,204,Prospecting - Interests,874.67,159872.0,2772
09/28/2025,204,Prospecting - Interests,1120.95,182044.0,5228
09/29/2025,204,Prospecting - Interests,1143.41,219030.0,5261
09/30/2025,204,Prospecting - Interests,812.18,103284.0,2309
10/01/2025,204,Prospecting - Interests,1100.73,149663.0,4859
10/02/2025,204,Prospecting - Interests,1266.59,224927.0,3037
10/03/2025,204,Prospecting - Interests,1241.89,155642.0,4264
10/04/2025,204,Prospecting - Interests,966.33,115977.0,1801
10/05/2025,204,Prospecting - Interests,997.15,148126.0,5816
10/06/2025,204,Prospecting - Interests,733.71,137907.0,2631
10/07/2025,204,Prospecting - Interests,1226.46,244813.0,9063
10/08/2025,204,Prospecting - Interests,728.04,82413.0,1762
10/09/2025,204,Prospecting - Interests,1005.91,179903.0,2442
10/10/2025,204,Prospecting - Interests,1050.97,115707.0,3188
10/11/2025,204,Prospecting - Interests,925.53,171221.0,2373
10/12/2025,204,Prospecting - Interests,833.86,159609.0,4110
10/13/2025,204,Prospecting - Interests,746.42,102471.0,2037
10/14/2025,204,Prospecting - Interests,702.67,133138.0,4731
10/15/2025,204,Prospecting - Interests,772.74,122501.0,4046
10/16/2025,204,Prospecting - Interests,1039.01,202800.0,4185
10/17/2025,204,Prospecting - Interests,870.92,157526.0,3973
10/18/2025,204,Prospecting - Interests,1114.13,147594.0,4138
10/19/2025,204,Prospecting - Interests,1100.72,134805.0,3378
10/20/2025,204,Prospecting - Interests,1181.39,219037.0,5069
10/21/2025,204,Prospecting - Interests,951.71,187362.0,6205
10/22/2025,204,Prospecting - Interests,912.17,133787.0,4343
10/23/2025,204,Prospecting - Interests,992.87,188458.0,2239
10/24/2025,204,Prospecting - Interests,947.7,172662.0,5713
10/25/2025,204,Prospecting - Interests,1061.21,188107.0,2321
10/26/2025,204,Prospecting - Interests,1022.37,156868.0,2213
10/27/2025,204,Prospecting - Interests,701.84,73321.0,1017
10/28/2025,204,Prospecting - Interests,1219.07,190761.0,4624
10/29/2025,204,Prospecting - Interests,1142.5,129939.0,4844
10/30/2025,204,Prospecting - Interests,925.51,170237.0,4738
10/31/2025,204,Prospecting - Interests,1149.81,175839.0,5558
11/01/2025,204,Prospecting - Interests,1704.36,197304.0,6995
11/02/2025,204,Prospecting - Interests,1600.33,186750.0,4746
11/03/2025,204,Prospecting - Interests,1525.04,162161.0,4514
11/04/2025,204,Prospecting - Interests,1356.53,138117.0,2651
11/05/2025,204,Prospecting - Interests,1187.83,134385.0,2935
11/06/2025,204,Prospecting - Interests,1482.56,275483.0,7560
11/07/2025,204,Prospecting - Interests,1061.55,136685.0,4741
11/08/2025,204,Prospecting - Interests,1419.16,213991.0,6040
11/09/2025,204,Prospecting - Interests,1154.16,,4430
11/10/2025,204,Prospecting - Interests,1899.86,208386.0,7643
11/11/2025,204,Prospecting - Interests,1471.82,243358.0,4405
11/12/2025,204,Prospecting - Interests,1224.15,206168.0,7278
11/13/2025,204,Prospecting - Interests,1431.46,248884.0,2912
11/14/2025,204,Prospecting - Interests,1862.72,240772.0,3829
11/15/2025,204,Prospecting - Interests,1360.81,195327.0,3130
11/16/2025,204,Prospecting - Interests,1233.79,235973.0,7639
11/17/2025,204,Prospecting - Interests,1423.28,212983.0,7950
11/18/2025,204,Prospecting - Interests,1293.07,215988.0,6899
11/19/2025,204,Prospecting - Interests,1849.4,225866.0,2909
11/20/2025,204,Prospecting - Interests,1881.41,249178.0,9745
11/21/2025,204,Prospecting - Interests,1238.67,141482.0,3963
11/22/2025,204,Prospecting - Interests,1454.99,272564.0,8979
11/23/2025,204,Prospecting - Interests,1459.16,242973.0,4442
11/24/2025,204,Prospecting - Interests,1303.04,189691.0,2609
11/25/2025,204,Prospecting - Interests,1672.99,274728.0,7636
11/26/2025,204,Prospecting - Interests,1534.84,240584.0,9340
11/27/2025,204,Prospecting - Interests,1758.33,177867.0,5969
11/28/2025,204,Prospecting - Interests,1469.32,154557.0,4737
11/29/2025,204,Prospecting - Interests,1663.44,237757.0,7657
11/30/2025,204,Prospecting - Interests,1688.04,238716.0,6613
12/01/2025,204,Prospecting - Interests,1321.13,213096.0,6179
12/02/2025,204,Prospecting - Interests,1160.22,140892.0,1521
12/03/2025,204,Prospecting - Interests,1048.18,137727.0,5028
12/04/2025,204,Prospecting - Interests,1173.31,156637.0,4503
12/05/2025,204,Prospecting - Interests,1870.17,279198.0,9122
12/06/2025,204,Prospecting - Interests,1763.2,260460.0,6081
12/07/2025,204,Prospecting - Interests,1760.26,234165.0,5736
12/08/2025,204,Prospecting - Interests,1613.82,179445.0,5391
12/09/2025,204,Prospecting - Interests,1042.68,162484.0,3251
12/10/2025,204,Prospecting - Interests,1219.41,168372.0,3868
12/11/2025,204,Prospecting - Interests,1294.64,247559.0,6230
12/12/2025,204,Prospecting - Interests,1676.56,228384.0,3374
12/13/2025,204,Prospecting - Interests,1481.7,223868.0,3850
12/14/2025,204,Prospecting - Interests,1527.92,275831.0,5101
12/15/2025,204,Prospecting - Interests,1473.65,229278.0,7998
12/16/2025,204,Prospecting - Interests,1571.26,157841.0,2538
12/17/2025,204,Prospecting - Interests,1720.32,282110.0,5935
12/18/2025,204,Prospecting - Interests,1246.4,235370.0,4793
12/19/2025,204,Prospecting - Interests,1451.73,235796.0,2378
12/20/2025,204,Prospecting - Interests,1792.68,252567.0,7154
12/21/2025,204,Prospecting - Interests,1236.65,245794.0,7391
12/22/2025,204,Prospecting - Interests,1899.1,226940.0,7502
12/23/2025,204,Prospecting - Interests,1293.46,225995.0,4980
12/24/2025,204,Prospecting - Interests,1642.89,206473.0,6841
12/25/2025,204,Prospecting - Interests,1117.91,173504.0,3295
12/26/2025,204,Prospecting - Interests,1745.72,305483.0,8073
12/27/2025,204,Prospecting - Interests,1090.03,170415.0,4166
12/28/2025,204,Prospecting - Interests,1300.17,131495.0,3717
12/29/2025,204,Prospecting - Interests,1079.05,109890.0,2286
12/30/2025,204,Prospecting - Interests,1726.07,221465.0,2506
12/31/2025,204,Prospecting - Interests,1887.28,260970.0,3073
01/01/2026,204,Prospecting - Interests,723.43,92195.0,3627
01/02/2026,204,Prospecting - Interests,975.23,159765.0,3426
01/03/2026,204,Prospecting - Interests,595.62,77318.0,2890
01/04/2026,204,Prospecting - Interests,1046.32,136400.0,5286
01/05/2026,204,Prospecting - Interests,843.5,135842.0,4987
01/06/2026,204,Prospecting - Interests,1026.64,192447.0,5943
01/07/2026,204,Prospecting - Interests,836.57,167022.0,3924
01/08/2026,204,Prospecting - Interests,712.46,109941.0,3083
01/09/2026,204,Prospecting - Interests,746.92,121687.0,1450
01/10/2026,204,Prospecting - Interests,823.48,116089.0,4525
01/11/2026,204,Prospecting - Interests,874.36,123961.0,4213
01/12/2026,204,Prospecting - Interests,684.46,85669.0,1840
01/13/2026,204,Prospecting - Interests,698.36,81529.0,1592
01/14/2026,204,Prospecting - Interests,981.41,139461.0,3171
01/15/2026,204,Prospecting - Interests,953.81,140035.0,2242
01/16/2026,204,Prospecting - Interests,906.92,141858.0,5297
01/17/2026,204,Prospecting - Interests,629.46,66948.0,2618
01/18/2026,204,Prospecting - Interests,824.81,98456.0,2189
01/19/2026,204,Prospecting - Interests,721.81,132405.0,3782
01/20/2026,204,Prospecting - Interests,922.68,95916.0,1107
01/21/2026,204,Prospecting - Interests,916.04,127599.0,2695
01/22/2026,204,Prospecting - Interests,918.37,122897.0,4727
01/23/2026,204,Prospecting - Interests,755.92,110610.0,3085
01/24/2026,204,Prospecting - Interests,1035.14,178669.0,7019
01/25/2026,204,Prospecting - Interests,856.69,136975.0,4275
01/26/2026,204,Prospecting - Interests,974.82,131937.0,4278
01/27/2026,204,Prospecting - Interests,721.55,78358.0,1569
01/28/2026,204,Prospecting - Interests,803.08,112797.0,2560
01/29/2026,204,Prospecting - Interests,594.41,61387.0,1939
01/30/2026,204,Prospecting - Interests,939.55,130363.0,3480
01/31/2026,204,Prospecting - Interests,628.07,99928.0,2676
02/01/2026,204,Prospecting - Interests,877.1,169269.0,4961
02/02/2026,204,Prospecting - Interests,923.41,169216.0,5767
02/03/2026,204,Prospecting - Interests,618.18,96438.0,1544
02/04/2026,204,Prospecting - Interests,715.45,134620.0,2083
02/05/2026,204,Prospecting - Interests,925.53,149772.0,3352
02/06/2026,204,Prospecting - Interests,859.32,141627.0,3792
02/07/2026,204,Prospecting - Interests,819.1,123188.0,2337
02/08/2026,204,Prospecting - Interests,626.98,91957.0,1529
02/09/2026,204,Prospecting - Interests,672.93,74676.0,1252
02/10/2026,204,Prospecting - Interests,893.33,148131.0,3310
02/11/2026,204,Prospecting - Interests,1007.15,131802.0,2635
02/12/2026,204,Prospecting - Interests,849.19,159260.0,2495
02/13/2026,204,Prospecting - Interests,699.55,103697.0,3580
02/14/2026,204,Prospecting - Interests,800.36,99892.0,2393
02/15/2026,204,Prospecting - Interests,640.53,68338.0,1254
02/16/2026,204,Prospecting - Interests,602.55,73141.0,2691
02/17/2026,204,Prospecting - Interests,934.41,124231.0,4748
02/18/2026,204,Prospecting - Interests,842.23,168294.0,5103
02/19/2026,204,Prospecting - Interests,830.46,115017.0,2251
02/20/2026,204,Prospecting - Interests,726.48,,1618
02/21/2026,204,Prospecting - Interests,1077.31,207026.0,6757
02/22/2026,204,Prospecting - Interests,720.04,85937.0,2913
02/23/2026,204,Prospecting - Interests,785.47,95973.0,1111
02/24/2026,204,Prospecting - Interests,864.35,143902.0,1610
02/25/2026,204,Prospecting - Interests,888.4,112893.0,2276
02/26/2026,204,Prospecting - Interests,845.01,109517.0,2325
02/27/2026,204,Prospecting - Interests,636.41,121476.0,2427
02/28/2026,204,Prospecting - Interests,711.1,120280.0,3428
03/01/2026,204,Prospecting - Interests,898.66,161305.0,3700
03/02/2026,204,Prospecting - Interests,844.18,149418.0,1971
03/03/2026,204,Prospecting - Interests,854.8,86221.0,1009
03/04/2026,204,Prospecting - Interests,1276.22,140862.0,4510
03/05/2026,204,Prospecting - Interests,888.59,97952.0,1206
03/06/2026,204,Prospecting - Interests,911.79,92045.0,1694
03/07/2026,204,Prospecting - Interests,846.47,126592.0,3470
03/08/2026,204,Prospecting - Interests,986.92,121802.0,1471
03/09/2026,204,Prospecting - Interests,895.75,162441.0,5429
03/10/2026,204,Prospecting - Interests,1124.09,203939.0,6426
03/11/2026,204,Prospecting - Interests,1052.67,139843.0,4752
03/12/2026,204,Prospecting - Interests,1037.21,188489.0,6836
03/13/2026,204,Prospecting - Interests,1112.57,203376.0,6446
03/14/2026,204,Prospecting - Interests,928.33,170094.0,1813
03/15/2026,204,Prospecting - Interests,1073.64,141746.0,2029
03/16/2026,204,Prospecting - Interests,754.76,117911.0,2780
03/17/2026,204,Prospecting - Interests,774.22,130131.0,5022
03/18/2026,204,Prospecting - Interests,709.35,141819.0,1485
03/19/2026,204,Prospecting - Interests,1040.25,175293.0,6225
03/20/2026,204,Prospecting - Interests,941.35,148576.0,2168
03/21/2026,204,Prospecting - Interests,1193.02,216654.0,7938
03/22/2026,204,Prospecting - Interests,1072.03,148436.0,4359
03/23/2026,204,Prospecting - Interests,1255.14,204420.0,4882
03/24/2026,204,Prospecting - Interests,1251.27,204355.0,6827
03/25/2026,204,Prospecting - Interests,841.8,130120.0,4346
03/26/2026,204,Prospecting - Interests,1009.51,161789.0,3035
03/27/2026,204,Prospecting - Interests,913.87,122034.0,1355
03/28/2026,204,Prospecting - Interests,1130.44,218870.0,7174
03/29/2026,204,Prospecting - Interests,748.64,137217.0,3452
03/30/2026,204,Prospecting - Interests,854.72,115996.0,3409
03/31/2026,204,Prospecting - Interests,829.75,116303.0,3604
04/01/2026,204,Prospecting - Interests,1230.29,223974.0,6975
04/02/2026,204,Prospecting - Interests,1122.25,148643.0,4461
04/03/2026,204,Prospecting - Interests,1249.26,184625.0,3396
04/04/2026,204,Prospecting - Interests,857.39,163358.0,3071
04/05/2026,204,Prospecting - Interests,1049.57,171547.0,5668
04/06/2026,204,Prospecting - Interests,947.96,175176.0,4879
04/07/2026,204,Prospecting - Interests,1261.48,180410.0,3095
04/08/2026,204,Prospecting - Interests,807.87,112640.0,3553
04/09/2026,204,Prospecting - Interests,1148.07,155387.0,3659
04/10/2026,204,Prospecting - Interests,940.23,161251.0,6402
04/11/2026,204,Prospecting - Interests,1165.74,135632.0,2771
04/12/2026,204,Prospecting - Interests,1096.56,171807.0,2481
04/13/2026,204,Prospecting - Interests,910.91,138869.0,2246
04/14/2026,204,Prospecting - Interests,723.5,90113.0,2708
04/15/2026,204,Prospecting - Interests,1072.79,124431.0,3599
04/16/2026,204,Prospecting - Interests,697.91,119397.0,4748
04/17/2026,204,Prospecting - Interests,822.56,160506.0,3185
04/18/2026,204,Prospecting - Interests,775.21,128885.0,1971
04/19/2026,204,Prospecting - Interests,957.9,191147.0,5495
04/20/2026,204,Prospecting - Interests,985.19,189474.0,6892
04/21/2026,204,Prospecting - Interests,799.46,158216.0,3822
04/22/2026,204,Prospecting - Interests,1117.58,141708.0,3859
04/23/2026,204,Prospecting - Interests,828.59,140967.0,5422
04/24/2026,204,Prospecting - Interests,879.14,139826.0,3944
04/25/2026,204,Prospecting - Interests,799.95,83203.0,1855
04/26/2026,204,Prospecting - Interests,853.25,116913.0,1210
04/27/2026,204,Prospecting - Interests,1097.38,149574.0,3879
04/28/2026,204,Prospecting - Interests,813.15,132988.0,3784
04/29/2026,204,Prospecting - Interests,889.92,173350.0,6659
04/30/2026,204,Prospecting - Interests,815.94,137056.0,1541
05/01/2026,204,Prospecting - Interests,834.95,142744.0,2230
05/02/2026,204,Prospecting - Interests,964.58,172627.0,3878
05/03/2026,204,Prospecting - Interests,1263.36,147893.0,5594
05/04/2026,204,Prospecting - Interests,905.73,169927.0,6574
05/05/2026,204,Prospecting - Interests,866.55,125853.0,4461
05/06/2026,204,Prospecting - Interests,940.33,169342.0,3965
05/07/2026,204,Prospecting - Interests,945.37,130747.0,3723
05/08/2026,204,Prospecting - Interests,874.08,112581.0,2865
05/09/2026,204,Prospecting - Interests,1197.36,158142.0,5804
05/10/2026,204,Prospecting - Interests,1223.23,126485.0,1510
05/11/2026,204,Prospecting - Interests,953.11,184841.0,5470
05/12/2026,204,Prospecting - Interests,931.35,103868.0,2445
05/13/2026,204,Prospecting - Interests,1060.4,182908.0,3191
05/14/2026,204,Prospecting - Interests,1103.81,178299.0,6980
05/15/2026,204,Prospecting - Interests,985.54,171185.0,2796
05/16/2026,204,Prospecting - Interests,903.08,166185.0,3268
05/17/2026,204,Prospecting - Interests,1130.74,190828.0,4028
05/18/2026,204,Prospecting - Interests,918.91,97366.0,3775
05/19/2026,204,Prospecting - Interests,1151.57,221720.0,4054
05/20/2026,204,Prospecting - Interests,1141.02,210518.0,7258
05/21/2026,204,Prospecting - Interests,1161.09,166548.0,3419
05/22/2026,204,Prospecting - Interests,1083.42,148013.0,4749
05/23/2026,204,Prospecting - Interests,1054.05,143358.0,1900
05/24/2026,204,Prospecting - Interests,877.91,113771.0,4140
05/25/2026,204,Prospecting - Interests,1268.49,172384.0,1915
05/26/2026,204,Prospecting - Interests,808.55,148232.0,4741
05/27/2026,204,Prospecting - Interests,899.54,109726.0,1167
05/28/2026,204,Prospecting - Interests,1194.69,156240.0,5732
05/29/2026,204,Prospecting - Interests,1014.96,197156.0,5975
05/30/2026,204,Prospecting - Interests,938.21,186146.0,6364
05/31/2026,204,Prospecting - Interests,923.36,140551.0,3416
06/01/2026,204,Prospecting - Interests,832.72,127923.0,4665
06/02/2026,204,Prospecting - Interests,1145.33,178003.0,2471
06/03/2026,204,Prospecting - Interests,1087.55,174953.0,4062
06/04/2026,204,Prospecting - Interests,1091.99,153833.0,2486
06/05/2026,204,Prospecting - Interests,941.36,187659.0,4907
06/06/2026,204,Prospecting - Interests,795.18,87801.0,1236
06/07/2026,204,Prospecting - Interests,784.65,120700.0,3508
06/08/2026,204,Prospecting - Interests,787.19,84734.0,2267
06/09/2026,204,Prospecting - Interests,985.8,107236.0,3650
06/10/2026,204,Prospecting - Interests,843.0,149117.0,2770
06/11/2026,204,Prospecting - Interests,726.57,80897.0,2982
06/12/2026,204,Prospecting - Interests,1183.67,137334.0,1765
06/13/2026,204,Prospecting - Interests,970.01,153566.0,5783
06/14/2026,204,Prospecting - Interests,1170.4,134535.0,1544
06/15/2026,204,Prospecting - Interests,905.15,159044.0,6182
06/16/2026,204,Prospecting - Interests,769.53,121273.0,2259
06/17/2026,204,Prospecting - Interests,1160.81,,3949
06/18/2026,204,Prospecting - Interests,967.97,175826.0,1933
06/19/2026,204,Prospecting - Interests,809.87,124750.0,4931
06/20/2026,204,Prospecting - Interests,1252.08,198752.0,5267
06/21/2026,204,Prospecting - Interests,1130.0,141625.0,2880
06/22/2026,204,Prospecting - Interests,726.38,74076.0,2141
06/23/2026,204,Prospecting - Interests,988.04,184975.0,5387
06/24/2026,204,Prospecting - Interests,1261.78,173310.0,3115
06/25/2026,204,Prospecting - Interests,1276.35,190788.0,3305
06/26/2026,204,Prospecting - Interests,1064.6,194440.0,5766
06/27/2026,204,Prospecting - Interests,811.92,149017.0,5015
06/28/2026,204,Prospecting - Interests,916.4,112104.0,1719
06/29/2026,204,Prospecting - Interests,1129.19,128923.0,1459
06/30/2026,204,Prospecting - Interests,879.06,91010.0,3518
07/01/2026,204,Prospecting - Interests,1240.59,183372.0,4346
07/02/2026,204,Prospecting - Interests,748.56,124289.0,2347
07/03/2026,204,Prospecting - Interests,1023.08,158424.0,4645
07/04/2026,204,Prospecting - Interests,787.49,135927.0,2179
07/05/2026,204,Prospecting - Interests,947.93,168422.0,4849
07/06/2026,204,Prospecting - Interests,1055.4,155345.0,4419
07/07/2026,204,Prospecting - Interests,716.15,,4097
07/08/2026,204,Prospecting - Interests,866.89,92357.0,2787
07/09/2026,204,Prospecting - Interests,1179.01,233251.0,5631
07/10/2026,204,Prospecting - Interests,731.69,116824.0,3939
07/11/2026,204,Prospecting - Interests,1088.92,173999.0,3999
07/12/2026,204,Prospecting - Interests,799.89,104043.0,2330
07/13/2026,204,Prospecting - Interests,1112.58,140021.0,3219
07/14/2026,204,Prospecting - Interests,714.23,,3948
07/15/2026,204,Prospecting - Interests,804.77,82503.0,1034
07/16/2026,204,Prospecting - Interests,1071.86,107397.0,1487
07/17/2026,204,Prospecting - Interests,898.61,125549.0,2469
07/18/2026,204,Prospecting - Interests,778.78,146863.0,2086
07/19/2026,204,Prospecting - Interests,1208.06,204843.0,4294
07/20/2024,205,Retargeting - Viewed Product,645.82,109625.0,2670
07/21/2024,205,Retargeting - Viewed Product,740.93,105476.0,3229
07/22/2024,205,Retargeting - Viewed Product,667.06,126070.0,1381
07/23/2024,205,Retargeting - Viewed Product,865.17,104774.0,2744
07/24/2024,205,Retargeting - Viewed Product,886.78,156534.0,2272
07/25/2024,205,Retargeting - Viewed Product,1034.02,198196.0,5346
07/26/2024,205,Retargeting - Viewed Product,716.28,78987.0,1334
07/27/2024,205,Retargeting - Viewed Product,636.2,117046.0,1362
07/28/2024,205,Retargeting - Viewed Product,1063.85,191755.0,4522
07/29/2024,205,Retargeting - Viewed Product,604.36,84184.0,1948
07/30/2024,205,Retargeting - Viewed Product,1031.6,170475.0,5469
07/31/2024,205,Retargeting - Viewed Product,1060.54,158142.0,1842
08/01/2024,205,Retargeting - Viewed Product,902.14,167697.0,2696
08/02/2024,205,Retargeting - Viewed Product,862.56,149209.0,2697
08/03/2024,205,Retargeting - Viewed Product,1101.83,163903.0,1813
08/04/2024,205,Retargeting - Viewed Product,728.99,101874.0,3354
08/05/2024,205,Retargeting - Viewed Product,959.99,121296.0,1723
08/06/2024,205,Retargeting - Viewed Product,723.59,133173.0,5233
08/07/2024,205,Retargeting - Viewed Product,955.12,115676.0,3499
08/08/2024,205,Retargeting - Viewed Product,703.26,121847.0,3632
08/09/2024,205,Retargeting - Viewed Product,1070.51,112604.0,3561
08/10/2024,205,Retargeting - Viewed Product,1063.39,141562.0,1443
08/11/2024,205,Retargeting - Viewed Product,700.5,126873.0,2698
08/12/2024,205,Retargeting - Viewed Product,826.04,97448.0,3880
08/13/2024,205,Retargeting - Viewed Product,663.48,74980.0,1127
08/14/2024,205,Retargeting - Viewed Product,886.5,153815.0,4382
08/15/2024,205,Retargeting - Viewed Product,1027.17,117839.0,1606
08/16/2024,205,Retargeting - Viewed Product,762.71,127522.0,3836
08/17/2024,205,Retargeting - Viewed Product,737.72,92215.0,1477
08/18/2024,205,Retargeting - Viewed Product,803.51,84195.0,2945
08/19/2024,205,Retargeting - Viewed Product,619.04,81743.0,2222
08/20/2024,205,Retargeting - Viewed Product,969.58,125610.0,2589
08/21/2024,205,Retargeting - Viewed Product,739.26,100078.0,2548
08/22/2024,205,Retargeting - Viewed Product,728.96,113465.0,2933
08/23/2024,205,Retargeting - Viewed Product,944.3,174648.0,2427
08/24/2024,205,Retargeting - Viewed Product,664.4,91645.0,1959
08/25/2024,205,Retargeting - Viewed Product,648.23,90766.0,1040
08/26/2024,205,Retargeting - Viewed Product,611.76,69311.0,2612
08/27/2024,205,Retargeting - Viewed Product,752.25,121892.0,4085
08/28/2024,205,Retargeting - Viewed Product,725.72,98491.0,2236
08/29/2024,205,Retargeting - Viewed Product,1022.12,118815.0,2323
08/30/2024,205,Retargeting - Viewed Product,987.47,121148.0,1592
08/31/2024,205,Retargeting - Viewed Product,911.0,109471.0,3396
09/01/2024,205,Retargeting - Viewed Product,813.44,131134.0,1581
09/02/2024,205,Retargeting - Viewed Product,608.71,99339.0,2617
09/03/2024,205,Retargeting - Viewed Product,668.6,95271.0,1277
09/04/2024,205,Retargeting - Viewed Product,1024.12,161278.0,5366
09/05/2024,205,Retargeting - Viewed Product,785.2,136327.0,4647
09/06/2024,205,Retargeting - Viewed Product,634.01,94956.0,3688
09/07/2024,205,Retargeting - Viewed Product,903.65,135864.0,2845
09/08/2024,205,Retargeting - Viewed Product,745.83,86849.0,3267
09/09/2024,205,Retargeting - Viewed Product,963.13,191901.0,6678
09/10/2024,205,Retargeting - Viewed Product,766.95,95399.0,2776
09/11/2024,205,Retargeting - Viewed Product,911.26,168862.0,3570
09/12/2024,205,Retargeting - Viewed Product,689.83,97552.0,3209
09/13/2024,205,Retargeting - Viewed Product,657.45,110506.0,2671
09/14/2024,205,Retargeting - Viewed Product,815.42,128563.0,2687
09/15/2024,205,Retargeting - Viewed Product,734.14,101265.0,3501
09/16/2024,205,Retargeting - Viewed Product,772.23,99930.0,3649
09/17/2024,205,Retargeting - Viewed Product,1117.95,182268.0,2902
09/18/2024,205,Retargeting - Viewed Product,867.64,164883.0,6565
09/19/2024,205,Retargeting - Viewed Product,846.04,107166.0,3732
09/20/2024,205,Retargeting - Viewed Product,618.7,108882.0,3349
09/21/2024,205,Retargeting - Viewed Product,1097.96,114132.0,3918
09/22/2024,205,Retargeting - Viewed Product,723.94,128223.0,1647
09/23/2024,205,Retargeting - Viewed Product,708.81,87474.0,1875
09/24/2024,205,Retargeting - Viewed Product,857.56,125233.0,2493
09/25/2024,205,Retargeting - Viewed Product,648.57,85070.0,2563
09/26/2024,205,Retargeting - Viewed Product,750.8,109967.0,1338
09/27/2024,205,Retargeting - Viewed Product,1015.08,147608.0,3596
09/28/2024,205,Retargeting - Viewed Product,1052.6,208057.0,4647
09/29/2024,205,Retargeting - Viewed Product,672.44,129186.0,4937
09/30/2024,205,Retargeting - Viewed Product,938.19,160620.0,1634
10/01/2024,205,Retargeting - Viewed Product,1056.92,147912.0,5469
10/02/2024,205,Retargeting - Viewed Product,656.01,104218.0,1746
10/03/2024,205,Retargeting - Viewed Product,900.32,90672.0,3086
10/04/2024,205,Retargeting - Viewed Product,855.09,90781.0,2672
10/05/2024,205,Retargeting - Viewed Product,649.93,114595.0,1943
10/06/2024,205,Retargeting - Viewed Product,738.87,100374.0,3049
10/07/2024,205,Retargeting - Viewed Product,1101.73,133270.0,4198
10/08/2024,205,Retargeting - Viewed Product,904.91,153492.0,3846
10/09/2024,205,Retargeting - Viewed Product,1058.84,120242.0,4386
10/10/2024,205,Retargeting - Viewed Product,870.04,132453.0,1525
10/11/2024,205,Retargeting - Viewed Product,867.51,90431.0,3355
10/12/2024,205,Retargeting - Viewed Product,744.61,116601.0,3640
10/13/2024,205,Retargeting - Viewed Product,724.08,114340.0,4514
10/14/2024,205,Retargeting - Viewed Product,694.74,123156.0,3019
10/15/2024,205,Retargeting - Viewed Product,1003.19,150039.0,5628
10/16/2024,205,Retargeting - Viewed Product,672.75,74924.0,1202
10/17/2024,205,Retargeting - Viewed Product,798.66,144414.0,2404
10/18/2024,205,Retargeting - Viewed Product,990.17,179456.0,4900
10/19/2024,205,Retargeting - Viewed Product,1038.99,194613.0,6599
10/20/2024,205,Retargeting - Viewed Product,702.93,74616.0,2374
10/21/2024,205,Retargeting - Viewed Product,934.11,169028.0,4317
10/22/2024,205,Retargeting - Viewed Product,699.4,,2267
10/23/2024,205,Retargeting - Viewed Product,978.9,113215.0,3536
10/24/2024,205,Retargeting - Viewed Product,824.38,143504.0,4156
10/25/2024,205,Retargeting - Viewed Product,731.61,92474.0,2511
10/26/2024,205,Retargeting - Viewed Product,1020.88,155184.0,3424
10/27/2024,205,Retargeting - Viewed Product,611.86,116996.0,2260
10/28/2024,205,Retargeting - Viewed Product,997.55,190913.0,6473
10/29/2024,205,Retargeting - Viewed Product,985.42,147423.0,4047
10/30/2024,205,Retargeting - Viewed Product,970.86,127869.0,1409
10/31/2024,205,Retargeting - Viewed Product,886.16,99168.0,1663
11/01/2024,205,Retargeting - Viewed Product,1113.82,156180.0,2133
11/02/2024,205,Retargeting - Viewed Product,1256.29,209829.0,7410
11/03/2024,205,Retargeting - Viewed Product,1041.26,178060.0,5802
11/04/2024,205,Retargeting - Viewed Product,1440.56,161157.0,5547
11/05/2024,205,Retargeting - Viewed Product,1415.01,151959.0,2118
11/06/2024,205,Retargeting - Viewed Product,1658.16,166774.0,6165
11/07/2024,205,Retargeting - Viewed Product,1478.23,268869.0,8932
11/08/2024,205,Retargeting - Viewed Product,1044.85,134988.0,4232
11/09/2024,205,Retargeting - Viewed Product,1376.03,142897.0,5616
11/10/2024,205,Retargeting - Viewed Product,1473.59,239209.0,9058
11/11/2024,205,Retargeting - Viewed Product,930.6,184098.0,5354
11/12/2024,205,Retargeting - Viewed Product,1571.98,182074.0,4955
11/13/2024,205,Retargeting - Viewed Product,1379.51,250488.0,9874
11/14/2024,205,Retargeting - Viewed Product,1501.88,163956.0,3071
11/15/2024,205,Retargeting - Viewed Product,1650.08,307187.0,8695
11/16/2024,205,Retargeting - Viewed Product,1406.59,237501.0,8960
11/17/2024,205,Retargeting - Viewed Product,940.99,101004.0,4000
11/18/2024,205,Retargeting - Viewed Product,1615.72,272265.0,5305
11/19/2024,205,Retargeting - Viewed Product,1017.64,187609.0,4032
11/20/2024,205,Retargeting - Viewed Product,1357.0,214598.0,2332
11/21/2024,205,Retargeting - Viewed Product,1011.93,147055.0,5327
11/22/2024,205,Retargeting - Viewed Product,1583.33,215262.0,7389
11/23/2024,205,Retargeting - Viewed Product,1533.86,274282.0,10344
11/24/2024,205,Retargeting - Viewed Product,1607.3,277138.0,7679
11/25/2024,205,Retargeting - Viewed Product,1556.98,212907.0,5989
11/26/2024,205,Retargeting - Viewed Product,931.31,185052.0,6151
11/27/2024,205,Retargeting - Viewed Product,1050.15,164546.0,1659
11/28/2024,205,Retargeting - Viewed Product,1558.9,160810.0,2025
11/29/2024,205,Retargeting - Viewed Product,1492.76,155413.0,4282
11/30/2024,205,Retargeting - Viewed Product,1381.04,228696.0,4054
12/01/2024,205,Retargeting - Viewed Product,1584.38,255603.0,9842
12/02/2024,205,Retargeting - Viewed Product,1497.45,201797.0,5376
12/03/2024,205,Retargeting - Viewed Product,957.99,152112.0,5733
12/04/2024,205,Retargeting - Viewed Product,1508.03,198349.0,6492
12/05/2024,205,Retargeting - Viewed Product,985.56,107379.0,2055
12/06/2024,205,Retargeting - Viewed Product,1438.93,284883.0,6358
12/07/2024,205,Retargeting - Viewed Product,1102.07,154663.0,4962
12/08/2024,205,Retargeting - Viewed Product,1362.54,220380.0,2910
12/09/2024,205,Retargeting - Viewed Product,1208.09,216934.0,6208
12/10/2024,205,Retargeting - Viewed Product,997.33,170406.0,6195
12/11/2024,205,Retargeting - Viewed Product,942.46,98774.0,2996
12/12/2024,205,Retargeting - Viewed Product,1560.82,274916.0,3747
12/13/2024,205,Retargeting - Viewed Product,1311.69,142926.0,2724
12/14/2024,205,Retargeting - Viewed Product,1217.18,137179.0,3973
12/15/2024,205,Retargeting - Viewed Product,1465.48,,5959
12/16/2024,205,Retargeting - Viewed Product,1623.72,290283.0,10445
12/17/2024,205,Retargeting - Viewed Product,1020.59,164415.0,4649
12/18/2024,205,Retargeting - Viewed Product,967.16,181098.0,5579
12/19/2024,205,Retargeting - Viewed Product,937.92,128191.0,3103
12/20/2024,205,Retargeting - Viewed Product,1317.16,191683.0,5359
12/21/2024,205,Retargeting - Viewed Product,1180.38,138826.0,2488
12/22/2024,205,Retargeting - Viewed Product,1349.14,261477.0,9825
12/23/2024,205,Retargeting - Viewed Product,1533.73,194191.0,5688
12/24/2024,205,Retargeting - Viewed Product,936.42,162311.0,5665
12/25/2024,205,Retargeting - Viewed Product,1430.29,149745.0,4475
12/26/2024,205,Retargeting - Viewed Product,1008.47,171272.0,5215
12/27/2024,205,Retargeting - Viewed Product,1497.21,155918.0,4276
12/28/2024,205,Retargeting - Viewed Product,1536.76,260895.0,4781
12/29/2024,205,Retargeting - Viewed Product,1533.36,183883.0,4089
12/30/2024,205,Retargeting - Viewed Product,1487.8,268975.0,6159
12/31/2024,205,Retargeting - Viewed Product,1413.15,157148.0,2351
01/01/2025,205,Retargeting - Viewed Product,634.73,98701.0,3219
01/02/2025,205,Retargeting - Viewed Product,877.3,97318.0,1158
01/03/2025,205,Retargeting - Viewed Product,907.53,159297.0,2648
01/04/2025,205,Retargeting - Viewed Product,861.32,89097.0,1672
01/05/2025,205,Retargeting - Viewed Product,593.04,68376.0,1708
01/06/2025,205,Retargeting - Viewed Product,595.03,59960.0,1372
01/07/2025,205,Retargeting - Viewed Product,518.71,52691.0,807
01/08/2025,205,Retargeting - Viewed Product,946.43,125526.0,2444
01/09/2025,205,Retargeting - Viewed Product,771.3,100686.0,1020
01/10/2025,205,Retargeting - Viewed Product,919.74,121299.0,1723
01/11/2025,205,Retargeting - Viewed Product,780.23,92844.0,3456
01/12/2025,205,Retargeting - Viewed Product,655.12,100811.0,3211
01/13/2025,205,Retargeting - Viewed Product,925.32,156100.0,5968
01/14/2025,205,Retargeting - Viewed Product,795.76,133355.0,3322
01/15/2025,205,Retargeting - Viewed Product,760.78,94206.0,2757
01/16/2025,205,Retargeting - Viewed Product,831.09,159829.0,5830
01/17/2025,205,Retargeting - Viewed Product,631.59,95479.0,2181
01/18/2025,205,Retargeting - Viewed Product,706.9,129232.0,2165
01/19/2025,205,Retargeting - Viewed Product,851.79,108925.0,2672
01/20/2025,205,Retargeting - Viewed Product,865.34,95214.0,3603
01/21/2025,205,Retargeting - Viewed Product,561.72,95295.0,2276
01/22/2025,205,Retargeting - Viewed Product,791.32,86110.0,1685
01/23/2025,205,Retargeting - Viewed Product,906.99,95836.0,2666
01/24/2025,205,Retargeting - Viewed Product,873.56,131070.0,4445
01/25/2025,205,Retargeting - Viewed Product,614.35,69114.0,1782
01/26/2025,205,Retargeting - Viewed Product,828.6,119867.0,3442
01/27/2025,205,Retargeting - Viewed Product,587.65,111805.0,2350
01/28/2025,205,Retargeting - Viewed Product,608.99,88579.0,1099
01/29/2025,205,Retargeting - Viewed Product,741.4,74284.0,2126
01/30/2025,205,Retargeting - Viewed Product,624.64,82262.0,2839
01/31/2025,205,Retargeting - Viewed Product,776.07,98410.0,2644
02/01/2025,205,Retargeting - Viewed Product,830.73,98374.0,1287
02/02/2025,205,Retargeting - Viewed Product,936.14,113407.0,1760
02/03/2025,205,Retargeting - Viewed Product,797.32,124972.0,4552
02/04/2025,205,Retargeting - Viewed Product,723.75,128880.0,4461
02/05/2025,205,Retargeting - Viewed Product,726.17,96450.0,2396
02/06/2025,205,Retargeting - Viewed Product,546.73,54920.0,2122
02/07/2025,205,Retargeting - Viewed Product,853.74,146273.0,4278
02/08/2025,205,Retargeting - Viewed Product,927.3,146580.0,4802
02/09/2025,205,Retargeting - Viewed Product,566.46,97291.0,1016
02/10/2025,205,Retargeting - Viewed Product,699.09,109854.0,1156
02/11/2025,205,Retargeting - Viewed Product,705.19,136948.0,5241
02/12/2025,205,Retargeting - Viewed Product,814.97,109636.0,1188
02/13/2025,205,Retargeting - Viewed Product,855.92,165296.0,3439
02/14/2025,205,Retargeting - Viewed Product,741.6,124227.0,2334
02/15/2025,205,Retargeting - Viewed Product,889.31,100032.0,2135
02/16/2025,205,Retargeting - Viewed Product,703.03,134714.0,4734
02/17/2025,205,Retargeting - Viewed Product,786.77,144919.0,5418
02/18/2025,205,Retargeting - Viewed Product,773.48,139935.0,2550
02/19/2025,205,Retargeting - Viewed Product,713.71,88011.0,962
02/20/2025,205,Retargeting - Viewed Product,687.3,107231.0,1966
02/21/2025,205,Retargeting - Viewed Product,695.35,84921.0,919
02/22/2025,205,Retargeting - Viewed Product,720.05,101982.0,1649
02/23/2025,205,Retargeting - Viewed Product,705.12,140886.0,1797
02/24/2025,205,Retargeting - Viewed Product,794.18,124639.0,1760
02/25/2025,205,Retargeting - Viewed Product,887.67,128424.0,4444
02/26/2025,205,Retargeting - Viewed Product,835.09,133824.0,2105
02/27/2025,205,Retargeting - Viewed Product,845.1,135617.0,4961
02/28/2025,205,Retargeting - Viewed Product,580.92,95586.0,1465
03/01/2025,205,Retargeting - Viewed Product,703.81,83077.0,1019
03/02/2025,205,Retargeting - Viewed Product,942.17,110600.0,1675
03/03/2025,205,Retargeting - Viewed Product,917.58,150750.0,4767
03/04/2025,205,Retargeting - Viewed Product,812.58,130088.0,1788
03/05/2025,205,Retargeting - Viewed Product,1036.88,110678.0,1311
03/06/2025,205,Retargeting - Viewed Product,835.86,111000.0,4345
03/07/2025,205,Retargeting - Viewed Product,729.15,136059.0,4779
03/08/2025,205,Retargeting - Viewed Product,1047.83,205037.0,7127
03/09/2025,205,Retargeting - Viewed Product,847.03,147129.0,5408
03/10/2025,205,Retargeting - Viewed Product,610.23,112829.0,1442
03/11/2025,205,Retargeting - Viewed Product,808.17,132954.0,2056
03/12/2025,205,Retargeting - Viewed Product,999.64,106477.0,3106
03/13/2025,205,Retargeting - Viewed Product,672.55,86950.0,912
03/14/2025,205,Retargeting - Viewed Product,819.18,105996.0,3081
03/15/2025,205,Retargeting - Viewed Product,875.31,154480.0,5835
03/16/2025,205,Retargeting - Viewed Product,1070.07,186930.0,3595
03/17/2025,205,Retargeting - Viewed Product,785.84,146126.0,5244
03/18/2025,205,Retargeting - Viewed Product,687.73,128201.0,3056
03/19/2025,205,Retargeting - Viewed Product,879.19,134801.0,3263
03/20/2025,205,Retargeting - Viewed Product,980.48,116319.0,2612
03/21/2025,205,Retargeting - Viewed Product,907.53,115534.0,3989
03/22/2025,205,Retargeting - Viewed Product,1046.26,,2525
03/23/2025,205,Retargeting - Viewed Product,965.62,126381.0,2050
03/24/2025,205,Retargeting - Viewed Product,875.32,162953.0,6084
03/25/2025,205,Retargeting - Viewed Product,925.56,105022.0,1595
03/26/2025,205,Retargeting - Viewed Product,642.74,95530.0,1108
03/27/2025,205,Retargeting - Viewed Product,607.64,118047.0,2208
03/28/2025,205,Retargeting - Viewed Product,1099.83,188068.0,6078
03/29/2025,205,Retargeting - Viewed Product,711.76,119941.0,1201
03/30/2025,205,Retargeting - Viewed Product,618.54,116064.0,3715
03/31/2025,205,Retargeting - Viewed Product,618.57,95536.0,2897
04/01/2025,205,Retargeting - Viewed Product,739.38,90165.0,932
04/02/2025,205,Retargeting - Viewed Product,1021.1,168344.0,2452
04/03/2025,205,Retargeting - Viewed Product,737.85,144398.0,4419
04/04/2025,205,Retargeting - Viewed Product,850.53,159772.0,2222
04/05/2025,205,Retargeting - Viewed Product,686.07,136632.0,4686
04/06/2025,205,Retargeting - Viewed Product,923.73,108880.0,2327
04/07/2025,205,Retargeting - Viewed Product,750.4,85535.0,2762
04/08/2025,205,Retargeting - Viewed Product,656.25,105040.0,1402
04/09/2025,205,Retargeting - Viewed Product,1042.87,118169.0,1519
04/10/2025,205,Retargeting - Viewed Product,1063.63,205540.0,7687
04/11/2025,205,Retargeting - Viewed Product,741.53,135514.0,4425
04/12/2025,205,Retargeting - Viewed Product,813.24,146187.0,4453
04/13/2025,205,Retargeting - Viewed Product,930.9,124226.0,4556
04/14/2025,205,Retargeting - Viewed Product,618.64,65117.0,1849
04/15/2025,205,Retargeting - Viewed Product,873.66,132266.0,3159
04/16/2025,205,Retargeting - Viewed Product,677.01,122702.0,4870
04/17/2025,205,Retargeting - Viewed Product,696.82,112558.0,2942
04/18/2025,205,Retargeting - Viewed Product,746.42,128315.0,4201
04/19/2025,205,Retargeting - Viewed Product,785.09,94343.0,961
04/20/2025,205,Retargeting - Viewed Product,1039.96,112702.0,2147
04/21/2025,205,Retargeting - Viewed Product,883.08,128205.0,2077
04/22/2025,205,Retargeting - Viewed Product,1015.2,152651.0,2303
04/23/2025,205,Retargeting - Viewed Product,927.92,109916.0,3247
04/24/2025,205,Retargeting - Viewed Product,771.76,107693.0,3532
04/25/2025,205,Retargeting - Viewed Product,696.78,124561.0,3323
04/26/2025,205,Retargeting - Viewed Product,844.92,123181.0,4707
04/27/2025,205,Retargeting - Viewed Product,778.22,148682.0,5781
04/28/2025,205,Retargeting - Viewed Product,920.85,126245.0,1312
04/29/2025,205,Retargeting - Viewed Product,1042.31,193574.0,6167
04/30/2025,205,Retargeting - Viewed Product,684.65,108665.0,3277
05/01/2025,205,Retargeting - Viewed Product,604.3,84365.0,2670
05/02/2025,205,Retargeting - Viewed Product,714.68,81822.0,3045
05/03/2025,205,Retargeting - Viewed Product,1075.45,158275.0,3929
05/04/2025,205,Retargeting - Viewed Product,793.02,119343.0,1205
05/05/2025,205,Retargeting - Viewed Product,1085.09,155529.0,2659
05/06/2025,205,Retargeting - Viewed Product,1024.57,153861.0,3846
05/07/2025,205,Retargeting - Viewed Product,735.81,130559.0,4804
05/08/2025,205,Retargeting - Viewed Product,706.69,89457.0,2858
05/09/2025,205,Retargeting - Viewed Product,813.86,105961.0,2004
05/10/2025,205,Retargeting - Viewed Product,1115.15,139089.0,3833
05/11/2025,205,Retargeting - Viewed Product,605.98,72264.0,2427
05/12/2025,205,Retargeting - Viewed Product,988.23,155231.0,1943
05/13/2025,205,Retargeting - Viewed Product,1068.79,177408.0,6720
05/14/2025,205,Retargeting - Viewed Product,687.52,116989.0,1817
05/15/2025,205,Retargeting - Viewed Product,961.37,113517.0,2664
05/16/2025,205,Retargeting - Viewed Product,871.94,99782.0,2265
05/17/2025,205,Retargeting - Viewed Product,932.51,114183.0,2386
05/18/2025,205,Retargeting - Viewed Product,606.47,110249.0,3497
05/19/2025,205,Retargeting - Viewed Product,664.98,115473.0,3672
05/20/2025,205,Retargeting - Viewed Product,603.86,107330.0,1963
05/21/2025,205,Retargeting - Viewed Product,1008.91,155553.0,3640
05/22/2025,205,Retargeting - Viewed Product,1012.85,162627.0,4223
05/23/2025,205,Retargeting - Viewed Product,1079.43,201386.0,5441
05/24/2025,205,Retargeting - Viewed Product,937.23,148267.0,3400
05/25/2025,205,Retargeting - Viewed Product,730.37,134720.0,3340
05/26/2025,205,Retargeting - Viewed Product,903.36,104639.0,3322
05/27/2025,205,Retargeting - Viewed Product,685.72,123241.0,4236
05/28/2025,205,Retargeting - Viewed Product,760.12,148614.0,3300
05/29/2025,205,Retargeting - Viewed Product,899.69,98561.0,1197
05/30/2025,205,Retargeting - Viewed Product,916.25,160347.0,5696
05/31/2025,205,Retargeting - Viewed Product,1080.22,177777.0,6184
06/01/2025,205,Retargeting - Viewed Product,907.5,104102.0,2227
06/02/2025,205,Retargeting - Viewed Product,936.91,155795.0,5290
06/03/2025,205,Retargeting - Viewed Product,926.1,163371.0,2703
06/04/2025,205,Retargeting - Viewed Product,874.09,108035.0,1531
06/05/2025,205,Retargeting - Viewed Product,941.95,105543.0,3168
06/06/2025,205,Retargeting - Viewed Product,735.42,123814.0,2978
06/07/2025,205,Retargeting - Viewed Product,1040.61,113927.0,2757
06/08/2025,205,Retargeting - Viewed Product,823.47,,1973
06/09/2025,205,Retargeting - Viewed Product,781.83,126014.0,3394
06/10/2025,205,Retargeting - Viewed Product,720.89,143068.0,4683
06/11/2025,205,Retargeting - Viewed Product,657.82,110855.0,1518
06/12/2025,205,Retargeting - Viewed Product,615.24,72371.0,901
06/13/2025,205,Retargeting - Viewed Product,988.92,136836.0,1933
06/14/2025,205,Retargeting - Viewed Product,754.98,96255.0,1631
06/15/2025,205,Retargeting - Viewed Product,738.79,,2273
06/16/2025,205,Retargeting - Viewed Product,723.48,108058.0,2289
06/17/2025,205,Retargeting - Viewed Product,878.3,151387.0,2579
06/18/2025,205,Retargeting - Viewed Product,699.79,101978.0,2536
06/19/2025,205,Retargeting - Viewed Product,764.06,87007.0,2271
06/20/2025,205,Retargeting - Viewed Product,1000.22,155370.0,2781
06/21/2025,205,Retargeting - Viewed Product,1034.9,158398.0,4038
06/22/2025,205,Retargeting - Viewed Product,966.3,189772.0,4826
06/23/2025,205,Retargeting - Viewed Product,1058.07,119833.0,1413
06/24/2025,205,Retargeting - Viewed Product,728.54,138357.0,5314
06/25/2025,205,Retargeting - Viewed Product,723.68,84350.0,1989
06/26/2025,205,Retargeting - Viewed Product,812.94,104858.0,3032
06/27/2025,205,Retargeting - Viewed Product,884.6,133993.0,4809
06/28/2025,205,Retargeting - Viewed Product,1073.51,147394.0,5245
06/29/2025,205,Retargeting - Viewed Product,1061.52,106412.0,3096
06/30/2025,205,Retargeting - Viewed Product,811.07,114553.0,2699
07/01/2025,205,Retargeting - Viewed Product,627.71,76255.0,1568
07/02/2025,205,Retargeting - Viewed Product,862.07,103950.0,2036
07/03/2025,205,Retargeting - Viewed Product,1031.98,199438.0,4182
07/04/2025,205,Retargeting - Viewed Product,908.96,125566.0,3026
07/05/2025,205,Retargeting - Viewed Product,675.76,103225.0,2094
07/06/2025,205,Retargeting - Viewed Product,842.58,126859.0,4397
07/07/2025,205,Retargeting - Viewed Product,864.94,134223.0,2194
07/08/2025,205,Retargeting - Viewed Product,828.44,89646.0,3393
07/09/2025,205,Retargeting - Viewed Product,641.54,109366.0,2877
07/10/2025,205,Retargeting - Viewed Product,615.35,71457.0,1294
07/11/2025,205,Retargeting - Viewed Product,1081.27,133906.0,3325
07/12/2025,205,Retargeting - Viewed Product,788.28,124167.0,2236
07/13/2025,205,Retargeting - Viewed Product,725.63,81240.0,1930
07/14/2025,205,Retargeting - Viewed Product,692.95,131524.0,3271
07/15/2025,205,Retargeting - Viewed Product,918.79,127186.0,3872
07/16/2025,205,Retargeting - Viewed Product,990.19,159088.0,1616
07/17/2025,205,Retargeting - Viewed Product,739.2,120202.0,1527
07/18/2025,205,Retargeting - Viewed Product,970.53,151706.0,2699
07/19/2025,205,Retargeting - Viewed Product,678.85,93588.0,1992
07/20/2025,205,Retargeting - Viewed Product,856.71,86803.0,1082
07/21/2025,205,Retargeting - Viewed Product,627.26,74999.0,856
07/22/2025,205,Retargeting - Viewed Product,1092.81,216027.0,6308
07/23/2025,205,Retargeting - Viewed Product,786.43,106065.0,3293
07/24/2025,205,Retargeting - Viewed Product,913.79,131295.0,3268
07/25/2025,205,Retargeting - Viewed Product,1091.22,200793.0,7084
07/26/2025,205,Retargeting - Viewed Product,1007.17,110813.0,3596
07/27/2025,205,Retargeting - Viewed Product,733.66,130566.0,2786
07/28/2025,205,Retargeting - Viewed Product,1025.71,127133.0,1556
07/29/2025,205,Retargeting - Viewed Product,885.11,91770.0,2948
07/30/2025,205,Retargeting - Viewed Product,637.74,91353.0,3301
07/31/2025,205,Retargeting - Viewed Product,1113.71,198426.0,3079
08/01/2025,205,Retargeting - Viewed Product,782.91,126719.0,2087
08/02/2025,205,Retargeting - Viewed Product,883.04,130090.0,3764
08/03/2025,205,Retargeting - Viewed Product,841.03,168056.0,1839
08/04/2025,205,Retargeting - Viewed Product,1017.1,131563.0,3323
08/05/2025,205,Retargeting - Viewed Product,1066.07,153372.0,2084
08/06/2025,205,Retargeting - Viewed Product,801.13,124725.0,3573
08/07/2025,205,Retargeting - Viewed Product,1065.94,132819.0,2607
08/08/2025,205,Retargeting - Viewed Product,917.01,173098.0,4929
08/09/2025,205,Retargeting - Viewed Product,914.47,148736.0,2871
08/10/2025,205,Retargeting - Viewed Product,755.7,100109.0,1118
08/11/2025,205,Retargeting - Viewed Product,726.0,114567.0,2258
08/12/2025,205,Retargeting - Viewed Product,629.55,102721.0,2505
08/13/2025,205,Retargeting - Viewed Product,784.55,151380.0,4866
08/14/2025,205,Retargeting - Viewed Product,1054.32,126091.0,1762
08/15/2025,205,Retargeting - Viewed Product,882.11,127300.0,2494
08/16/2025,205,Retargeting - Viewed Product,746.22,135199.0,3499
08/17/2025,205,Retargeting - Viewed Product,676.4,96489.0,1432
08/18/2025,205,Retargeting - Viewed Product,857.38,140993.0,2225
08/19/2025,205,Retargeting - Viewed Product,965.31,117634.0,2825
08/20/2025,205,Retargeting - Viewed Product,1072.69,195013.0,3330
08/21/2025,205,Retargeting - Viewed Product,926.38,110994.0,2933
08/22/2025,205,Retargeting - Viewed Product,1039.79,113538.0,3208
08/23/2025,205,Retargeting - Viewed Product,908.95,104431.0,1963
08/24/2025,205,Retargeting - Viewed Product,1107.96,120666.0,1575
08/25/2025,205,Retargeting - Viewed Product,782.44,108835.0,2331
08/26/2025,205,Retargeting - Viewed Product,641.02,90752.0,3372
08/27/2025,205,Retargeting - Viewed Product,940.05,103785.0,3971
08/28/2025,205,Retargeting - Viewed Product,799.59,105855.0,1365
08/29/2025,205,Retargeting - Viewed Product,842.86,164684.0,5784
08/30/2025,205,Retargeting - Viewed Product,1061.63,148244.0,3030
08/31/2025,205,Retargeting - Viewed Product,847.88,162529.0,3129
09/01/2025,205,Retargeting - Viewed Product,1060.38,187419.0,4500
09/02/2025,205,Retargeting - Viewed Product,848.86,149381.0,5091
09/03/2025,205,Retargeting - Viewed Product,628.34,70941.0,2800
09/04/2025,205,Retargeting - Viewed Product,1039.92,175007.0,3137
09/05/2025,205,Retargeting - Viewed Product,606.54,103099.0,2738
09/06/2025,205,Retargeting - Viewed Product,871.73,140386.0,2935
09/07/2025,205,Retargeting - Viewed Product,612.57,111352.0,1597
09/08/2025,205,Retargeting - Viewed Product,1076.27,187260.0,5094
09/09/2025,205,Retargeting - Viewed Product,1059.22,130753.0,4799
09/10/2025,205,Retargeting - Viewed Product,1063.3,158171.0,5796
09/11/2025,205,Retargeting - Viewed Product,1046.18,146133.0,4953
09/12/2025,205,Retargeting - Viewed Product,885.37,152328.0,3798
09/13/2025,205,Retargeting - Viewed Product,1077.8,196360.0,7149
09/14/2025,205,Retargeting - Viewed Product,1048.21,119155.0,2362
09/15/2025,205,Retargeting - Viewed Product,1085.88,193434.0,6863
09/16/2025,205,Retargeting - Viewed Product,1052.18,111029.0,4163
09/17/2025,205,Retargeting - Viewed Product,707.24,96915.0,1101
09/18/2025,205,Retargeting - Viewed Product,1022.82,122790.0,4026
09/19/2025,205,Retargeting - Viewed Product,953.92,187599.0,2847
09/20/2025,205,Retargeting - Viewed Product,1085.04,141670.0,4849
09/21/2025,205,Retargeting - Viewed Product,959.97,113497.0,3238
09/22/2025,205,Retargeting - Viewed Product,972.28,153609.0,4188
09/23/2025,205,Retargeting - Viewed Product,1107.27,157674.0,3726
09/24/2025,205,Retargeting - Viewed Product,637.11,90166.0,2962
09/25/2025,205,Retargeting - Viewed Product,971.27,184637.0,2450
09/26/2025,205,Retargeting - Viewed Product,763.03,133193.0,1729
09/27/2025,205,Retargeting - Viewed Product,828.87,149867.0,3167
09/28/2025,205,Retargeting - Viewed Product,919.61,123285.0,4750
09/29/2025,205,Retargeting - Viewed Product,725.47,115092.0,3351
09/30/2025,205,Retargeting - Viewed Product,849.31,146818.0,5516
10/01/2025,205,Retargeting - Viewed Product,912.05,102549.0,1300
10/02/2025,205,Retargeting - Viewed Product,908.26,100633.0,1953
10/03/2025,205,Retargeting - Viewed Product,732.66,138546.0,5478
10/04/2025,205,Retargeting - Viewed Product,830.05,87844.0,1862
10/05/2025,205,Retargeting - Viewed Product,655.17,79839.0,1499
10/06/2025,205,Retargeting - Viewed Product,624.77,79968.0,815
10/07/2025,205,Retargeting - Viewed Product,759.93,110057.0,4179
10/08/2025,205,Retargeting - Viewed Product,604.29,113618.0,1265
10/09/2025,205,Retargeting - Viewed Product,1058.91,113853.0,3270
10/10/2025,205,Retargeting - Viewed Product,845.07,136026.0,3209
10/11/2025,205,Retargeting - Viewed Product,610.43,92583.0,2450
10/12/2025,205,Retargeting - Viewed Product,1080.16,163911.0,4831
10/13/2025,205,Retargeting - Viewed Product,768.57,131041.0,3286
10/14/2025,205,Retargeting - Viewed Product,691.94,132770.0,1812
10/15/2025,205,Retargeting - Viewed Product,884.58,92842.0,2259
10/16/2025,205,Retargeting - Viewed Product,915.9,129769.0,1915
10/17/2025,205,Retargeting - Viewed Product,603.68,65976.0,2589
10/18/2025,205,Retargeting - Viewed Product,625.27,124508.0,2263
10/19/2025,205,Retargeting - Viewed Product,638.87,85131.0,2948
10/20/2025,205,Retargeting - Viewed Product,1039.35,149023.0,2917
10/21/2025,205,Retargeting - Viewed Product,691.39,136762.0,1955
10/22/2025,205,Retargeting - Viewed Product,709.7,98860.0,3372
10/23/2025,205,Retargeting - Viewed Product,817.82,123357.0,2567
10/24/2025,205,Retargeting - Viewed Product,1013.96,175794.0,3167
10/25/2025,205,Retargeting - Viewed Product,756.28,129612.0,4969
10/26/2025,205,Retargeting - Viewed Product,891.82,103803.0,2818
10/27/2025,205,Retargeting - Viewed Product,785.21,155769.0,3560
10/28/2025,205,Retargeting - Viewed Product,763.7,80518.0,2325
10/29/2025,205,Retargeting - Viewed Product,822.58,93849.0,3693
10/30/2025,205,Retargeting - Viewed Product,901.33,96551.0,1679
10/31/2025,205,Retargeting - Viewed Product,667.74,117922.0,1259
11/01/2025,205,Retargeting - Viewed Product,1422.52,266253.0,3576
11/02/2025,205,Retargeting - Viewed Product,1107.83,166550.0,2438
11/03/2025,205,Retargeting - Viewed Product,1293.05,186268.0,2642
11/04/2025,205,Retargeting - Viewed Product,1252.07,156055.0,4704
11/05/2025,205,Retargeting - Viewed Product,986.31,152137.0,5773
11/06/2025,205,Retargeting - Viewed Product,1285.42,178297.0,3850
11/07/2025,205,Retargeting - Viewed Product,1246.01,248854.0,3229
11/08/2025,205,Retargeting - Viewed Product,1415.4,252501.0,8835
11/09/2025,205,Retargeting - Viewed Product,1169.61,232130.0,6044
11/10/2025,205,Retargeting - Viewed Product,1279.54,152662.0,2237
11/11/2025,205,Retargeting - Viewed Product,1300.36,169627.0,4994
11/12/2025,205,Retargeting - Viewed Product,1573.66,205940.0,5387
11/13/2025,205,Retargeting - Viewed Product,1222.6,199764.0,5630
11/14/2025,205,Retargeting - Viewed Product,1251.43,139729.0,4223
11/15/2025,205,Retargeting - Viewed Product,1446.88,203569.0,6417
11/16/2025,205,Retargeting - Viewed Product,1382.36,182068.0,2786
11/17/2025,205,Retargeting - Viewed Product,1493.03,176507.0,2136
11/18/2025,205,Retargeting - Viewed Product,989.48,169106.0,4963
11/19/2025,205,Retargeting - Viewed Product,944.49,144315.0,4287
11/20/2025,205,Retargeting - Viewed Product,1232.71,159097.0,3004
11/21/2025,205,Retargeting - Viewed Product,1371.1,203482.0,3922
11/22/2025,205,Retargeting - Viewed Product,1207.07,158749.0,4838
11/23/2025,205,Retargeting - Viewed Product,1428.83,267021.0,7991
11/24/2025,205,Retargeting - Viewed Product,1020.25,152357.0,5469
11/25/2025,205,Retargeting - Viewed Product,979.88,186818.0,5129
11/26/2025,205,Retargeting - Viewed Product,1232.38,138553.0,3609
11/27/2025,205,Retargeting - Viewed Product,1541.92,161819.0,2528
11/28/2025,205,Retargeting - Viewed Product,1607.3,314389.0,11817
11/29/2025,205,Retargeting - Viewed Product,1060.04,107204.0,2554
11/30/2025,205,Retargeting - Viewed Product,1623.96,199017.0,2938
12/01/2025,205,Retargeting - Viewed Product,1102.14,210487.0,7173
12/02/2025,205,Retargeting - Viewed Product,1083.39,202604.0,5110
12/03/2025,205,Retargeting - Viewed Product,1245.36,165812.0,4563
12/04/2025,205,Retargeting - Viewed Product,1249.67,248583.0,4702
12/05/2025,205,Retargeting - Viewed Product,1666.01,235559.0,4784
12/06/2025,205,Retargeting - Viewed Product,1342.4,243540.0,7075
12/07/2025,205,Retargeting - Viewed Product,1192.61,149969.0,5070
12/08/2025,205,Retargeting - Viewed Product,1190.76,232701.0,6908
12/09/2025,205,Retargeting - Viewed Product,1647.53,299615.0,10524
12/10/2025,205,Retargeting - Viewed Product,1265.86,163854.0,2710
12/11/2025,205,Retargeting - Viewed Product,912.72,141032.0,1426
12/12/2025,205,Retargeting - Viewed Product,1539.83,206504.0,5707
12/13/2025,205,Retargeting - Viewed Product,1470.47,199580.0,3699
12/14/2025,205,Retargeting - Viewed Product,906.46,101175.0,2356
12/15/2025,205,Retargeting - Viewed Product,1658.42,221317.0,4203
12/16/2025,205,Retargeting - Viewed Product,1499.01,168336.0,4561
12/17/2025,205,Retargeting - Viewed Product,1675.93,190014.0,3804
12/18/2025,205,Retargeting - Viewed Product,989.39,152244.0,2644
12/19/2025,205,Retargeting - Viewed Product,1184.58,,4937
12/20/2025,205,Retargeting - Viewed Product,1553.57,240426.0,7049
12/21/2025,205,Retargeting - Viewed Product,909.07,156446.0,5373
12/22/2025,205,Retargeting - Viewed Product,1138.34,213731.0,2651
12/23/2025,205,Retargeting - Viewed Product,1242.79,137927.0,2930
12/24/2025,205,Retargeting - Viewed Product,1431.05,188577.0,6155
12/25/2025,205,Retargeting - Viewed Product,1566.0,286898.0,10914
12/26/2025,205,Retargeting - Viewed Product,1330.06,145872.0,2029
12/27/2025,205,Retargeting - Viewed Product,918.92,122429.0,3573
12/28/2025,205,Retargeting - Viewed Product,1638.54,292185.0,8684
12/29/2025,205,Retargeting - Viewed Product,1629.34,279415.0,8052
12/30/2025,205,Retargeting - Viewed Product,1239.67,159192.0,6116
12/31/2025,205,Retargeting - Viewed Product,1207.47,155210.0,4841
01/01/2026,205,Retargeting - Viewed Product,889.08,100673.0,2734
01/02/2026,205,Retargeting - Viewed Product,806.31,159882.0,3591
01/03/2026,205,Retargeting - Viewed Product,628.09,112639.0,2102
01/04/2026,205,Retargeting - Viewed Product,657.95,116188.0,2289
01/05/2026,205,Retargeting - Viewed Product,751.21,147464.0,5542
01/06/2026,205,Retargeting - Viewed Product,691.03,124287.0,3612
01/07/2026,205,Retargeting - Viewed Product,759.67,109428.0,3605
01/08/2026,205,Retargeting - Viewed Product,879.03,171041.0,6762
01/09/2026,205,Retargeting - Viewed Product,897.84,146613.0,4724
01/10/2026,205,Retargeting - Viewed Product,751.1,122125.0,2690
01/11/2026,205,Retargeting - Viewed Product,802.85,127718.0,3217
01/12/2026,205,Retargeting - Viewed Product,709.86,123042.0,4517
01/13/2026,205,Retargeting - Viewed Product,897.59,146078.0,4022
01/14/2026,205,Retargeting - Viewed Product,944.11,179845.0,6722
01/15/2026,205,Retargeting - Viewed Product,571.92,111613.0,4445
01/16/2026,205,Retargeting - Viewed Product,714.18,111956.0,1190
01/17/2026,205,Retargeting - Viewed Product,835.56,105012.0,3965
01/18/2026,205,Retargeting - Viewed Product,838.02,108878.0,1664
01/19/2026,205,Retargeting - Viewed Product,859.52,100123.0,1140
01/20/2026,205,Retargeting - Viewed Product,661.07,108137.0,4241
01/21/2026,205,Retargeting - Viewed Product,593.7,83609.0,2850
01/22/2026,205,Retargeting - Viewed Product,566.27,89961.0,1970
01/23/2026,205,Retargeting - Viewed Product,927.81,168651.0,2129
01/24/2026,205,Retargeting - Viewed Product,606.25,95074.0,3431
01/25/2026,205,Retargeting - Viewed Product,679.24,67928.0,1067
01/26/2026,205,Retargeting - Viewed Product,830.34,111416.0,2769
01/27/2026,205,Retargeting - Viewed Product,852.04,111764.0,2739
01/28/2026,205,Retargeting - Viewed Product,537.04,106398.0,3490
01/29/2026,205,Retargeting - Viewed Product,554.55,71427.0,1148
01/30/2026,205,Retargeting - Viewed Product,656.33,111520.0,2130
01/31/2026,205,Retargeting - Viewed Product,549.75,75727.0,1625
02/01/2026,205,Retargeting - Viewed Product,700.26,138773.0,2694
02/02/2026,205,Retargeting - Viewed Product,707.66,105274.0,2891
02/03/2026,205,Retargeting - Viewed Product,561.3,64346.0,1561
02/04/2026,205,Retargeting - Viewed Product,756.17,83048.0,1737
02/05/2026,205,Retargeting - Viewed Product,827.6,,5582
02/06/2026,205,Retargeting - Viewed Product,878.88,158443.0,6119
02/07/2026,205,Retargeting - Viewed Product,587.38,66548.0,2438
02/08/2026,205,Retargeting - Viewed Product,613.42,101517.0,3975
02/09/2026,205,Retargeting - Viewed Product,790.64,145719.0,4086
02/10/2026,205,Retargeting - Viewed Product,877.04,165135.0,5399
02/11/2026,205,Retargeting - Viewed Product,624.12,88764.0,3189
02/12/2026,205,Retargeting - Viewed Product,547.18,81459.0,1445
02/13/2026,205,Retargeting - Viewed Product,944.42,177172.0,6852
02/14/2026,205,Retargeting - Viewed Product,873.32,127015.0,4335
02/15/2026,205,Retargeting - Viewed Product,551.68,81306.0,2752
02/16/2026,205,Retargeting - Viewed Product,602.73,102556.0,1912
02/17/2026,205,Retargeting - Viewed Product,777.66,116274.0,4389
02/18/2026,205,Retargeting - Viewed Product,765.28,129778.0,2024
02/19/2026,205,Retargeting - Viewed Product,752.06,125028.0,1692
02/20/2026,205,Retargeting - Viewed Product,881.15,113060.0,4363
02/21/2026,205,Retargeting - Viewed Product,538.6,88536.0,2038
02/22/2026,205,Retargeting - Viewed Product,676.97,74274.0,1317
02/23/2026,205,Retargeting - Viewed Product,612.01,114652.0,4376
02/24/2026,205,Retargeting - Viewed Product,914.37,115511.0,3119
02/25/2026,205,Retargeting - Viewed Product,939.71,107053.0,2182
02/26/2026,205,Retargeting - Viewed Product,625.92,87424.0,2286
02/27/2026,205,Retargeting - Viewed Product,543.59,75444.0,1448
02/28/2026,205,Retargeting - Viewed Product,657.69,123978.0,1964
03/01/2026,205,Retargeting - Viewed Product,727.26,114703.0,4144
03/02/2026,205,Retargeting - Viewed Product,973.3,184981.0,7066
03/03/2026,205,Retargeting - Viewed Product,708.36,105112.0,3511
03/04/2026,205,Retargeting - Viewed Product,967.04,148933.0,2214
03/05/2026,205,Retargeting - Viewed Product,898.03,126972.0,2545
03/06/2026,205,Retargeting - Viewed Product,848.26,111251.0,2077
03/07/2026,205,Retargeting - Viewed Product,883.04,97714.0,1995
03/08/2026,205,Retargeting - Viewed Product,989.01,183769.0,5525
03/09/2026,205,Retargeting - Viewed Product,877.99,161315.0,2718
03/10/2026,205,Retargeting - Viewed Product,796.15,96845.0,3481
03/11/2026,205,Retargeting - Viewed Product,964.05,169908.0,5633
03/12/2026,205,Retargeting - Viewed Product,730.86,99908.0,3372
03/13/2026,205,Retargeting - Viewed Product,623.86,101131.0,3476
03/14/2026,205,Retargeting - Viewed Product,1035.18,184155.0,5397
03/15/2026,205,Retargeting - Viewed Product,806.45,153878.0,1882
03/16/2026,205,Retargeting - Viewed Product,746.78,114689.0,2873
03/17/2026,205,Retargeting - Viewed Product,692.72,87017.0,3387
03/18/2026,205,Retargeting - Viewed Product,859.23,120907.0,3723
03/19/2026,205,Retargeting - Viewed Product,1103.0,141589.0,3646
03/20/2026,205,Retargeting - Viewed Product,759.21,148136.0,3873
03/21/2026,205,Retargeting - Viewed Product,1009.84,,1799
03/22/2026,205,Retargeting - Viewed Product,816.92,99363.0,3538
03/23/2026,205,Retargeting - Viewed Product,1113.34,185859.0,2583
03/24/2026,205,Retargeting - Viewed Product,647.45,91681.0,3438
03/25/2026,205,Retargeting - Viewed Product,725.2,123591.0,1522
03/26/2026,205,Retargeting - Viewed Product,1070.69,120969.0,2601
03/27/2026,205,Retargeting - Viewed Product,876.59,131874.0,4345
03/28/2026,205,Retargeting - Viewed Product,636.95,104428.0,3823
03/29/2026,205,Retargeting - Viewed Product,794.86,120274.0,1434
03/30/2026,205,Retargeting - Viewed Product,1108.97,200365.0,4839
03/31/2026,205,Retargeting - Viewed Product,834.03,88679.0,2302
04/01/2026,205,Retargeting - Viewed Product,751.42,119211.0,1836
04/02/2026,205,Retargeting - Viewed Product,608.73,93921.0,3720
04/03/2026,205,Retargeting - Viewed Product,703.63,71238.0,2724
04/04/2026,205,Retargeting - Viewed Product,1035.87,137526.0,2768
04/05/2026,205,Retargeting - Viewed Product,743.58,139319.0,4601
04/06/2026,205,Retargeting - Viewed Product,619.68,77476.0,2837
04/07/2026,205,Retargeting - Viewed Product,608.11,110318.0,3059
04/08/2026,205,Retargeting - Viewed Product,934.61,112221.0,2731
04/09/2026,205,Retargeting - Viewed Product,805.45,119260.0,3068
04/10/2026,205,Retargeting - Viewed Product,1024.84,172844.0,5294
04/11/2026,205,Retargeting - Viewed Product,804.31,116290.0,3059
04/12/2026,205,Retargeting - Viewed Product,993.79,125448.0,4838
04/13/2026,205,Retargeting - Viewed Product,917.55,126664.0,2937
04/14/2026,205,Retargeting - Viewed Product,957.89,188317.0,6749
04/15/2026,205,Retargeting - Viewed Product,619.64,99428.0,1770
04/16/2026,205,Retargeting - Viewed Product,1117.32,204905.0,6344
04/17/2026,205,Retargeting - Viewed Product,1074.89,156673.0,4222
04/18/2026,205,Retargeting - Viewed Product,1092.08,201372.0,3678
04/19/2026,205,Retargeting - Viewed Product,871.44,162981.0,5697
04/20/2026,205,Retargeting - Viewed Product,822.9,158866.0,4671
04/21/2026,205,Retargeting - Viewed Product,1113.13,169164.0,3375
04/22/2026,205,Retargeting - Viewed Product,663.8,117438.0,3564
04/23/2026,205,Retargeting - Viewed Product,843.83,105105.0,3506
04/24/2026,205,Retargeting - Viewed Product,759.46,136572.0,2225
04/25/2026,205,Retargeting - Viewed Product,713.61,134181.0,4349
04/26/2026,205,Retargeting - Viewed Product,816.12,94852.0,3262
04/27/2026,205,Retargeting - Viewed Product,755.96,110044.0,1266
04/28/2026,205,Retargeting - Viewed Product,644.5,73290.0,1153
04/29/2026,205,Retargeting - Viewed Product,1024.94,140783.0,1907
04/30/2026,205,Retargeting - Viewed Product,1094.06,214160.0,2417
05/01/2026,205,Retargeting - Viewed Product,781.09,119155.0,4611
05/02/2026,205,Retargeting - Viewed Product,808.96,81602.0,2514
05/03/2026,205,Retargeting - Viewed Product,870.04,153673.0,5756
05/04/2026,205,Retargeting - Viewed Product,652.21,91001.0,1476
05/05/2026,205,Retargeting - Viewed Product,856.53,89887.0,1737
05/06/2026,205,Retargeting - Viewed Product,1083.11,112850.0,1845
05/07/2026,205,Retargeting - Viewed Product,1100.61,147704.0,5486
05/08/2026,205,Retargeting - Viewed Product,773.1,129820.0,1785
05/09/2026,205,Retargeting - Viewed Product,853.6,132536.0,2012
05/10/2026,205,Retargeting - Viewed Product,618.87,84324.0,1774
05/11/2026,205,Retargeting - Viewed Product,894.12,176726.0,4402
05/12/2026,205,Retargeting - Viewed Product,612.29,72294.0,1521
05/13/2026,205,Retargeting - Viewed Product,693.24,133260.0,1865
05/14/2026,205,Retargeting - Viewed Product,686.6,105402.0,3702
05/15/2026,205,Retargeting - Viewed Product,848.5,151421.0,4677
05/16/2026,205,Retargeting - Viewed Product,1091.96,135694.0,4168
05/17/2026,205,Retargeting - Viewed Product,751.04,106433.0,2099
05/18/2026,205,Retargeting - Viewed Product,898.64,94441.0,1193
05/19/2026,205,Retargeting - Viewed Product,905.49,106475.0,3158
05/20/2026,205,Retargeting - Viewed Product,955.68,111749.0,2482
05/21/2026,205,Retargeting - Viewed Product,1083.98,185410.0,4238
05/22/2026,205,Retargeting - Viewed Product,605.76,67591.0,2683
05/23/2026,205,Retargeting - Viewed Product,1022.92,201516.0,3813
05/24/2026,205,Retargeting - Viewed Product,800.17,146432.0,4509
05/25/2026,205,Retargeting - Viewed Product,932.3,154855.0,5178
05/26/2026,205,Retargeting - Viewed Product,1020.35,109577.0,2410
05/27/2026,205,Retargeting - Viewed Product,636.15,86024.0,922
05/28/2026,205,Retargeting - Viewed Product,968.23,187153.0,2194
05/29/2026,205,Retargeting - Viewed Product,987.55,106061.0,1469
05/30/2026,205,Retargeting - Viewed Product,690.97,127341.0,2485
05/31/2026,205,Retargeting - Viewed Product,1026.59,121353.0,2703
06/01/2026,205,Retargeting - Viewed Product,821.22,159002.0,4580
06/02/2026,205,Retargeting - Viewed Product,786.39,88676.0,1334
06/03/2026,205,Retargeting - Viewed Product,617.25,,2697
06/04/2026,205,Retargeting - Viewed Product,877.54,122432.0,4882
06/05/2026,205,Retargeting - Viewed Product,1110.68,205157.0,2476
06/06/2026,205,Retargeting - Viewed Product,694.22,95249.0,1832
06/07/2026,205,Retargeting - Viewed Product,717.54,77880.0,1164
06/08/2026,205,Retargeting - Viewed Product,803.51,142282.0,1906
06/09/2026,205,Retargeting - Viewed Product,862.3,130910.0,3158
06/10/2026,205,Retargeting - Viewed Product,772.15,86416.0,2434
06/11/2026,205,Retargeting - Viewed Product,1025.69,149487.0,2372
06/12/2026,205,Retargeting - Viewed Product,1068.45,122343.0,4476
06/13/2026,205,Retargeting - Viewed Product,614.15,101551.0,2335
06/14/2026,205,Retargeting - Viewed Product,692.06,100197.0,3969
06/15/2026,205,Retargeting - Viewed Product,634.34,87329.0,2528
06/16/2026,205,Retargeting - Viewed Product,1042.12,175275.0,6140
06/17/2026,205,Retargeting - Viewed Product,912.93,93662.0,3216
06/18/2026,205,Retargeting - Viewed Product,715.94,109298.0,1959
06/19/2026,205,Retargeting - Viewed Product,932.39,152866.0,3875
06/20/2026,205,Retargeting - Viewed Product,933.7,99047.0,2795
06/21/2026,205,Retargeting - Viewed Product,1004.94,104883.0,1887
06/22/2026,205,Retargeting - Viewed Product,854.72,112507.0,1567
06/23/2026,205,Retargeting - Viewed Product,863.14,171814.0,1931
06/24/2026,205,Retargeting - Viewed Product,1009.57,121233.0,2038
06/25/2026,205,Retargeting - Viewed Product,637.06,126736.0,4255
06/26/2026,205,Retargeting - Viewed Product,712.84,110776.0,1308
06/27/2026,205,Retargeting - Viewed Product,972.89,157024.0,2655
06/28/2026,205,Retargeting - Viewed Product,713.19,118999.0,1484
06/29/2026,205,Retargeting - Viewed Product,1069.01,111389.0,2939
06/30/2026,205,Retargeting - Viewed Product,781.73,108138.0,4012
07/01/2026,205,Retargeting - Viewed Product,812.12,99343.0,3835
07/02/2026,205,Retargeting - Viewed Product,731.76,127217.0,3778
07/03/2026,205,Retargeting - Viewed Product,1007.56,,3501
07/04/2026,205,Retargeting - Viewed Product,1050.25,152326.0,6073
07/05/2026,205,Retargeting - Viewed Product,1045.37,173602.0,6719
07/06/2026,205,Retargeting - Viewed Product,983.23,110271.0,2690
07/07/2026,205,Retargeting - Viewed Product,1025.11,149697.0,3244
07/08/2026,205,Retargeting - Viewed Product,818.6,137812.0,4923
07/09/2026,205,Retargeting - Viewed Product,792.55,131323.0,2148
07/10/2026,205,Retargeting - Viewed Product,900.93,92783.0,1596
07/11/2026,205,Retargeting - Viewed Product,891.69,146280.0,5337
07/12/2026,205,Retargeting - Viewed Product,838.49,155133.0,1637
07/13/2026,205,Retargeting - Viewed Product,1029.87,127544.0,3347
07/14/2026,205,Retargeting - Viewed Product,919.47,139414.0,1713
07/15/2026,205,Retargeting - Viewed Product,620.15,110952.0,2898
07/16/2026,205,Retargeting - Viewed Product,784.45,92750.0,1558
07/17/2026,205,Retargeting - Viewed Product,1058.93,150357.0,3802
07/18/2026,205,Retargeting - Viewed Product,774.94,79701.0,1191
07/19/2026,205,Retargeting - Viewed Product,780.96,92995.0,2756
06/02/2025,205,Retargeting - Viewed Product,936.91,155795.0,5290
05/09/2026,205,Retargeting - Viewed Product,853.6,132536.0,2012
04/25/2025,204,Prospecting - Interests,1202.19,215556.0,4963
04/24/2025,201,Prospecting - Broad,567.81,85162.0,2606
12/17/2025,205,Retargeting - Viewed Product,1675.93,190014.0,3804
04/18/2025,203,Lookalike - Top Customers,924.18,96123.0,1935
03/25/2025,202,Retargeting - Cart Abandoners,1221.52,136993.0,2985
11/07/2024,205,Retargeting - Viewed Product,1478.23,268869.0,8932
06/28/2026,202,Retargeting - Cart Abandoners,1206.18,169004.0,2169
06/04/2026,201,Prospecting - Broad,508.33,71582.0,957
04/23/2026,203,Lookalike - Top Customers,674.96,106037.0,2303
02/09/2026,201,Prospecting - Broad,556.98,72957.0,730
11/23/2024,201,Prospecting - Broad,1209.7,191431.0,4742
03/22/2025,202,Retargeting - Cart Abandoners,1202.62,169500.0,6659
08/11/2025,204,Prospecting - Interests,1258.36,147098.0,3540
